year,month,day_of_week,hour,crime_count
2020,3,1,12,141
2020,3,1,13,115
2020,3,1,14,122
2020,3,1,15,154
2020,3,1,16,156
2020,3,1,17,163
2020,3,1,18,144
2020,3,1,19,149
2020,3,1,20,151
2020,3,1,21,143
2020,3,1,22,113
2020,3,1,23,111
2020,3,2,0,142
2020,3,2,1,77
2020,3,2,2,62
2020,3,2,3,54
2020,3,2,4,53
2020,3,2,5,38
2020,3,2,6,37
2020,3,2,7,66
2020,3,2,8,85
2020,3,2,9,135
2020,3,2,10,104
2020,3,2,11,112
2020,3,2,12,177
2020,3,2,13,136
2020,3,2,14,128
2020,3,2,15,157
2020,3,2,16,140
2020,3,2,17,136
2020,3,2,18,150
2020,3,2,19,144
2020,3,2,20,125
2020,3,2,21,104
2020,3,2,22,105
2020,3,2,23,85
2020,3,3,0,146
2020,3,3,1,64
2020,3,3,2,49
2020,3,3,3,48
2020,3,3,4,35
2020,3,3,5,40
2020,3,3,6,41
2020,3,3,7,56
2020,3,3,8,75
2020,3,3,9,128
2020,3,3,10,117
2020,3,3,11,138
2020,3,3,12,178
2020,3,3,13,131
2020,3,3,14,149
2020,3,3,15,149
2020,3,3,16,170
2020,3,3,17,124
2020,3,3,18,157
2020,3,3,19,129
2020,3,3,20,147
2020,3,3,21,123
2020,3,3,22,108
2020,3,3,23,91
2020,3,4,0,104
2020,3,4,1,57
2020,3,4,2,55
2020,3,4,3,43
2020,3,4,4,28
2020,3,4,5,32
2020,3,4,6,33
2020,3,4,7,63
2020,3,4,8,69
2020,3,4,9,102
2020,3,4,10,102
2020,3,4,11,106
2020,3,4,12,147
2020,3,4,13,101
2020,3,4,14,114
2020,3,4,15,118
2020,3,4,16,143
2020,3,4,17,124
2020,3,4,18,136
2020,3,4,19,126
2020,3,4,20,106
2020,3,4,21,102
2020,3,4,22,94
2020,3,4,23,78
2020,3,5,0,98
2020,3,5,1,59
2020,3,5,2,47
2020,3,5,3,48
2020,3,5,4,45
2020,3,5,5,41
2020,3,5,6,25
2020,3,5,7,46
2020,3,5,8,75
2020,3,5,9,84
2020,3,5,10,122
2020,3,5,11,99
2020,3,5,12,126
2020,3,5,13,118
2020,3,5,14,117
2020,3,5,15,104
2020,3,5,16,149
2020,3,5,17,129
2020,3,5,18,127
2020,3,5,19,102
2020,3,5,20,94
2020,3,5,21,84
2020,3,5,22,94
2020,3,5,23,88
2020,3,6,0,103
2020,3,6,1,59
2020,3,6,2,58
2020,3,6,3,48
2020,3,6,4,33
2020,3,6,5,36
2020,3,6,6,21
2020,3,6,7,43
2020,3,6,8,103
2020,3,6,9,98
2020,3,6,10,116
2020,3,6,11,105
2020,3,6,12,163
2020,3,6,13,121
2020,3,6,14,138
2020,3,6,15,143
2020,3,6,16,133
2020,3,6,17,120
2020,3,6,18,135
2020,3,6,19,111
2020,3,6,20,121
2020,3,6,21,106
2020,3,6,22,103
2020,3,6,23,94
2020,3,7,0,105
2020,3,7,1,82
2020,3,7,2,70
2020,3,7,3,61
2020,3,7,4,64
2020,3,7,5,35
2020,3,7,6,27
2020,3,7,7,33
2020,3,7,8,44
2020,3,7,9,92
2020,3,7,10,92
2020,3,7,11,98
2020,3,7,12,111
2020,3,7,13,99
2020,3,7,14,116
2020,3,7,15,138
2020,3,7,16,113
2020,3,7,17,111
2020,3,7,18,129
2020,3,7,19,100
2020,3,7,20,112
2020,3,7,21,98
2020,3,7,22,86
2020,3,7,23,102
2020,4,1,0,93
2020,4,1,1,61
2020,4,1,2,66
2020,4,1,3,49
2020,4,1,4,43
2020,4,1,5,25
2020,4,1,6,23
2020,4,1,7,28
2020,4,1,8,38
2020,4,1,9,67
2020,4,1,10,50
2020,4,1,11,57
2020,4,1,12,91
2020,4,1,13,72
2020,4,1,14,75
2020,4,1,15,86
2020,4,1,16,83
2020,4,1,17,79
2020,4,1,18,85
2020,4,1,19,79
2020,4,1,20,88
2020,4,1,21,83
2020,4,1,22,69
2020,4,1,23,70
2020,4,2,0,106
2020,4,2,1,56
2020,4,2,2,42
2020,4,2,3,42
2020,4,2,4,29
2020,4,2,5,22
2020,4,2,6,26
2020,4,2,7,30
2020,4,2,8,50
2020,4,2,9,78
2020,4,2,10,94
2020,4,2,11,79
2020,4,2,12,129
2020,4,2,13,97
2020,4,2,14,80
2020,4,2,15,111
2020,4,2,16,88
2020,4,2,17,98
2020,4,2,18,85
2020,4,2,19,108
2020,4,2,20,75
2020,4,2,21,77
2020,4,2,22,86
2020,4,2,23,64
2020,4,3,0,96
2020,4,3,1,46
2020,4,3,2,51
2020,4,3,3,29
2020,4,3,4,29
2020,4,3,5,31
2020,4,3,6,18
2020,4,3,7,32
2020,4,3,8,42
2020,4,3,9,69
2020,4,3,10,100
2020,4,3,11,94
2020,4,3,12,125
2020,4,3,13,76
2020,4,3,14,97
2020,4,3,15,99
2020,4,3,16,92
2020,4,3,17,110
2020,4,3,18,101
2020,4,3,19,69
2020,4,3,20,96
2020,4,3,21,59
2020,4,3,22,80
2020,4,3,23,70
2020,4,4,0,175
2020,4,4,1,67
2020,4,4,2,53
2020,4,4,3,59
2020,4,4,4,38
2020,4,4,5,35
2020,4,4,6,36
2020,4,4,7,54
2020,4,4,8,77
2020,4,4,9,104
2020,4,4,10,87
2020,4,4,11,89
2020,4,4,12,170
2020,4,4,13,110
2020,4,4,14,111
2020,4,4,15,149
2020,4,4,16,122
2020,4,4,17,105
2020,4,4,18,100
2020,4,4,19,118
2020,4,4,20,96
2020,4,4,21,84
2020,4,4,22,102
2020,4,4,23,110
2020,4,5,0,135
2020,4,5,1,67
2020,4,5,2,56
2020,4,5,3,37
2020,4,5,4,28
2020,4,5,5,30
2020,4,5,6,35
2020,4,5,7,48
2020,4,5,8,55
2020,4,5,9,95
2020,4,5,10,88
2020,4,5,11,85
2020,4,5,12,134
2020,4,5,13,117
2020,4,5,14,110
2020,4,5,15,125
2020,4,5,16,110
2020,4,5,17,106
2020,4,5,18,123
2020,4,5,19,97
2020,4,5,20,111
2020,4,5,21,104
2020,4,5,22,102
2020,4,5,23,77
2020,4,6,0,93
2020,4,6,1,51
2020,4,6,2,39
2020,4,6,3,40
2020,4,6,4,31
2020,4,6,5,36
2020,4,6,6,27
2020,4,6,7,35
2020,4,6,8,64
2020,4,6,9,88
2020,4,6,10,91
2020,4,6,11,73
2020,4,6,12,114
2020,4,6,13,92
2020,4,6,14,94
2020,4,6,15,86
2020,4,6,16,105
2020,4,6,17,100
2020,4,6,18,84
2020,4,6,19,90
2020,4,6,20,94
2020,4,6,21,78
2020,4,6,22,110
2020,4,6,23,85
2020,4,7,0,108
2020,4,7,1,73
2020,4,7,2,56
2020,4,7,3,54
2020,4,7,4,43
2020,4,7,5,27
2020,4,7,6,27
2020,4,7,7,29
2020,4,7,8,47
2020,4,7,9,70
2020,4,7,10,60
2020,4,7,11,91
2020,4,7,12,121
2020,4,7,13,89
2020,4,7,14,88
2020,4,7,15,92
2020,4,7,16,82
2020,4,7,17,91
2020,4,7,18,88
2020,4,7,19,98
2020,4,7,20,92
2020,4,7,21,82
2020,4,7,22,75
2020,4,7,23,81
2020,5,1,0,280
2020,5,1,1,173
2020,5,1,2,167
2020,5,1,3,116
2020,5,1,4,93
2020,5,1,5,58
2020,5,1,6,50
2020,5,1,7,52
2020,5,1,8,76
2020,5,1,9,107
2020,5,1,10,134
2020,5,1,11,125
2020,5,1,12,189
2020,5,1,13,171
2020,5,1,14,181
2020,5,1,15,249
2020,5,1,16,261
2020,5,1,17,194
2020,5,1,18,197
2020,5,1,19,189
2020,5,1,20,196
2020,5,1,21,216
2020,5,1,22,193
2020,5,1,23,202
2020,5,2,0,123
2020,5,2,1,81
2020,5,2,2,67
2020,5,2,3,39
2020,5,2,4,35
2020,5,2,5,31
2020,5,2,6,34
2020,5,2,7,40
2020,5,2,8,72
2020,5,2,9,98
2020,5,2,10,86
2020,5,2,11,93
2020,5,2,12,146
2020,5,2,13,83
2020,5,2,14,116
2020,5,2,15,104
2020,5,2,16,113
2020,5,2,17,106
2020,5,2,18,96
2020,5,2,19,81
2020,5,2,20,106
2020,5,2,21,110
2020,5,2,22,95
2020,5,2,23,81
2020,5,3,0,100
2020,5,3,1,64
2020,5,3,2,60
2020,5,3,3,50
2020,5,3,4,35
2020,5,3,5,25
2020,5,3,6,32
2020,5,3,7,39
2020,5,3,8,53
2020,5,3,9,93
2020,5,3,10,102
2020,5,3,11,94
2020,5,3,12,123
2020,5,3,13,90
2020,5,3,14,105
2020,5,3,15,119
2020,5,3,16,97
2020,5,3,17,118
2020,5,3,18,109
2020,5,3,19,87
2020,5,3,20,95
2020,5,3,21,82
2020,5,3,22,105
2020,5,3,23,74
2020,5,4,0,113
2020,5,4,1,63
2020,5,4,2,36
2020,5,4,3,51
2020,5,4,4,35
2020,5,4,5,24
2020,5,4,6,25
2020,5,4,7,42
2020,5,4,8,56
2020,5,4,9,108
2020,5,4,10,88
2020,5,4,11,100
2020,5,4,12,114
2020,5,4,13,132
2020,5,4,14,132
2020,5,4,15,92
2020,5,4,16,125
2020,5,4,17,111
2020,5,4,18,139
2020,5,4,19,122
2020,5,4,20,102
2020,5,4,21,80
2020,5,4,22,119
2020,5,4,23,84
2020,5,5,0,108
2020,5,5,1,52
2020,5,5,2,51
2020,5,5,3,46
2020,5,5,4,35
2020,5,5,5,36
2020,5,5,6,34
2020,5,5,7,40
2020,5,5,8,54
2020,5,5,9,89
2020,5,5,10,78
2020,5,5,11,85
2020,5,5,12,114
2020,5,5,13,107
2020,5,5,14,87
2020,5,5,15,125
2020,5,5,16,111
2020,5,5,17,108
2020,5,5,18,100
2020,5,5,19,109
2020,5,5,20,95
2020,5,5,21,101
2020,5,5,22,97
2020,5,5,23,75
2020,5,6,0,181
2020,5,6,1,82
2020,5,6,2,54
2020,5,6,3,59
2020,5,6,4,37
2020,5,6,5,34
2020,5,6,6,34
2020,5,6,7,65
2020,5,6,8,81
2020,5,6,9,114
2020,5,6,10,122
2020,5,6,11,121
2020,5,6,12,190
2020,5,6,13,113
2020,5,6,14,129
2020,5,6,15,146
2020,5,6,16,143
2020,5,6,17,158
2020,5,6,18,148
2020,5,6,19,129
2020,5,6,20,132
2020,5,6,21,143
2020,5,6,22,153
2020,5,6,23,132
2020,5,7,0,168
2020,5,7,1,89
2020,5,7,2,91
2020,5,7,3,81
2020,5,7,4,82
2020,5,7,5,57
2020,5,7,6,43
2020,5,7,7,49
2020,5,7,8,63
2020,5,7,9,95
2020,5,7,10,111
2020,5,7,11,137
2020,5,7,12,176
2020,5,7,13,127
2020,5,7,14,139
2020,5,7,15,154
2020,5,7,16,146
2020,5,7,17,126
2020,5,7,18,163
2020,5,7,19,158
2020,5,7,20,185
2020,5,7,21,191
2020,5,7,22,204
2020,5,7,23,176
2020,6,1,0,147
2020,6,1,1,97
2020,6,1,2,82
2020,6,1,3,83
2020,6,1,4,66
2020,6,1,5,58
2020,6,1,6,36
2020,6,1,7,47
2020,6,1,8,60
2020,6,1,9,87
2020,6,1,10,89
2020,6,1,11,91
2020,6,1,12,108
2020,6,1,13,87
2020,6,1,14,94
2020,6,1,15,103
2020,6,1,16,113
2020,6,1,17,115
2020,6,1,18,126
2020,6,1,19,118
2020,6,1,20,135
2020,6,1,21,122
2020,6,1,22,148
2020,6,1,23,105
2020,6,2,0,283
2020,6,2,1,136
2020,6,2,2,116
2020,6,2,3,98
2020,6,2,4,58
2020,6,2,5,61
2020,6,2,6,66
2020,6,2,7,63
2020,6,2,8,102
2020,6,2,9,154
2020,6,2,10,130
2020,6,2,11,125
2020,6,2,12,216
2020,6,2,13,148
2020,6,2,14,137
2020,6,2,15,148
2020,6,2,16,184
2020,6,2,17,151
2020,6,2,18,162
2020,6,2,19,135
2020,6,2,20,147
2020,6,2,21,138
2020,6,2,22,167
2020,6,2,23,148
2020,6,3,0,183
2020,6,3,1,90
2020,6,3,2,66
2020,6,3,3,74
2020,6,3,4,55
2020,6,3,5,42
2020,6,3,6,56
2020,6,3,7,71
2020,6,3,8,62
2020,6,3,9,122
2020,6,3,10,128
2020,6,3,11,115
2020,6,3,12,189
2020,6,3,13,138
2020,6,3,14,148
2020,6,3,15,140
2020,6,3,16,146
2020,6,3,17,158
2020,6,3,18,154
2020,6,3,19,141
2020,6,3,20,155
2020,6,3,21,163
2020,6,3,22,160
2020,6,3,23,125
2020,6,4,0,150
2020,6,4,1,81
2020,6,4,2,61
2020,6,4,3,53
2020,6,4,4,55
2020,6,4,5,37
2020,6,4,6,46
2020,6,4,7,40
2020,6,4,8,87
2020,6,4,9,108
2020,6,4,10,104
2020,6,4,11,101
2020,6,4,12,142
2020,6,4,13,105
2020,6,4,14,114
2020,6,4,15,123
2020,6,4,16,107
2020,6,4,17,110
2020,6,4,18,133
2020,6,4,19,115
2020,6,4,20,138
2020,6,4,21,93
2020,6,4,22,131
2020,6,4,23,77
2020,6,5,0,133
2020,6,5,1,77
2020,6,5,2,73
2020,6,5,3,52
2020,6,5,4,38
2020,6,5,5,32
2020,6,5,6,42
2020,6,5,7,46
2020,6,5,8,80
2020,6,5,9,88
2020,6,5,10,105
2020,6,5,11,123
2020,6,5,12,137
2020,6,5,13,101
2020,6,5,14,117
2020,6,5,15,122
2020,6,5,16,117
2020,6,5,17,102
2020,6,5,18,105
2020,6,5,19,124
2020,6,5,20,134
2020,6,5,21,131
2020,6,5,22,123
2020,6,5,23,96
2020,6,6,0,159
2020,6,6,1,99
2020,6,6,2,64
2020,6,6,3,66
2020,6,6,4,37
2020,6,6,5,39
2020,6,6,6,45
2020,6,6,7,53
2020,6,6,8,64
2020,6,6,9,93
2020,6,6,10,105
2020,6,6,11,85
2020,6,6,12,138
2020,6,6,13,112
2020,6,6,14,114
2020,6,6,15,128
2020,6,6,16,128
2020,6,6,17,119
2020,6,6,18,109
2020,6,6,19,118
2020,6,6,20,120
2020,6,6,21,111
2020,6,6,22,123
2020,6,6,23,83
2020,6,7,0,147
2020,6,7,1,91
2020,6,7,2,93
2020,6,7,3,65
2020,6,7,4,66
2020,6,7,5,46
2020,6,7,6,38
2020,6,7,7,47
2020,6,7,8,64
2020,6,7,9,90
2020,6,7,10,71
2020,6,7,11,124
2020,6,7,12,131
2020,6,7,13,87
2020,6,7,14,116
2020,6,7,15,113
2020,6,7,16,100
2020,6,7,17,133
2020,6,7,18,122
2020,6,7,19,96
2020,6,7,20,106
2020,6,7,21,104
2020,6,7,22,121
2020,6,7,23,99
2020,7,1,0,186
2020,7,1,1,144
2020,7,1,2,115
2020,7,1,3,98
2020,7,1,4,96
2020,7,1,5,70
2020,7,1,6,57
2020,7,1,7,50
2020,7,1,8,59
2020,7,1,9,83
2020,7,1,10,100
2020,7,1,11,116
2020,7,1,12,145
2020,7,1,13,100
2020,7,1,14,106
2020,7,1,15,109
2020,7,1,16,117
2020,7,1,17,97
2020,7,1,18,106
2020,7,1,19,143
2020,7,1,20,125
2020,7,1,21,143
2020,7,1,22,134
2020,7,1,23,112
2020,7,2,0,158
2020,7,2,1,72
2020,7,2,2,70
2020,7,2,3,69
2020,7,2,4,43
2020,7,2,5,39
2020,7,2,6,38
2020,7,2,7,52
2020,7,2,8,75
2020,7,2,9,115
2020,7,2,10,118
2020,7,2,11,123
2020,7,2,12,134
2020,7,2,13,92
2020,7,2,14,142
2020,7,2,15,141
2020,7,2,16,163
2020,7,2,17,153
2020,7,2,18,143
2020,7,2,19,133
2020,7,2,20,148
2020,7,2,21,109
2020,7,2,22,109
2020,7,2,23,131
2020,7,3,0,108
2020,7,3,1,71
2020,7,3,2,57
2020,7,3,3,58
2020,7,3,4,57
2020,7,3,5,42
2020,7,3,6,42
2020,7,3,7,58
2020,7,3,8,80
2020,7,3,9,111
2020,7,3,10,130
2020,7,3,11,122
2020,7,3,12,147
2020,7,3,13,120
2020,7,3,14,127
2020,7,3,15,113
2020,7,3,16,118
2020,7,3,17,130
2020,7,3,18,116
2020,7,3,19,110
2020,7,3,20,151
2020,7,3,21,107
2020,7,3,22,149
2020,7,3,23,98
2020,7,4,0,219
2020,7,4,1,90
2020,7,4,2,70
2020,7,4,3,68
2020,7,4,4,48
2020,7,4,5,44
2020,7,4,6,37
2020,7,4,7,64
2020,7,4,8,108
2020,7,4,9,141
2020,7,4,10,127
2020,7,4,11,150
2020,7,4,12,186
2020,7,4,13,151
2020,7,4,14,145
2020,7,4,15,154
2020,7,4,16,177
2020,7,4,17,153
2020,7,4,18,168
2020,7,4,19,186
2020,7,4,20,154
2020,7,4,21,170
2020,7,4,22,157
2020,7,4,23,138
2020,7,5,0,173
2020,7,5,1,89
2020,7,5,2,80
2020,7,5,3,80
2020,7,5,4,53
2020,7,5,5,51
2020,7,5,6,42
2020,7,5,7,58
2020,7,5,8,93
2020,7,5,9,149
2020,7,5,10,116
2020,7,5,11,126
2020,7,5,12,175
2020,7,5,13,147
2020,7,5,14,153
2020,7,5,15,153
2020,7,5,16,181
2020,7,5,17,129
2020,7,5,18,161
2020,7,5,19,159
2020,7,5,20,144
2020,7,5,21,154
2020,7,5,22,182
2020,7,5,23,122
2020,7,6,0,202
2020,7,6,1,100
2020,7,6,2,82
2020,7,6,3,75
2020,7,6,4,61
2020,7,6,5,45
2020,7,6,6,53
2020,7,6,7,70
2020,7,6,8,101
2020,7,6,9,132
2020,7,6,10,159
2020,7,6,11,129
2020,7,6,12,186
2020,7,6,13,153
2020,7,6,14,173
2020,7,6,15,181
2020,7,6,16,175
2020,7,6,17,194
2020,7,6,18,164
2020,7,6,19,170
2020,7,6,20,183
2020,7,6,21,163
2020,7,6,22,167
2020,7,6,23,164
2020,7,7,0,174
2020,7,7,1,119
2020,7,7,2,113
2020,7,7,3,104
2020,7,7,4,73
2020,7,7,5,69
2020,7,7,6,48
2020,7,7,7,61
2020,7,7,8,68
2020,7,7,9,92
2020,7,7,10,95
2020,7,7,11,100
2020,7,7,12,128
2020,7,7,13,107
2020,7,7,14,111
2020,7,7,15,121
2020,7,7,16,130
2020,7,7,17,131
2020,7,7,18,133
2020,7,7,19,114
2020,7,7,20,140
2020,7,7,21,145
2020,7,7,22,151
2020,7,7,23,148
2020,8,1,0,196
2020,8,1,1,139
2020,8,1,2,137
2020,8,1,3,119
2020,8,1,4,94
2020,8,1,5,66
2020,8,1,6,68
2020,8,1,7,55
2020,8,1,8,87
2020,8,1,9,118
2020,8,1,10,116
2020,8,1,11,125
2020,8,1,12,159
2020,8,1,13,132
2020,8,1,14,157
2020,8,1,15,131
2020,8,1,16,150
2020,8,1,17,169
2020,8,1,18,154
2020,8,1,19,155
2020,8,1,20,181
2020,8,1,21,172
2020,8,1,22,166
2020,8,1,23,134
2020,8,2,0,201
2020,8,2,1,181
2020,8,2,2,169
2020,8,2,3,140
2020,8,2,4,105
2020,8,2,5,74
2020,8,2,6,66
2020,8,2,7,89
2020,8,2,8,115
2020,8,2,9,144
2020,8,2,10,142
2020,8,2,11,125
2020,8,2,12,191
2020,8,2,13,150
2020,8,2,14,158
2020,8,2,15,175
2020,8,2,16,146
2020,8,2,17,155
2020,8,2,18,169
2020,8,2,19,183
2020,8,2,20,177
2020,8,2,21,171
2020,8,2,22,192
2020,8,2,23,116
2020,8,3,0,133
2020,8,3,1,71
2020,8,3,2,65
2020,8,3,3,48
2020,8,3,4,44
2020,8,3,5,28
2020,8,3,6,31
2020,8,3,7,63
2020,8,3,8,85
2020,8,3,9,104
2020,8,3,10,138
2020,8,3,11,102
2020,8,3,12,146
2020,8,3,13,120
2020,8,3,14,125
2020,8,3,15,126
2020,8,3,16,111
2020,8,3,17,124
2020,8,3,18,152
2020,8,3,19,102
2020,8,3,20,126
2020,8,3,21,128
2020,8,3,22,118
2020,8,3,23,108
2020,8,4,0,137
2020,8,4,1,70
2020,8,4,2,62
2020,8,4,3,54
2020,8,4,4,46
2020,8,4,5,32
2020,8,4,6,42
2020,8,4,7,48
2020,8,4,8,61
2020,8,4,9,103
2020,8,4,10,111
2020,8,4,11,124
2020,8,4,12,162
2020,8,4,13,110
2020,8,4,14,122
2020,8,4,15,116
2020,8,4,16,140
2020,8,4,17,134
2020,8,4,18,136
2020,8,4,19,128
2020,8,4,20,147
2020,8,4,21,142
2020,8,4,22,121
2020,8,4,23,111
2020,8,5,0,137
2020,8,5,1,66
2020,8,5,2,65
2020,8,5,3,38
2020,8,5,4,49
2020,8,5,5,43
2020,8,5,6,46
2020,8,5,7,70
2020,8,5,8,92
2020,8,5,9,113
2020,8,5,10,123
2020,8,5,11,114
2020,8,5,12,137
2020,8,5,13,127
2020,8,5,14,130
2020,8,5,15,130
2020,8,5,16,123
2020,8,5,17,147
2020,8,5,18,132
2020,8,5,19,107
2020,8,5,20,151
2020,8,5,21,126
2020,8,5,22,116
2020,8,5,23,100
2020,8,6,0,153
2020,8,6,1,94
2020,8,6,2,64
2020,8,6,3,54
2020,8,6,4,40
2020,8,6,5,42
2020,8,6,6,40
2020,8,6,7,41
2020,8,6,8,79
2020,8,6,9,101
2020,8,6,10,125
2020,8,6,11,123
2020,8,6,12,141
2020,8,6,13,113
2020,8,6,14,128
2020,8,6,15,133
2020,8,6,16,149
2020,8,6,17,139
2020,8,6,18,126
2020,8,6,19,126
2020,8,6,20,137
2020,8,6,21,150
2020,8,6,22,143
2020,8,6,23,124
2020,8,7,0,235
2020,8,7,1,136
2020,8,7,2,135
2020,8,7,3,105
2020,8,7,4,83
2020,8,7,5,71
2020,8,7,6,79
2020,8,7,7,60
2020,8,7,8,95
2020,8,7,9,142
2020,8,7,10,122
2020,8,7,11,126
2020,8,7,12,199
2020,8,7,13,152
2020,8,7,14,134
2020,8,7,15,142
2020,8,7,16,155
2020,8,7,17,151
2020,8,7,18,161
2020,8,7,19,153
2020,8,7,20,136
2020,8,7,21,168
2020,8,7,22,173
2020,8,7,23,180
2020,9,1,0,166
2020,9,1,1,97
2020,9,1,2,113
2020,9,1,3,81
2020,9,1,4,75
2020,9,1,5,49
2020,9,1,6,45
2020,9,1,7,45
2020,9,1,8,59
2020,9,1,9,87
2020,9,1,10,79
2020,9,1,11,108
2020,9,1,12,134
2020,9,1,13,118
2020,9,1,14,92
2020,9,1,15,109
2020,9,1,16,121
2020,9,1,17,137
2020,9,1,18,114
2020,9,1,19,124
2020,9,1,20,147
2020,9,1,21,145
2020,9,1,22,126
2020,9,1,23,117
2020,9,2,0,130
2020,9,2,1,90
2020,9,2,2,53
2020,9,2,3,44
2020,9,2,4,62
2020,9,2,5,39
2020,9,2,6,40
2020,9,2,7,49
2020,9,2,8,67
2020,9,2,9,95
2020,9,2,10,112
2020,9,2,11,101
2020,9,2,12,143
2020,9,2,13,111
2020,9,2,14,115
2020,9,2,15,125
2020,9,2,16,116
2020,9,2,17,115
2020,9,2,18,146
2020,9,2,19,116
2020,9,2,20,125
2020,9,2,21,128
2020,9,2,22,115
2020,9,2,23,75
2020,9,3,0,210
2020,9,3,1,77
2020,9,3,2,67
2020,9,3,3,41
2020,9,3,4,52
2020,9,3,5,40
2020,9,3,6,42
2020,9,3,7,77
2020,9,3,8,91
2020,9,3,9,137
2020,9,3,10,127
2020,9,3,11,144
2020,9,3,12,178
2020,9,3,13,139
2020,9,3,14,143
2020,9,3,15,157
2020,9,3,16,152
2020,9,3,17,166
2020,9,3,18,152
2020,9,3,19,153
2020,9,3,20,170
2020,9,3,21,141
2020,9,3,22,122
2020,9,3,23,116
2020,9,4,0,158
2020,9,4,1,99
2020,9,4,2,53
2020,9,4,3,51
2020,9,4,4,33
2020,9,4,5,44
2020,9,4,6,47
2020,9,4,7,78
2020,9,4,8,92
2020,9,4,9,125
2020,9,4,10,148
2020,9,4,11,135
2020,9,4,12,169
2020,9,4,13,158
2020,9,4,14,142
2020,9,4,15,158
2020,9,4,16,167
2020,9,4,17,176
2020,9,4,18,182
2020,9,4,19,143
2020,9,4,20,176
2020,9,4,21,154
2020,9,4,22,156
2020,9,4,23,120
2020,9,5,0,118
2020,9,5,1,66
2020,9,5,2,64
2020,9,5,3,54
2020,9,5,4,42
2020,9,5,5,47
2020,9,5,6,38
2020,9,5,7,48
2020,9,5,8,83
2020,9,5,9,112
2020,9,5,10,114
2020,9,5,11,109
2020,9,5,12,118
2020,9,5,13,123
2020,9,5,14,115
2020,9,5,15,115
2020,9,5,16,137
2020,9,5,17,119
2020,9,5,18,110
2020,9,5,19,110
2020,9,5,20,123
2020,9,5,21,102
2020,9,5,22,106
2020,9,5,23,75
2020,9,6,0,116
2020,9,6,1,72
2020,9,6,2,45
2020,9,6,3,57
2020,9,6,4,37
2020,9,6,5,40
2020,9,6,6,48
2020,9,6,7,60
2020,9,6,8,77
2020,9,6,9,116
2020,9,6,10,125
2020,9,6,11,119
2020,9,6,12,153
2020,9,6,13,127
2020,9,6,14,126
2020,9,6,15,131
2020,9,6,16,116
2020,9,6,17,161
2020,9,6,18,135
2020,9,6,19,158
2020,9,6,20,142
2020,9,6,21,148
2020,9,6,22,129
2020,9,6,23,129
2020,9,7,0,161
2020,9,7,1,97
2020,9,7,2,83
2020,9,7,3,69
2020,9,7,4,44
2020,9,7,5,53
2020,9,7,6,40
2020,9,7,7,50
2020,9,7,8,63
2020,9,7,9,98
2020,9,7,10,98
2020,9,7,11,112
2020,9,7,12,133
2020,9,7,13,122
2020,9,7,14,123
2020,9,7,15,114
2020,9,7,16,110
2020,9,7,17,120
2020,9,7,18,113
2020,9,7,19,99
2020,9,7,20,136
2020,9,7,21,140
2020,9,7,22,148
2020,9,7,23,133
2020,10,1,0,227
2020,10,1,1,102
2020,10,1,2,80
2020,10,1,3,83
2020,10,1,4,64
2020,10,1,5,38
2020,10,1,6,33
2020,10,1,7,44
2020,10,1,8,70
2020,10,1,9,121
2020,10,1,10,100
2020,10,1,11,103
2020,10,1,12,159
2020,10,1,13,115
2020,10,1,14,97
2020,10,1,15,119
2020,10,1,16,104
2020,10,1,17,115
2020,10,1,18,103
2020,10,1,19,117
2020,10,1,20,126
2020,10,1,21,119
2020,10,1,22,121
2020,10,1,23,90
2020,10,2,0,127
2020,10,2,1,69
2020,10,2,2,59
2020,10,2,3,39
2020,10,2,4,22
2020,10,2,5,23
2020,10,2,6,33
2020,10,2,7,45
2020,10,2,8,89
2020,10,2,9,115
2020,10,2,10,134
2020,10,2,11,101
2020,10,2,12,151
2020,10,2,13,127
2020,10,2,14,121
2020,10,2,15,104
2020,10,2,16,106
2020,10,2,17,113
2020,10,2,18,114
2020,10,2,19,121
2020,10,2,20,123
2020,10,2,21,107
2020,10,2,22,82
2020,10,2,23,93
2020,10,3,0,118
2020,10,3,1,56
2020,10,3,2,44
2020,10,3,3,34
2020,10,3,4,27
2020,10,3,5,21
2020,10,3,6,47
2020,10,3,7,51
2020,10,3,8,88
2020,10,3,9,110
2020,10,3,10,103
2020,10,3,11,114
2020,10,3,12,157
2020,10,3,13,114
2020,10,3,14,129
2020,10,3,15,116
2020,10,3,16,114
2020,10,3,17,134
2020,10,3,18,115
2020,10,3,19,134
2020,10,3,20,112
2020,10,3,21,113
2020,10,3,22,125
2020,10,3,23,85
2020,10,4,0,119
2020,10,4,1,57
2020,10,4,2,41
2020,10,4,3,39
2020,10,4,4,49
2020,10,4,5,17
2020,10,4,6,39
2020,10,4,7,56
2020,10,4,8,78
2020,10,4,9,119
2020,10,4,10,116
2020,10,4,11,111
2020,10,4,12,166
2020,10,4,13,127
2020,10,4,14,126
2020,10,4,15,133
2020,10,4,16,136
2020,10,4,17,160
2020,10,4,18,123
2020,10,4,19,144
2020,10,4,20,142
2020,10,4,21,116
2020,10,4,22,111
2020,10,4,23,72
2020,10,5,0,181
2020,10,5,1,82
2020,10,5,2,51
2020,10,5,3,55
2020,10,5,4,38
2020,10,5,5,38
2020,10,5,6,46
2020,10,5,7,64
2020,10,5,8,104
2020,10,5,9,146
2020,10,5,10,127
2020,10,5,11,142
2020,10,5,12,224
2020,10,5,13,162
2020,10,5,14,175
2020,10,5,15,197
2020,10,5,16,155
2020,10,5,17,185
2020,10,5,18,148
2020,10,5,19,157
2020,10,5,20,166
2020,10,5,21,164
2020,10,5,22,116
2020,10,5,23,122
2020,10,6,0,157
2020,10,6,1,72
2020,10,6,2,61
2020,10,6,3,66
2020,10,6,4,39
2020,10,6,5,33
2020,10,6,6,43
2020,10,6,7,63
2020,10,6,8,92
2020,10,6,9,144
2020,10,6,10,131
2020,10,6,11,141
2020,10,6,12,205
2020,10,6,13,160
2020,10,6,14,159
2020,10,6,15,164
2020,10,6,16,162
2020,10,6,17,175
2020,10,6,18,162
2020,10,6,19,146
2020,10,6,20,170
2020,10,6,21,164
2020,10,6,22,140
2020,10,6,23,135
2020,10,7,0,193
2020,10,7,1,107
2020,10,7,2,97
2020,10,7,3,85
2020,10,7,4,68
2020,10,7,5,55
2020,10,7,6,36
2020,10,7,7,60
2020,10,7,8,84
2020,10,7,9,121
2020,10,7,10,132
2020,10,7,11,125
2020,10,7,12,190
2020,10,7,13,145
2020,10,7,14,134
2020,10,7,15,157
2020,10,7,16,158
2020,10,7,17,159
2020,10,7,18,164
2020,10,7,19,173
2020,10,7,20,170
2020,10,7,21,158
2020,10,7,22,170
2020,10,7,23,144
2020,11,1,0,257
2020,11,1,1,128
2020,11,1,2,120
2020,11,1,3,86
2020,11,1,4,63
2020,11,1,5,47
2020,11,1,6,49
2020,11,1,7,60
2020,11,1,8,83
2020,11,1,9,140
2020,11,1,10,121
2020,11,1,11,130
2020,11,1,12,195
2020,11,1,13,115
2020,11,1,14,131
2020,11,1,15,118
2020,11,1,16,117
2020,11,1,17,141
2020,11,1,18,124
2020,11,1,19,135
2020,11,1,20,150
2020,11,1,21,143
2020,11,1,22,111
2020,11,1,23,96
2020,11,2,0,144
2020,11,2,1,72
2020,11,2,2,48
2020,11,2,3,48
2020,11,2,4,43
2020,11,2,5,26
2020,11,2,6,49
2020,11,2,7,66
2020,11,2,8,95
2020,11,2,9,156
2020,11,2,10,126
2020,11,2,11,146
2020,11,2,12,190
2020,11,2,13,136
2020,11,2,14,151
2020,11,2,15,167
2020,11,2,16,164
2020,11,2,17,161
2020,11,2,18,160
2020,11,2,19,143
2020,11,2,20,143
2020,11,2,21,127
2020,11,2,22,137
2020,11,2,23,82
2020,11,3,0,134
2020,11,3,1,60
2020,11,3,2,43
2020,11,3,3,50
2020,11,3,4,37
2020,11,3,5,25
2020,11,3,6,32
2020,11,3,7,43
2020,11,3,8,78
2020,11,3,9,118
2020,11,3,10,133
2020,11,3,11,99
2020,11,3,12,161
2020,11,3,13,139
2020,11,3,14,134
2020,11,3,15,110
2020,11,3,16,133
2020,11,3,17,120
2020,11,3,18,108
2020,11,3,19,108
2020,11,3,20,102
2020,11,3,21,106
2020,11,3,22,84
2020,11,3,23,73
2020,11,4,0,105
2020,11,4,1,49
2020,11,4,2,34
2020,11,4,3,35
2020,11,4,4,29
2020,11,4,5,27
2020,11,4,6,35
2020,11,4,7,58
2020,11,4,8,86
2020,11,4,9,97
2020,11,4,10,111
2020,11,4,11,114
2020,11,4,12,152
2020,11,4,13,107
2020,11,4,14,107
2020,11,4,15,113
2020,11,4,16,133
2020,11,4,17,106
2020,11,4,18,126
2020,11,4,19,137
2020,11,4,20,108
2020,11,4,21,99
2020,11,4,22,92
2020,11,4,23,80
2020,11,5,0,116
2020,11,5,1,58
2020,11,5,2,50
2020,11,5,3,46
2020,11,5,4,40
2020,11,5,5,31
2020,11,5,6,35
2020,11,5,7,48
2020,11,5,8,75
2020,11,5,9,99
2020,11,5,10,99
2020,11,5,11,107
2020,11,5,12,162
2020,11,5,13,93
2020,11,5,14,116
2020,11,5,15,104
2020,11,5,16,101
2020,11,5,17,109
2020,11,5,18,124
2020,11,5,19,98
2020,11,5,20,104
2020,11,5,21,85
2020,11,5,22,93
2020,11,5,23,90
2020,11,6,0,120
2020,11,6,1,58
2020,11,6,2,50
2020,11,6,3,40
2020,11,6,4,29
2020,11,6,5,37
2020,11,6,6,48
2020,11,6,7,37
2020,11,6,8,79
2020,11,6,9,111
2020,11,6,10,122
2020,11,6,11,124
2020,11,6,12,155
2020,11,6,13,126
2020,11,6,14,136
2020,11,6,15,130
2020,11,6,16,145
2020,11,6,17,121
2020,11,6,18,115
2020,11,6,19,143
2020,11,6,20,128
2020,11,6,21,113
2020,11,6,22,147
2020,11,6,23,111
2020,11,7,0,134
2020,11,7,1,74
2020,11,7,2,67
2020,11,7,3,53
2020,11,7,4,43
2020,11,7,5,43
2020,11,7,6,26
2020,11,7,7,39
2020,11,7,8,76
2020,11,7,9,76
2020,11,7,10,93
2020,11,7,11,114
2020,11,7,12,148
2020,11,7,13,95
2020,11,7,14,94
2020,11,7,15,117
2020,11,7,16,104
2020,11,7,17,116
2020,11,7,18,111
2020,11,7,19,103
2020,11,7,20,101
2020,11,7,21,126
2020,11,7,22,80
2020,11,7,23,92
2020,12,1,0,185
2020,12,1,1,75
2020,12,1,2,72
2020,12,1,3,81
2020,12,1,4,56
2020,12,1,5,33
2020,12,1,6,36
2020,12,1,7,42
2020,12,1,8,59
2020,12,1,9,106
2020,12,1,10,97
2020,12,1,11,94
2020,12,1,12,147
2020,12,1,13,113
2020,12,1,14,104
2020,12,1,15,95
2020,12,1,16,101
2020,12,1,17,108
2020,12,1,18,111
2020,12,1,19,108
2020,12,1,20,104
2020,12,1,21,103
2020,12,1,22,74
2020,12,1,23,65
2020,12,2,0,135
2020,12,2,1,42
2020,12,2,2,29
2020,12,2,3,42
2020,12,2,4,24
2020,12,2,5,34
2020,12,2,6,29
2020,12,2,7,49
2020,12,2,8,73
2020,12,2,9,137
2020,12,2,10,109
2020,12,2,11,107
2020,12,2,12,181
2020,12,2,13,101
2020,12,2,14,130
2020,12,2,15,128
2020,12,2,16,134
2020,12,2,17,132
2020,12,2,18,130
2020,12,2,19,123
2020,12,2,20,115
2020,12,2,21,91
2020,12,2,22,99
2020,12,2,23,76
2020,12,3,0,221
2020,12,3,1,50
2020,12,3,2,51
2020,12,3,3,33
2020,12,3,4,45
2020,12,3,5,28
2020,12,3,6,41
2020,12,3,7,71
2020,12,3,8,117
2020,12,3,9,176
2020,12,3,10,159
2020,12,3,11,139
2020,12,3,12,213
2020,12,3,13,147
2020,12,3,14,143
2020,12,3,15,162
2020,12,3,16,142
2020,12,3,17,128
2020,12,3,18,129
2020,12,3,19,137
2020,12,3,20,134
2020,12,3,21,87
2020,12,3,22,102
2020,12,3,23,88
2020,12,4,0,142
2020,12,4,1,61
2020,12,4,2,43
2020,12,4,3,48
2020,12,4,4,35
2020,12,4,5,31
2020,12,4,6,28
2020,12,4,7,69
2020,12,4,8,91
2020,12,4,9,154
2020,12,4,10,145
2020,12,4,11,126
2020,12,4,12,179
2020,12,4,13,136
2020,12,4,14,148
2020,12,4,15,174
2020,12,4,16,153
2020,12,4,17,152
2020,12,4,18,116
2020,12,4,19,138
2020,12,4,20,143
2020,12,4,21,123
2020,12,4,22,96
2020,12,4,23,94
2020,12,5,0,164
2020,12,5,1,74
2020,12,5,2,54
2020,12,5,3,46
2020,12,5,4,26
2020,12,5,5,44
2020,12,5,6,38
2020,12,5,7,50
2020,12,5,8,112
2020,12,5,9,160
2020,12,5,10,121
2020,12,5,11,148
2020,12,5,12,227
2020,12,5,13,148
2020,12,5,14,125
2020,12,5,15,136
2020,12,5,16,131
2020,12,5,17,126
2020,12,5,18,136
2020,12,5,19,112
2020,12,5,20,136
2020,12,5,21,103
2020,12,5,22,103
2020,12,5,23,108
2020,12,6,0,130
2020,12,6,1,60
2020,12,6,2,47
2020,12,6,3,42
2020,12,6,4,31
2020,12,6,5,35
2020,12,6,6,32
2020,12,6,7,35
2020,12,6,8,85
2020,12,6,9,113
2020,12,6,10,106
2020,12,6,11,78
2020,12,6,12,145
2020,12,6,13,86
2020,12,6,14,114
2020,12,6,15,94
2020,12,6,16,112
2020,12,6,17,120
2020,12,6,18,95
2020,12,6,19,114
2020,12,6,20,94
2020,12,6,21,96
2020,12,6,22,80
2020,12,6,23,98
2020,12,7,0,134
2020,12,7,1,55
2020,12,7,2,67
2020,12,7,3,61
2020,12,7,4,41
2020,12,7,5,31
2020,12,7,6,36
2020,12,7,7,51
2020,12,7,8,57
2020,12,7,9,78
2020,12,7,10,78
2020,12,7,11,89
2020,12,7,12,127
2020,12,7,13,100
2020,12,7,14,107
2020,12,7,15,111
2020,12,7,16,90
2020,12,7,17,105
2020,12,7,18,107
2020,12,7,19,103
2020,12,7,20,110
2020,12,7,21,102
2020,12,7,22,98
2020,12,7,23,105
2021,1,1,0,225
2021,1,1,1,98
2021,1,1,2,68
2021,1,1,3,70
2021,1,1,4,65
2021,1,1,5,44
2021,1,1,6,39
2021,1,1,7,58
2021,1,1,8,91
2021,1,1,9,124
2021,1,1,10,103
2021,1,1,11,114
2021,1,1,12,155
2021,1,1,13,91
2021,1,1,14,114
2021,1,1,15,122
2021,1,1,16,118
2021,1,1,17,121
2021,1,1,18,123
2021,1,1,19,118
2021,1,1,20,111
2021,1,1,21,121
2021,1,1,22,90
2021,1,1,23,82
2021,1,2,0,134
2021,1,2,1,46
2021,1,2,2,52
2021,1,2,3,29
2021,1,2,4,31
2021,1,2,5,28
2021,1,2,6,35
2021,1,2,7,55
2021,1,2,8,71
2021,1,2,9,127
2021,1,2,10,110
2021,1,2,11,88
2021,1,2,12,154
2021,1,2,13,98
2021,1,2,14,106
2021,1,2,15,112
2021,1,2,16,106
2021,1,2,17,111
2021,1,2,18,104
2021,1,2,19,114
2021,1,2,20,92
2021,1,2,21,82
2021,1,2,22,77
2021,1,2,23,69
2021,1,3,0,133
2021,1,3,1,47
2021,1,3,2,33
2021,1,3,3,28
2021,1,3,4,30
2021,1,3,5,35
2021,1,3,6,38
2021,1,3,7,58
2021,1,3,8,71
2021,1,3,9,141
2021,1,3,10,115
2021,1,3,11,104
2021,1,3,12,137
2021,1,3,13,100
2021,1,3,14,103
2021,1,3,15,124
2021,1,3,16,102
2021,1,3,17,113
2021,1,3,18,105
2021,1,3,19,100
2021,1,3,20,121
2021,1,3,21,80
2021,1,3,22,76
2021,1,3,23,74
2021,1,4,0,140
2021,1,4,1,45
2021,1,4,2,32
2021,1,4,3,31
2021,1,4,4,23
2021,1,4,5,32
2021,1,4,6,42
2021,1,4,7,38
2021,1,4,8,87
2021,1,4,9,120
2021,1,4,10,111
2021,1,4,11,112
2021,1,4,12,155
2021,1,4,13,134
2021,1,4,14,100
2021,1,4,15,119
2021,1,4,16,117
2021,1,4,17,98
2021,1,4,18,131
2021,1,4,19,87
2021,1,4,20,90
2021,1,4,21,73
2021,1,4,22,76
2021,1,4,23,65
2021,1,5,0,136
2021,1,5,1,42
2021,1,5,2,33
2021,1,5,3,36
2021,1,5,4,30
2021,1,5,5,44
2021,1,5,6,42
2021,1,5,7,41
2021,1,5,8,72
2021,1,5,9,115
2021,1,5,10,101
2021,1,5,11,117
2021,1,5,12,175
2021,1,5,13,126
2021,1,5,14,113
2021,1,5,15,135
2021,1,5,16,125
2021,1,5,17,113
2021,1,5,18,125
2021,1,5,19,110
2021,1,5,20,96
2021,1,5,21,104
2021,1,5,22,86
2021,1,5,23,65
2021,1,6,0,337
2021,1,6,1,95
2021,1,6,2,85
2021,1,6,3,78
2021,1,6,4,57
2021,1,6,5,44
2021,1,6,6,40
2021,1,6,7,74
2021,1,6,8,103
2021,1,6,9,147
2021,1,6,10,152
2021,1,6,11,141
2021,1,6,12,211
2021,1,6,13,135
2021,1,6,14,112
2021,1,6,15,159
2021,1,6,16,139
2021,1,6,17,141
2021,1,6,18,119
2021,1,6,19,142
2021,1,6,20,129
2021,1,6,21,112
2021,1,6,22,96
2021,1,6,23,96
2021,1,7,0,177
2021,1,7,1,83
2021,1,7,2,84
2021,1,7,3,64
2021,1,7,4,47
2021,1,7,5,51
2021,1,7,6,35
2021,1,7,7,48
2021,1,7,8,65
2021,1,7,9,99
2021,1,7,10,93
2021,1,7,11,113
2021,1,7,12,138
2021,1,7,13,113
2021,1,7,14,132
2021,1,7,15,122
2021,1,7,16,123
2021,1,7,17,129
2021,1,7,18,112
2021,1,7,19,112
2021,1,7,20,139
2021,1,7,21,99
2021,1,7,22,110
2021,1,7,23,126
2021,2,1,0,147
2021,2,1,1,85
2021,2,1,2,73
2021,2,1,3,60
2021,2,1,4,41
2021,2,1,5,34
2021,2,1,6,27
2021,2,1,7,30
2021,2,1,8,57
2021,2,1,9,81
2021,2,1,10,72
2021,2,1,11,83
2021,2,1,12,105
2021,2,1,13,88
2021,2,1,14,86
2021,2,1,15,103
2021,2,1,16,79
2021,2,1,17,96
2021,2,1,18,83
2021,2,1,19,73
2021,2,1,20,92
2021,2,1,21,51
2021,2,1,22,100
2021,2,1,23,66
2021,2,2,0,158
2021,2,2,1,43
2021,2,2,2,30
2021,2,2,3,27
2021,2,2,4,27
2021,2,2,5,19
2021,2,2,6,25
2021,2,2,7,37
2021,2,2,8,79
2021,2,2,9,95
2021,2,2,10,99
2021,2,2,11,77
2021,2,2,12,127
2021,2,2,13,95
2021,2,2,14,92
2021,2,2,15,104
2021,2,2,16,108
2021,2,2,17,91
2021,2,2,18,81
2021,2,2,19,90
2021,2,2,20,92
2021,2,2,21,74
2021,2,2,22,74
2021,2,2,23,46
2021,2,3,0,116
2021,2,3,1,39
2021,2,3,2,34
2021,2,3,3,29
2021,2,3,4,21
2021,2,3,5,27
2021,2,3,6,39
2021,2,3,7,38
2021,2,3,8,60
2021,2,3,9,99
2021,2,3,10,101
2021,2,3,11,99
2021,2,3,12,138
2021,2,3,13,92
2021,2,3,14,112
2021,2,3,15,101
2021,2,3,16,111
2021,2,3,17,97
2021,2,3,18,97
2021,2,3,19,85
2021,2,3,20,100
2021,2,3,21,70
2021,2,3,22,70
2021,2,3,23,79
2021,2,4,0,120
2021,2,4,1,32
2021,2,4,2,30
2021,2,4,3,30
2021,2,4,4,24
2021,2,4,5,27
2021,2,4,6,29
2021,2,4,7,44
2021,2,4,8,68
2021,2,4,9,91
2021,2,4,10,92
2021,2,4,11,101
2021,2,4,12,150
2021,2,4,13,97
2021,2,4,14,98
2021,2,4,15,105
2021,2,4,16,101
2021,2,4,17,107
2021,2,4,18,99
2021,2,4,19,90
2021,2,4,20,114
2021,2,4,21,83
2021,2,4,22,88
2021,2,4,23,59
2021,2,5,0,123
2021,2,5,1,41
2021,2,5,2,40
2021,2,5,3,29
2021,2,5,4,26
2021,2,5,5,15
2021,2,5,6,35
2021,2,5,7,32
2021,2,5,8,60
2021,2,5,9,94
2021,2,5,10,96
2021,2,5,11,110
2021,2,5,12,126
2021,2,5,13,88
2021,2,5,14,100
2021,2,5,15,116
2021,2,5,16,100
2021,2,5,17,101
2021,2,5,18,98
2021,2,5,19,102
2021,2,5,20,96
2021,2,5,21,84
2021,2,5,22,72
2021,2,5,23,68
2021,2,6,0,127
2021,2,6,1,52
2021,2,6,2,39
2021,2,6,3,30
2021,2,6,4,26
2021,2,6,5,16
2021,2,6,6,32
2021,2,6,7,45
2021,2,6,8,77
2021,2,6,9,121
2021,2,6,10,96
2021,2,6,11,97
2021,2,6,12,127
2021,2,6,13,123
2021,2,6,14,115
2021,2,6,15,130
2021,2,6,16,128
2021,2,6,17,103
2021,2,6,18,94
2021,2,6,19,97
2021,2,6,20,93
2021,2,6,21,102
2021,2,6,22,78
2021,2,6,23,82
2021,2,7,0,119
2021,2,7,1,56
2021,2,7,2,37
2021,2,7,3,49
2021,2,7,4,37
2021,2,7,5,34
2021,2,7,6,38
2021,2,7,7,38
2021,2,7,8,63
2021,2,7,9,102
2021,2,7,10,87
2021,2,7,11,85
2021,2,7,12,121
2021,2,7,13,103
2021,2,7,14,98
2021,2,7,15,91
2021,2,7,16,90
2021,2,7,17,90
2021,2,7,18,84
2021,2,7,19,101
2021,2,7,20,95
2021,2,7,21,87
2021,2,7,22,84
2021,2,7,23,76
2021,3,1,0,143
2021,3,1,1,86
2021,3,1,2,63
2021,3,1,3,72
2021,3,1,4,61
2021,3,1,5,46
2021,3,1,6,43
2021,3,1,7,46
2021,3,1,8,61
2021,3,1,9,91
2021,3,1,10,94
2021,3,1,11,86
2021,3,1,12,100
2021,3,1,13,93
2021,3,1,14,85
2021,3,1,15,102
2021,3,1,16,88
2021,3,1,17,102
2021,3,1,18,96
2021,3,1,19,87
2021,3,1,20,113
2021,3,1,21,111
2021,3,1,22,93
2021,3,1,23,77
2021,3,2,0,223
2021,3,2,1,86
2021,3,2,2,67
2021,3,2,3,55
2021,3,2,4,51
2021,3,2,5,33
2021,3,2,6,50
2021,3,2,7,62
2021,3,2,8,116
2021,3,2,9,161
2021,3,2,10,159
2021,3,2,11,114
2021,3,2,12,194
2021,3,2,13,133
2021,3,2,14,130
2021,3,2,15,161
2021,3,2,16,129
2021,3,2,17,145
2021,3,2,18,116
2021,3,2,19,140
2021,3,2,20,119
2021,3,2,21,126
2021,3,2,22,102
2021,3,2,23,92
2021,3,3,0,152
2021,3,3,1,66
2021,3,3,2,53
2021,3,3,3,30
2021,3,3,4,30
2021,3,3,5,30
2021,3,3,6,40
2021,3,3,7,56
2021,3,3,8,74
2021,3,3,9,136
2021,3,3,10,161
2021,3,3,11,140
2021,3,3,12,162
2021,3,3,13,168
2021,3,3,14,132
2021,3,3,15,153
2021,3,3,16,142
2021,3,3,17,153
2021,3,3,18,144
2021,3,3,19,107
2021,3,3,20,128
2021,3,3,21,139
2021,3,3,22,98
2021,3,3,23,110
2021,3,4,0,155
2021,3,4,1,83
2021,3,4,2,61
2021,3,4,3,47
2021,3,4,4,41
2021,3,4,5,30
2021,3,4,6,43
2021,3,4,7,52
2021,3,4,8,76
2021,3,4,9,151
2021,3,4,10,145
2021,3,4,11,149
2021,3,4,12,196
2021,3,4,13,154
2021,3,4,14,128
2021,3,4,15,150
2021,3,4,16,131
2021,3,4,17,148
2021,3,4,18,132
2021,3,4,19,120
2021,3,4,20,140
2021,3,4,21,126
2021,3,4,22,92
2021,3,4,23,92
2021,3,5,0,110
2021,3,5,1,54
2021,3,5,2,46
2021,3,5,3,45
2021,3,5,4,34
2021,3,5,5,21
2021,3,5,6,36
2021,3,5,7,59
2021,3,5,8,65
2021,3,5,9,84
2021,3,5,10,99
2021,3,5,11,127
2021,3,5,12,136
2021,3,5,13,122
2021,3,5,14,93
2021,3,5,15,107
2021,3,5,16,112
2021,3,5,17,91
2021,3,5,18,84
2021,3,5,19,87
2021,3,5,20,106
2021,3,5,21,88
2021,3,5,22,78
2021,3,5,23,71
2021,3,6,0,130
2021,3,6,1,55
2021,3,6,2,38
2021,3,6,3,39
2021,3,6,4,30
2021,3,6,5,35
2021,3,6,6,43
2021,3,6,7,50
2021,3,6,8,70
2021,3,6,9,94
2021,3,6,10,106
2021,3,6,11,98
2021,3,6,12,151
2021,3,6,13,102
2021,3,6,14,122
2021,3,6,15,109
2021,3,6,16,116
2021,3,6,17,111
2021,3,6,18,95
2021,3,6,19,108
2021,3,6,20,98
2021,3,6,21,98
2021,3,6,22,109
2021,3,6,23,78
2021,3,7,0,126
2021,3,7,1,80
2021,3,7,2,63
2021,3,7,3,51
2021,3,7,4,53
2021,3,7,5,31
2021,3,7,6,32
2021,3,7,7,48
2021,3,7,8,53
2021,3,7,9,89
2021,3,7,10,82
2021,3,7,11,82
2021,3,7,12,127
2021,3,7,13,99
2021,3,7,14,104
2021,3,7,15,103
2021,3,7,16,105
2021,3,7,17,106
2021,3,7,18,83
2021,3,7,19,101
2021,3,7,20,91
2021,3,7,21,100
2021,3,7,22,93
2021,3,7,23,105
2021,4,1,0,152
2021,4,1,1,87
2021,4,1,2,80
2021,4,1,3,58
2021,4,1,4,42
2021,4,1,5,35
2021,4,1,6,27
2021,4,1,7,35
2021,4,1,8,51
2021,4,1,9,79
2021,4,1,10,91
2021,4,1,11,117
2021,4,1,12,117
2021,4,1,13,95
2021,4,1,14,82
2021,4,1,15,98
2021,4,1,16,83
2021,4,1,17,103
2021,4,1,18,103
2021,4,1,19,101
2021,4,1,20,91
2021,4,1,21,92
2021,4,1,22,89
2021,4,1,23,79
2021,4,2,0,141
2021,4,2,1,66
2021,4,2,2,47
2021,4,2,3,34
2021,4,2,4,38
2021,4,2,5,30
2021,4,2,6,35
2021,4,2,7,52
2021,4,2,8,75
2021,4,2,9,94
2021,4,2,10,89
2021,4,2,11,75
2021,4,2,12,131
2021,4,2,13,99
2021,4,2,14,121
2021,4,2,15,102
2021,4,2,16,115
2021,4,2,17,116
2021,4,2,18,102
2021,4,2,19,89
2021,4,2,20,106
2021,4,2,21,117
2021,4,2,22,86
2021,4,2,23,79
2021,4,3,0,142
2021,4,3,1,59
2021,4,3,2,54
2021,4,3,3,46
2021,4,3,4,28
2021,4,3,5,27
2021,4,3,6,23
2021,4,3,7,47
2021,4,3,8,59
2021,4,3,9,108
2021,4,3,10,112
2021,4,3,11,104
2021,4,3,12,139
2021,4,3,13,114
2021,4,3,14,124
2021,4,3,15,93
2021,4,3,16,114
2021,4,3,17,113
2021,4,3,18,110
2021,4,3,19,99
2021,4,3,20,133
2021,4,3,21,91
2021,4,3,22,100
2021,4,3,23,78
2021,4,4,0,148
2021,4,4,1,63
2021,4,4,2,48
2021,4,4,3,40
2021,4,4,4,28
2021,4,4,5,33
2021,4,4,6,36
2021,4,4,7,41
2021,4,4,8,82
2021,4,4,9,89
2021,4,4,10,100
2021,4,4,11,97
2021,4,4,12,138
2021,4,4,13,113
2021,4,4,14,93
2021,4,4,15,100
2021,4,4,16,110
2021,4,4,17,101
2021,4,4,18,107
2021,4,4,19,114
2021,4,4,20,94
2021,4,4,21,106
2021,4,4,22,76
2021,4,4,23,87
2021,4,5,0,201
2021,4,5,1,72
2021,4,5,2,65
2021,4,5,3,35
2021,4,5,4,30
2021,4,5,5,32
2021,4,5,6,42
2021,4,5,7,72
2021,4,5,8,105
2021,4,5,9,136
2021,4,5,10,159
2021,4,5,11,120
2021,4,5,12,168
2021,4,5,13,131
2021,4,5,14,135
2021,4,5,15,139
2021,4,5,16,116
2021,4,5,17,136
2021,4,5,18,129
2021,4,5,19,117
2021,4,5,20,132
2021,4,5,21,113
2021,4,5,22,101
2021,4,5,23,104
2021,4,6,0,172
2021,4,6,1,85
2021,4,6,2,68
2021,4,6,3,53
2021,4,6,4,44
2021,4,6,5,56
2021,4,6,6,36
2021,4,6,7,65
2021,4,6,8,92
2021,4,6,9,113
2021,4,6,10,128
2021,4,6,11,126
2021,4,6,12,158
2021,4,6,13,119
2021,4,6,14,131
2021,4,6,15,147
2021,4,6,16,141
2021,4,6,17,139
2021,4,6,18,154
2021,4,6,19,138
2021,4,6,20,135
2021,4,6,21,143
2021,4,6,22,129
2021,4,6,23,112
2021,4,7,0,150
2021,4,7,1,98
2021,4,7,2,68
2021,4,7,3,58
2021,4,7,4,49
2021,4,7,5,48
2021,4,7,6,31
2021,4,7,7,41
2021,4,7,8,57
2021,4,7,9,83
2021,4,7,10,100
2021,4,7,11,85
2021,4,7,12,119
2021,4,7,13,87
2021,4,7,14,98
2021,4,7,15,96
2021,4,7,16,103
2021,4,7,17,94
2021,4,7,18,88
2021,4,7,19,103
2021,4,7,20,123
2021,4,7,21,119
2021,4,7,22,102
2021,4,7,23,104
2021,5,1,0,242
2021,5,1,1,131
2021,5,1,2,127
2021,5,1,3,94
2021,5,1,4,91
2021,5,1,5,56
2021,5,1,6,47
2021,5,1,7,55
2021,5,1,8,73
2021,5,1,9,103
2021,5,1,10,102
2021,5,1,11,118
2021,5,1,12,150
2021,5,1,13,123
2021,5,1,14,126
2021,5,1,15,140
2021,5,1,16,128
2021,5,1,17,135
2021,5,1,18,140
2021,5,1,19,174
2021,5,1,20,148
2021,5,1,21,160
2021,5,1,22,167
2021,5,1,23,125
2021,5,2,0,219
2021,5,2,1,98
2021,5,2,2,82
2021,5,2,3,66
2021,5,2,4,50
2021,5,2,5,37
2021,5,2,6,60
2021,5,2,7,70
2021,5,2,8,104
2021,5,2,9,126
2021,5,2,10,140
2021,5,2,11,143
2021,5,2,12,165
2021,5,2,13,142
2021,5,2,14,148
2021,5,2,15,135
2021,5,2,16,131
2021,5,2,17,131
2021,5,2,18,136
2021,5,2,19,165
2021,5,2,20,157
2021,5,2,21,130
2021,5,2,22,141
2021,5,2,23,112
2021,5,3,0,141
2021,5,3,1,53
2021,5,3,2,57
2021,5,3,3,44
2021,5,3,4,36
2021,5,3,5,39
2021,5,3,6,41
2021,5,3,7,61
2021,5,3,8,78
2021,5,3,9,117
2021,5,3,10,116
2021,5,3,11,113
2021,5,3,12,135
2021,5,3,13,113
2021,5,3,14,103
2021,5,3,15,102
2021,5,3,16,140
2021,5,3,17,119
2021,5,3,18,112
2021,5,3,19,109
2021,5,3,20,107
2021,5,3,21,94
2021,5,3,22,94
2021,5,3,23,88
2021,5,4,0,137
2021,5,4,1,52
2021,5,4,2,47
2021,5,4,3,37
2021,5,4,4,28
2021,5,4,5,35
2021,5,4,6,32
2021,5,4,7,41
2021,5,4,8,80
2021,5,4,9,98
2021,5,4,10,112
2021,5,4,11,120
2021,5,4,12,143
2021,5,4,13,118
2021,5,4,14,126
2021,5,4,15,123
2021,5,4,16,141
2021,5,4,17,104
2021,5,4,18,103
2021,5,4,19,121
2021,5,4,20,129
2021,5,4,21,110
2021,5,4,22,100
2021,5,4,23,97
2021,5,5,0,132
2021,5,5,1,72
2021,5,5,2,51
2021,5,5,3,47
2021,5,5,4,41
2021,5,5,5,36
2021,5,5,6,37
2021,5,5,7,63
2021,5,5,8,60
2021,5,5,9,99
2021,5,5,10,134
2021,5,5,11,102
2021,5,5,12,126
2021,5,5,13,114
2021,5,5,14,115
2021,5,5,15,114
2021,5,5,16,88
2021,5,5,17,119
2021,5,5,18,103
2021,5,5,19,111
2021,5,5,20,109
2021,5,5,21,104
2021,5,5,22,94
2021,5,5,23,65
2021,5,6,0,152
2021,5,6,1,81
2021,5,6,2,78
2021,5,6,3,51
2021,5,6,4,42
2021,5,6,5,34
2021,5,6,6,42
2021,5,6,7,62
2021,5,6,8,69
2021,5,6,9,110
2021,5,6,10,98
2021,5,6,11,111
2021,5,6,12,125
2021,5,6,13,114
2021,5,6,14,116
2021,5,6,15,126
2021,5,6,16,95
2021,5,6,17,113
2021,5,6,18,105
2021,5,6,19,104
2021,5,6,20,109
2021,5,6,21,113
2021,5,6,22,102
2021,5,6,23,112
2021,5,7,0,236
2021,5,7,1,117
2021,5,7,2,97
2021,5,7,3,84
2021,5,7,4,54
2021,5,7,5,48
2021,5,7,6,62
2021,5,7,7,43
2021,5,7,8,91
2021,5,7,9,139
2021,5,7,10,116
2021,5,7,11,144
2021,5,7,12,161
2021,5,7,13,140
2021,5,7,14,141
2021,5,7,15,141
2021,5,7,16,146
2021,5,7,17,145
2021,5,7,18,138
2021,5,7,19,166
2021,5,7,20,187
2021,5,7,21,150
2021,5,7,22,178
2021,5,7,23,183
2021,6,1,0,230
2021,6,1,1,131
2021,6,1,2,122
2021,6,1,3,112
2021,6,1,4,80
2021,6,1,5,59
2021,6,1,6,67
2021,6,1,7,59
2021,6,1,8,79
2021,6,1,9,106
2021,6,1,10,106
2021,6,1,11,115
2021,6,1,12,136
2021,6,1,13,106
2021,6,1,14,118
2021,6,1,15,104
2021,6,1,16,116
2021,6,1,17,125
2021,6,1,18,136
2021,6,1,19,140
2021,6,1,20,149
2021,6,1,21,143
2021,6,1,22,121
2021,6,1,23,125
2021,6,2,0,177
2021,6,2,1,102
2021,6,2,2,68
2021,6,2,3,60
2021,6,2,4,56
2021,6,2,5,48
2021,6,2,6,48
2021,6,2,7,61
2021,6,2,8,82
2021,6,2,9,120
2021,6,2,10,141
2021,6,2,11,104
2021,6,2,12,160
2021,6,2,13,108
2021,6,2,14,134
2021,6,2,15,120
2021,6,2,16,132
2021,6,2,17,126
2021,6,2,18,129
2021,6,2,19,129
2021,6,2,20,128
2021,6,2,21,125
2021,6,2,22,102
2021,6,2,23,93
2021,6,3,0,260
2021,6,3,1,121
2021,6,3,2,66
2021,6,3,3,57
2021,6,3,4,49
2021,6,3,5,55
2021,6,3,6,53
2021,6,3,7,70
2021,6,3,8,101
2021,6,3,9,175
2021,6,3,10,157
2021,6,3,11,114
2021,6,3,12,209
2021,6,3,13,135
2021,6,3,14,139
2021,6,3,15,161
2021,6,3,16,159
2021,6,3,17,162
2021,6,3,18,165
2021,6,3,19,181
2021,6,3,20,163
2021,6,3,21,150
2021,6,3,22,113
2021,6,3,23,147
2021,6,4,0,173
2021,6,4,1,99
2021,6,4,2,83
2021,6,4,3,63
2021,6,4,4,58
2021,6,4,5,35
2021,6,4,6,59
2021,6,4,7,79
2021,6,4,8,89
2021,6,4,9,135
2021,6,4,10,170
2021,6,4,11,136
2021,6,4,12,179
2021,6,4,13,146
2021,6,4,14,137
2021,6,4,15,163
2021,6,4,16,156
2021,6,4,17,171
2021,6,4,18,163
2021,6,4,19,139
2021,6,4,20,137
2021,6,4,21,138
2021,6,4,22,134
2021,6,4,23,128
2021,6,5,0,152
2021,6,5,1,99
2021,6,5,2,51
2021,6,5,3,64
2021,6,5,4,52
2021,6,5,5,34
2021,6,5,6,49
2021,6,5,7,51
2021,6,5,8,87
2021,6,5,9,105
2021,6,5,10,117
2021,6,5,11,131
2021,6,5,12,158
2021,6,5,13,99
2021,6,5,14,96
2021,6,5,15,123
2021,6,5,16,120
2021,6,5,17,138
2021,6,5,18,116
2021,6,5,19,121
2021,6,5,20,130
2021,6,5,21,97
2021,6,5,22,98
2021,6,5,23,110
2021,6,6,0,136
2021,6,6,1,86
2021,6,6,2,74
2021,6,6,3,57
2021,6,6,4,40
2021,6,6,5,39
2021,6,6,6,42
2021,6,6,7,51
2021,6,6,8,73
2021,6,6,9,128
2021,6,6,10,107
2021,6,6,11,103
2021,6,6,12,148
2021,6,6,13,125
2021,6,6,14,120
2021,6,6,15,115
2021,6,6,16,126
2021,6,6,17,126
2021,6,6,18,115
2021,6,6,19,116
2021,6,6,20,137
2021,6,6,21,113
2021,6,6,22,143
2021,6,6,23,135
2021,6,7,0,165
2021,6,7,1,126
2021,6,7,2,121
2021,6,7,3,64
2021,6,7,4,65
2021,6,7,5,52
2021,6,7,6,36
2021,6,7,7,60
2021,6,7,8,59
2021,6,7,9,92
2021,6,7,10,101
2021,6,7,11,110
2021,6,7,12,135
2021,6,7,13,106
2021,6,7,14,105
2021,6,7,15,97
2021,6,7,16,100
2021,6,7,17,119
2021,6,7,18,135
2021,6,7,19,101
2021,6,7,20,132
2021,6,7,21,144
2021,6,7,22,142
2021,6,7,23,129
2021,7,1,0,183
2021,7,1,1,116
2021,7,1,2,122
2021,7,1,3,119
2021,7,1,4,73
2021,7,1,5,60
2021,7,1,6,34
2021,7,1,7,69
2021,7,1,8,65
2021,7,1,9,78
2021,7,1,10,89
2021,7,1,11,100
2021,7,1,12,117
2021,7,1,13,91
2021,7,1,14,109
2021,7,1,15,99
2021,7,1,16,109
2021,7,1,17,124
2021,7,1,18,110
2021,7,1,19,118
2021,7,1,20,113
2021,7,1,21,125
2021,7,1,22,131
2021,7,1,23,105
2021,7,2,0,197
2021,7,2,1,115
2021,7,2,2,107
2021,7,2,3,74
2021,7,2,4,52
2021,7,2,5,51
2021,7,2,6,50
2021,7,2,7,61
2021,7,2,8,80
2021,7,2,9,92
2021,7,2,10,94
2021,7,2,11,103
2021,7,2,12,131
2021,7,2,13,118
2021,7,2,14,122
2021,7,2,15,117
2021,7,2,16,116
2021,7,2,17,112
2021,7,2,18,103
2021,7,2,19,115
2021,7,2,20,127
2021,7,2,21,112
2021,7,2,22,113
2021,7,2,23,97
2021,7,3,0,171
2021,7,3,1,73
2021,7,3,2,65
2021,7,3,3,36
2021,7,3,4,47
2021,7,3,5,46
2021,7,3,6,51
2021,7,3,7,58
2021,7,3,8,77
2021,7,3,9,97
2021,7,3,10,104
2021,7,3,11,106
2021,7,3,12,144
2021,7,3,13,97
2021,7,3,14,102
2021,7,3,15,131
2021,7,3,16,116
2021,7,3,17,134
2021,7,3,18,125
2021,7,3,19,141
2021,7,3,20,128
2021,7,3,21,127
2021,7,3,22,98
2021,7,3,23,108
2021,7,4,0,153
2021,7,4,1,75
2021,7,4,2,65
2021,7,4,3,60
2021,7,4,4,47
2021,7,4,5,41
2021,7,4,6,45
2021,7,4,7,45
2021,7,4,8,81
2021,7,4,9,95
2021,7,4,10,122
2021,7,4,11,108
2021,7,4,12,135
2021,7,4,13,123
2021,7,4,14,123
2021,7,4,15,134
2021,7,4,16,99
2021,7,4,17,131
2021,7,4,18,109
2021,7,4,19,132
2021,7,4,20,90
2021,7,4,21,114
2021,7,4,22,113
2021,7,4,23,106
2021,7,5,0,228
2021,7,5,1,83
2021,7,5,2,76
2021,7,5,3,63
2021,7,5,4,48
2021,7,5,5,44
2021,7,5,6,65
2021,7,5,7,87
2021,7,5,8,100
2021,7,5,9,149
2021,7,5,10,162
2021,7,5,11,164
2021,7,5,12,164
2021,7,5,13,149
2021,7,5,14,159
2021,7,5,15,156
2021,7,5,16,174
2021,7,5,17,161
2021,7,5,18,167
2021,7,5,19,146
2021,7,5,20,170
2021,7,5,21,163
2021,7,5,22,138
2021,7,5,23,121
2021,7,6,0,201
2021,7,6,1,92
2021,7,6,2,96
2021,7,6,3,78
2021,7,6,4,54
2021,7,6,5,43
2021,7,6,6,62
2021,7,6,7,59
2021,7,6,8,85
2021,7,6,9,129
2021,7,6,10,143
2021,7,6,11,139
2021,7,6,12,161
2021,7,6,13,143
2021,7,6,14,148
2021,7,6,15,157
2021,7,6,16,174
2021,7,6,17,177
2021,7,6,18,164
2021,7,6,19,208
2021,7,6,20,156
2021,7,6,21,156
2021,7,6,22,169
2021,7,6,23,152
2021,7,7,0,228
2021,7,7,1,152
2021,7,7,2,149
2021,7,7,3,131
2021,7,7,4,81
2021,7,7,5,56
2021,7,7,6,48
2021,7,7,7,62
2021,7,7,8,87
2021,7,7,9,112
2021,7,7,10,129
2021,7,7,11,144
2021,7,7,12,192
2021,7,7,13,143
2021,7,7,14,151
2021,7,7,15,148
2021,7,7,16,166
2021,7,7,17,146
2021,7,7,18,147
2021,7,7,19,164
2021,7,7,20,169
2021,7,7,21,164
2021,7,7,22,183
2021,7,7,23,161
2021,8,1,0,320
2021,8,1,1,176
2021,8,1,2,146
2021,8,1,3,135
2021,8,1,4,86
2021,8,1,5,82
2021,8,1,6,62
2021,8,1,7,62
2021,8,1,8,83
2021,8,1,9,126
2021,8,1,10,118
2021,8,1,11,119
2021,8,1,12,152
2021,8,1,13,121
2021,8,1,14,143
2021,8,1,15,150
2021,8,1,16,134
2021,8,1,17,147
2021,8,1,18,150
2021,8,1,19,136
2021,8,1,20,164
2021,8,1,21,149
2021,8,1,22,136
2021,8,1,23,139
2021,8,2,0,233
2021,8,2,1,95
2021,8,2,2,93
2021,8,2,3,70
2021,8,2,4,63
2021,8,2,5,59
2021,8,2,6,52
2021,8,2,7,97
2021,8,2,8,128
2021,8,2,9,122
2021,8,2,10,124
2021,8,2,11,138
2021,8,2,12,173
2021,8,2,13,150
2021,8,2,14,133
2021,8,2,15,149
2021,8,2,16,136
2021,8,2,17,169
2021,8,2,18,144
2021,8,2,19,164
2021,8,2,20,143
2021,8,2,21,149
2021,8,2,22,114
2021,8,2,23,132
2021,8,3,0,188
2021,8,3,1,92
2021,8,3,2,84
2021,8,3,3,51
2021,8,3,4,44
2021,8,3,5,47
2021,8,3,6,58
2021,8,3,7,76
2021,8,3,8,104
2021,8,3,9,126
2021,8,3,10,136
2021,8,3,11,120
2021,8,3,12,163
2021,8,3,13,136
2021,8,3,14,137
2021,8,3,15,153
2021,8,3,16,138
2021,8,3,17,146
2021,8,3,18,152
2021,8,3,19,133
2021,8,3,20,158
2021,8,3,21,133
2021,8,3,22,117
2021,8,3,23,134
2021,8,4,0,153
2021,8,4,1,73
2021,8,4,2,69
2021,8,4,3,36
2021,8,4,4,40
2021,8,4,5,34
2021,8,4,6,44
2021,8,4,7,53
2021,8,4,8,64
2021,8,4,9,110
2021,8,4,10,102
2021,8,4,11,105
2021,8,4,12,132
2021,8,4,13,103
2021,8,4,14,105
2021,8,4,15,112
2021,8,4,16,137
2021,8,4,17,115
2021,8,4,18,128
2021,8,4,19,103
2021,8,4,20,100
2021,8,4,21,104
2021,8,4,22,114
2021,8,4,23,95
2021,8,5,0,152
2021,8,5,1,74
2021,8,5,2,59
2021,8,5,3,41
2021,8,5,4,44
2021,8,5,5,46
2021,8,5,6,44
2021,8,5,7,43
2021,8,5,8,81
2021,8,5,9,105
2021,8,5,10,115
2021,8,5,11,99
2021,8,5,12,129
2021,8,5,13,92
2021,8,5,14,122
2021,8,5,15,117
2021,8,5,16,109
2021,8,5,17,134
2021,8,5,18,110
2021,8,5,19,107
2021,8,5,20,140
2021,8,5,21,101
2021,8,5,22,102
2021,8,5,23,92
2021,8,6,0,148
2021,8,6,1,78
2021,8,6,2,80
2021,8,6,3,68
2021,8,6,4,43
2021,8,6,5,46
2021,8,6,6,35
2021,8,6,7,61
2021,8,6,8,77
2021,8,6,9,105
2021,8,6,10,114
2021,8,6,11,107
2021,8,6,12,137
2021,8,6,13,102
2021,8,6,14,114
2021,8,6,15,127
2021,8,6,16,115
2021,8,6,17,131
2021,8,6,18,130
2021,8,6,19,128
2021,8,6,20,122
2021,8,6,21,119
2021,8,6,22,128
2021,8,6,23,116
2021,8,7,0,163
2021,8,7,1,138
2021,8,7,2,108
2021,8,7,3,78
2021,8,7,4,84
2021,8,7,5,44
2021,8,7,6,45
2021,8,7,7,53
2021,8,7,8,75
2021,8,7,9,85
2021,8,7,10,96
2021,8,7,11,86
2021,8,7,12,120
2021,8,7,13,118
2021,8,7,14,117
2021,8,7,15,103
2021,8,7,16,121
2021,8,7,17,119
2021,8,7,18,115
2021,8,7,19,116
2021,8,7,20,136
2021,8,7,21,141
2021,8,7,22,130
2021,8,7,23,131
2021,9,1,0,192
2021,9,1,1,131
2021,9,1,2,150
2021,9,1,3,95
2021,9,1,4,75
2021,9,1,5,51
2021,9,1,6,60
2021,9,1,7,58
2021,9,1,8,58
2021,9,1,9,86
2021,9,1,10,86
2021,9,1,11,88
2021,9,1,12,145
2021,9,1,13,118
2021,9,1,14,106
2021,9,1,15,111
2021,9,1,16,141
2021,9,1,17,108
2021,9,1,18,131
2021,9,1,19,135
2021,9,1,20,151
2021,9,1,21,141
2021,9,1,22,137
2021,9,1,23,116
2021,9,2,0,203
2021,9,2,1,82
2021,9,2,2,68
2021,9,2,3,65
2021,9,2,4,51
2021,9,2,5,40
2021,9,2,6,50
2021,9,2,7,73
2021,9,2,8,87
2021,9,2,9,122
2021,9,2,10,106
2021,9,2,11,126
2021,9,2,12,155
2021,9,2,13,100
2021,9,2,14,109
2021,9,2,15,138
2021,9,2,16,138
2021,9,2,17,160
2021,9,2,18,139
2021,9,2,19,131
2021,9,2,20,132
2021,9,2,21,112
2021,9,2,22,114
2021,9,2,23,100
2021,9,3,0,191
2021,9,3,1,81
2021,9,3,2,55
2021,9,3,3,43
2021,9,3,4,44
2021,9,3,5,30
2021,9,3,6,48
2021,9,3,7,66
2021,9,3,8,98
2021,9,3,9,110
2021,9,3,10,135
2021,9,3,11,124
2021,9,3,12,152
2021,9,3,13,113
2021,9,3,14,114
2021,9,3,15,135
2021,9,3,16,126
2021,9,3,17,135
2021,9,3,18,116
2021,9,3,19,143
2021,9,3,20,131
2021,9,3,21,130
2021,9,3,22,100
2021,9,3,23,81
2021,9,4,0,260
2021,9,4,1,82
2021,9,4,2,72
2021,9,4,3,56
2021,9,4,4,40
2021,9,4,5,44
2021,9,4,6,64
2021,9,4,7,93
2021,9,4,8,120
2021,9,4,9,175
2021,9,4,10,153
2021,9,4,11,136
2021,9,4,12,212
2021,9,4,13,148
2021,9,4,14,141
2021,9,4,15,174
2021,9,4,16,181
2021,9,4,17,162
2021,9,4,18,176
2021,9,4,19,156
2021,9,4,20,145
2021,9,4,21,172
2021,9,4,22,156
2021,9,4,23,122
2021,9,5,0,185
2021,9,5,1,70
2021,9,5,2,86
2021,9,5,3,66
2021,9,5,4,55
2021,9,5,5,44
2021,9,5,6,70
2021,9,5,7,84
2021,9,5,8,100
2021,9,5,9,144
2021,9,5,10,139
2021,9,5,11,153
2021,9,5,12,158
2021,9,5,13,132
2021,9,5,14,128
2021,9,5,15,185
2021,9,5,16,168
2021,9,5,17,196
2021,9,5,18,177
2021,9,5,19,165
2021,9,5,20,154
2021,9,5,21,172
2021,9,5,22,130
2021,9,5,23,106
2021,9,6,0,165
2021,9,6,1,66
2021,9,6,2,61
2021,9,6,3,58
2021,9,6,4,53
2021,9,6,5,38
2021,9,6,6,51
2021,9,6,7,57
2021,9,6,8,102
2021,9,6,9,111
2021,9,6,10,107
2021,9,6,11,106
2021,9,6,12,135
2021,9,6,13,128
2021,9,6,14,123
2021,9,6,15,143
2021,9,6,16,128
2021,9,6,17,150
2021,9,6,18,114
2021,9,6,19,129
2021,9,6,20,133
2021,9,6,21,120
2021,9,6,22,131
2021,9,6,23,121
2021,9,7,0,186
2021,9,7,1,100
2021,9,7,2,100
2021,9,7,3,97
2021,9,7,4,74
2021,9,7,5,46
2021,9,7,6,39
2021,9,7,7,70
2021,9,7,8,76
2021,9,7,9,89
2021,9,7,10,109
2021,9,7,11,111
2021,9,7,12,144
2021,9,7,13,108
2021,9,7,14,105
2021,9,7,15,115
2021,9,7,16,117
2021,9,7,17,146
2021,9,7,18,124
2021,9,7,19,127
2021,9,7,20,135
2021,9,7,21,124
2021,9,7,22,139
2021,9,7,23,134
2021,10,1,0,265
2021,10,1,1,160
2021,10,1,2,147
2021,10,1,3,135
2021,10,1,4,101
2021,10,1,5,80
2021,10,1,6,56
2021,10,1,7,55
2021,10,1,8,64
2021,10,1,9,104
2021,10,1,10,118
2021,10,1,11,99
2021,10,1,12,169
2021,10,1,13,125
2021,10,1,14,130
2021,10,1,15,154
2021,10,1,16,143
2021,10,1,17,131
2021,10,1,18,152
2021,10,1,19,143
2021,10,1,20,158
2021,10,1,21,148
2021,10,1,22,138
2021,10,1,23,116
2021,10,2,0,194
2021,10,2,1,76
2021,10,2,2,64
2021,10,2,3,40
2021,10,2,4,32
2021,10,2,5,40
2021,10,2,6,45
2021,10,2,7,59
2021,10,2,8,100
2021,10,2,9,111
2021,10,2,10,111
2021,10,2,11,132
2021,10,2,12,130
2021,10,2,13,139
2021,10,2,14,114
2021,10,2,15,132
2021,10,2,16,115
2021,10,2,17,104
2021,10,2,18,121
2021,10,2,19,109
2021,10,2,20,115
2021,10,2,21,116
2021,10,2,22,118
2021,10,2,23,81
2021,10,3,0,152
2021,10,3,1,62
2021,10,3,2,60
2021,10,3,3,34
2021,10,3,4,38
2021,10,3,5,35
2021,10,3,6,57
2021,10,3,7,76
2021,10,3,8,78
2021,10,3,9,121
2021,10,3,10,135
2021,10,3,11,121
2021,10,3,12,150
2021,10,3,13,108
2021,10,3,14,127
2021,10,3,15,121
2021,10,3,16,135
2021,10,3,17,149
2021,10,3,18,136
2021,10,3,19,129
2021,10,3,20,142
2021,10,3,21,100
2021,10,3,22,102
2021,10,3,23,89
2021,10,4,0,172
2021,10,4,1,63
2021,10,4,2,54
2021,10,4,3,50
2021,10,4,4,38
2021,10,4,5,49
2021,10,4,6,48
2021,10,4,7,63
2021,10,4,8,101
2021,10,4,9,120
2021,10,4,10,123
2021,10,4,11,114
2021,10,4,12,150
2021,10,4,13,109
2021,10,4,14,123
2021,10,4,15,157
2021,10,4,16,136
2021,10,4,17,122
2021,10,4,18,130
2021,10,4,19,128
2021,10,4,20,134
2021,10,4,21,94
2021,10,4,22,102
2021,10,4,23,95
2021,10,5,0,162
2021,10,5,1,84
2021,10,5,2,62
2021,10,5,3,43
2021,10,5,4,49
2021,10,5,5,40
2021,10,5,6,50
2021,10,5,7,78
2021,10,5,8,97
2021,10,5,9,120
2021,10,5,10,103
2021,10,5,11,102
2021,10,5,12,144
2021,10,5,13,115
2021,10,5,14,108
2021,10,5,15,149
2021,10,5,16,133
2021,10,5,17,130
2021,10,5,18,102
2021,10,5,19,119
2021,10,5,20,128
2021,10,5,21,111
2021,10,5,22,98
2021,10,5,23,83
2021,10,6,0,262
2021,10,6,1,81
2021,10,6,2,93
2021,10,6,3,69
2021,10,6,4,48
2021,10,6,5,45
2021,10,6,6,59
2021,10,6,7,67
2021,10,6,8,126
2021,10,6,9,187
2021,10,6,10,162
2021,10,6,11,143
2021,10,6,12,204
2021,10,6,13,142
2021,10,6,14,157
2021,10,6,15,205
2021,10,6,16,163
2021,10,6,17,145
2021,10,6,18,161
2021,10,6,19,180
2021,10,6,20,159
2021,10,6,21,142
2021,10,6,22,148
2021,10,6,23,156
2021,10,7,0,226
2021,10,7,1,145
2021,10,7,2,145
2021,10,7,3,104
2021,10,7,4,71
2021,10,7,5,58
2021,10,7,6,69
2021,10,7,7,57
2021,10,7,8,73
2021,10,7,9,108
2021,10,7,10,150
2021,10,7,11,112
2021,10,7,12,149
2021,10,7,13,144
2021,10,7,14,138
2021,10,7,15,160
2021,10,7,16,164
2021,10,7,17,160
2021,10,7,18,165
2021,10,7,19,174
2021,10,7,20,160
2021,10,7,21,151
2021,10,7,22,170
2021,10,7,23,162
2021,11,1,0,196
2021,11,1,1,119
2021,11,1,2,108
2021,11,1,3,81
2021,11,1,4,67
2021,11,1,5,52
2021,11,1,6,42
2021,11,1,7,44
2021,11,1,8,44
2021,11,1,9,91
2021,11,1,10,87
2021,11,1,11,80
2021,11,1,12,112
2021,11,1,13,108
2021,11,1,14,109
2021,11,1,15,110
2021,11,1,16,115
2021,11,1,17,123
2021,11,1,18,117
2021,11,1,19,128
2021,11,1,20,112
2021,11,1,21,113
2021,11,1,22,103
2021,11,1,23,90
2021,11,2,0,273
2021,11,2,1,68
2021,11,2,2,70
2021,11,2,3,58
2021,11,2,4,58
2021,11,2,5,58
2021,11,2,6,52
2021,11,2,7,98
2021,11,2,8,122
2021,11,2,9,144
2021,11,2,10,146
2021,11,2,11,137
2021,11,2,12,179
2021,11,2,13,147
2021,11,2,14,136
2021,11,2,15,174
2021,11,2,16,163
2021,11,2,17,149
2021,11,2,18,158
2021,11,2,19,154
2021,11,2,20,158
2021,11,2,21,121
2021,11,2,22,149
2021,11,2,23,110
2021,11,3,0,181
2021,11,3,1,65
2021,11,3,2,62
2021,11,3,3,58
2021,11,3,4,53
2021,11,3,5,43
2021,11,3,6,59
2021,11,3,7,81
2021,11,3,8,124
2021,11,3,9,155
2021,11,3,10,146
2021,11,3,11,148
2021,11,3,12,196
2021,11,3,13,121
2021,11,3,14,158
2021,11,3,15,184
2021,11,3,16,152
2021,11,3,17,135
2021,11,3,18,149
2021,11,3,19,148
2021,11,3,20,125
2021,11,3,21,137
2021,11,3,22,110
2021,11,3,23,105
2021,11,4,0,152
2021,11,4,1,54
2021,11,4,2,44
2021,11,4,3,40
2021,11,4,4,42
2021,11,4,5,35
2021,11,4,6,48
2021,11,4,7,49
2021,11,4,8,88
2021,11,4,9,134
2021,11,4,10,110
2021,11,4,11,96
2021,11,4,12,138
2021,11,4,13,127
2021,11,4,14,109
2021,11,4,15,133
2021,11,4,16,140
2021,11,4,17,144
2021,11,4,18,134
2021,11,4,19,115
2021,11,4,20,133
2021,11,4,21,102
2021,11,4,22,87
2021,11,4,23,88
2021,11,5,0,150
2021,11,5,1,67
2021,11,5,2,74
2021,11,5,3,49
2021,11,5,4,34
2021,11,5,5,38
2021,11,5,6,48
2021,11,5,7,56
2021,11,5,8,75
2021,11,5,9,91
2021,11,5,10,100
2021,11,5,11,86
2021,11,5,12,121
2021,11,5,13,100
2021,11,5,14,87
2021,11,5,15,123
2021,11,5,16,113
2021,11,5,17,108
2021,11,5,18,121
2021,11,5,19,98
2021,11,5,20,117
2021,11,5,21,84
2021,11,5,22,100
2021,11,5,23,89
2021,11,6,0,162
2021,11,6,1,77
2021,11,6,2,54
2021,11,6,3,42
2021,11,6,4,41
2021,11,6,5,29
2021,11,6,6,41
2021,11,6,7,61
2021,11,6,8,67
2021,11,6,9,75
2021,11,6,10,110
2021,11,6,11,100
2021,11,6,12,126
2021,11,6,13,106
2021,11,6,14,120
2021,11,6,15,121
2021,11,6,16,107
2021,11,6,17,135
2021,11,6,18,125
2021,11,6,19,109
2021,11,6,20,129
2021,11,6,21,95
2021,11,6,22,96
2021,11,6,23,110
2021,11,7,0,139
2021,11,7,1,108
2021,11,7,2,104
2021,11,7,3,60
2021,11,7,4,54
2021,11,7,5,41
2021,11,7,6,38
2021,11,7,7,44
2021,11,7,8,65
2021,11,7,9,91
2021,11,7,10,96
2021,11,7,11,107
2021,11,7,12,136
2021,11,7,13,108
2021,11,7,14,124
2021,11,7,15,123
2021,11,7,16,130
2021,11,7,17,123
2021,11,7,18,132
2021,11,7,19,92
2021,11,7,20,104
2021,11,7,21,125
2021,11,7,22,104
2021,11,7,23,124
2021,12,1,0,165
2021,12,1,1,89
2021,12,1,2,95
2021,12,1,3,60
2021,12,1,4,60
2021,12,1,5,46
2021,12,1,6,31
2021,12,1,7,53
2021,12,1,8,66
2021,12,1,9,81
2021,12,1,10,92
2021,12,1,11,78
2021,12,1,12,105
2021,12,1,13,88
2021,12,1,14,106
2021,12,1,15,97
2021,12,1,16,111
2021,12,1,17,110
2021,12,1,18,92
2021,12,1,19,86
2021,12,1,20,96
2021,12,1,21,103
2021,12,1,22,106
2021,12,1,23,82
2021,12,2,0,165
2021,12,2,1,55
2021,12,2,2,59
2021,12,2,3,48
2021,12,2,4,45
2021,12,2,5,39
2021,12,2,6,45
2021,12,2,7,43
2021,12,2,8,84
2021,12,2,9,101
2021,12,2,10,100
2021,12,2,11,97
2021,12,2,12,124
2021,12,2,13,116
2021,12,2,14,108
2021,12,2,15,137
2021,12,2,16,127
2021,12,2,17,133
2021,12,2,18,126
2021,12,2,19,120
2021,12,2,20,88
2021,12,2,21,100
2021,12,2,22,73
2021,12,2,23,79
2021,12,3,0,139
2021,12,3,1,56
2021,12,3,2,46
2021,12,3,3,44
2021,12,3,4,34
2021,12,3,5,34
2021,12,3,6,33
2021,12,3,7,55
2021,12,3,8,82
2021,12,3,9,117
2021,12,3,10,103
2021,12,3,11,93
2021,12,3,12,122
2021,12,3,13,82
2021,12,3,14,104
2021,12,3,15,115
2021,12,3,16,99
2021,12,3,17,122
2021,12,3,18,105
2021,12,3,19,110
2021,12,3,20,95
2021,12,3,21,89
2021,12,3,22,85
2021,12,3,23,87
2021,12,4,0,244
2021,12,4,1,72
2021,12,4,2,53
2021,12,4,3,50
2021,12,4,4,45
2021,12,4,5,38
2021,12,4,6,55
2021,12,4,7,84
2021,12,4,8,98
2021,12,4,9,151
2021,12,4,10,143
2021,12,4,11,125
2021,12,4,12,188
2021,12,4,13,116
2021,12,4,14,131
2021,12,4,15,152
2021,12,4,16,156
2021,12,4,17,182
2021,12,4,18,157
2021,12,4,19,141
2021,12,4,20,139
2021,12,4,21,153
2021,12,4,22,119
2021,12,4,23,117
2021,12,5,0,206
2021,12,5,1,77
2021,12,5,2,79
2021,12,5,3,56
2021,12,5,4,50
2021,12,5,5,52
2021,12,5,6,62
2021,12,5,7,82
2021,12,5,8,104
2021,12,5,9,125
2021,12,5,10,120
2021,12,5,11,119
2021,12,5,12,165
2021,12,5,13,159
2021,12,5,14,162
2021,12,5,15,166
2021,12,5,16,166
2021,12,5,17,156
2021,12,5,18,134
2021,12,5,19,150
2021,12,5,20,135
2021,12,5,21,128
2021,12,5,22,142
2021,12,5,23,106
2021,12,6,0,180
2021,12,6,1,87
2021,12,6,2,89
2021,12,6,3,65
2021,12,6,4,51
2021,12,6,5,52
2021,12,6,6,45
2021,12,6,7,66
2021,12,6,8,99
2021,12,6,9,130
2021,12,6,10,136
2021,12,6,11,123
2021,12,6,12,158
2021,12,6,13,119
2021,12,6,14,140
2021,12,6,15,168
2021,12,6,16,135
2021,12,6,17,172
2021,12,6,18,162
2021,12,6,19,160
2021,12,6,20,154
2021,12,6,21,142
2021,12,6,22,149
2021,12,6,23,147
2021,12,7,0,166
2021,12,7,1,102
2021,12,7,2,89
2021,12,7,3,60
2021,12,7,4,55
2021,12,7,5,44
2021,12,7,6,34
2021,12,7,7,44
2021,12,7,8,54
2021,12,7,9,86
2021,12,7,10,93
2021,12,7,11,73
2021,12,7,12,119
2021,12,7,13,84
2021,12,7,14,96
2021,12,7,15,105
2021,12,7,16,99
2021,12,7,17,114
2021,12,7,18,120
2021,12,7,19,116
2021,12,7,20,124
2021,12,7,21,96
2021,12,7,22,123
2021,12,7,23,96
2022,1,1,0,161
2022,1,1,1,89
2022,1,1,2,79
2022,1,1,3,62
2022,1,1,4,60
2022,1,1,5,32
2022,1,1,6,54
2022,1,1,7,53
2022,1,1,8,84
2022,1,1,9,77
2022,1,1,10,110
2022,1,1,11,105
2022,1,1,12,101
2022,1,1,13,90
2022,1,1,14,96
2022,1,1,15,119
2022,1,1,16,139
2022,1,1,17,113
2022,1,1,18,145
2022,1,1,19,149
2022,1,1,20,121
2022,1,1,21,97
2022,1,1,22,75
2022,1,1,23,71
2022,1,2,0,145
2022,1,2,1,61
2022,1,2,2,64
2022,1,2,3,36
2022,1,2,4,43
2022,1,2,5,38
2022,1,2,6,34
2022,1,2,7,52
2022,1,2,8,99
2022,1,2,9,111
2022,1,2,10,127
2022,1,2,11,128
2022,1,2,12,161
2022,1,2,13,120
2022,1,2,14,93
2022,1,2,15,134
2022,1,2,16,138
2022,1,2,17,143
2022,1,2,18,116
2022,1,2,19,124
2022,1,2,20,114
2022,1,2,21,92
2022,1,2,22,106
2022,1,2,23,63
2022,1,3,0,154
2022,1,3,1,44
2022,1,3,2,34
2022,1,3,3,30
2022,1,3,4,35
2022,1,3,5,34
2022,1,3,6,30
2022,1,3,7,48
2022,1,3,8,79
2022,1,3,9,102
2022,1,3,10,110
2022,1,3,11,111
2022,1,3,12,135
2022,1,3,13,89
2022,1,3,14,110
2022,1,3,15,112
2022,1,3,16,107
2022,1,3,17,131
2022,1,3,18,117
2022,1,3,19,94
2022,1,3,20,102
2022,1,3,21,92
2022,1,3,22,77
2022,1,3,23,68
2022,1,4,0,128
2022,1,4,1,46
2022,1,4,2,57
2022,1,4,3,38
2022,1,4,4,38
2022,1,4,5,29
2022,1,4,6,34
2022,1,4,7,51
2022,1,4,8,70
2022,1,4,9,73
2022,1,4,10,89
2022,1,4,11,96
2022,1,4,12,128
2022,1,4,13,119
2022,1,4,14,100
2022,1,4,15,123
2022,1,4,16,106
2022,1,4,17,128
2022,1,4,18,115
2022,1,4,19,89
2022,1,4,20,96
2022,1,4,21,71
2022,1,4,22,76
2022,1,4,23,65
2022,1,5,0,147
2022,1,5,1,40
2022,1,5,2,34
2022,1,5,3,42
2022,1,5,4,24
2022,1,5,5,33
2022,1,5,6,38
2022,1,5,7,64
2022,1,5,8,90
2022,1,5,9,98
2022,1,5,10,110
2022,1,5,11,98
2022,1,5,12,137
2022,1,5,13,105
2022,1,5,14,101
2022,1,5,15,122
2022,1,5,16,126
2022,1,5,17,121
2022,1,5,18,124
2022,1,5,19,119
2022,1,5,20,102
2022,1,5,21,84
2022,1,5,22,72
2022,1,5,23,78
2022,1,6,0,142
2022,1,6,1,45
2022,1,6,2,62
2022,1,6,3,41
2022,1,6,4,33
2022,1,6,5,43
2022,1,6,6,42
2022,1,6,7,46
2022,1,6,8,65
2022,1,6,9,99
2022,1,6,10,93
2022,1,6,11,93
2022,1,6,12,128
2022,1,6,13,103
2022,1,6,14,84
2022,1,6,15,106
2022,1,6,16,123
2022,1,6,17,129
2022,1,6,18,134
2022,1,6,19,114
2022,1,6,20,109
2022,1,6,21,76
2022,1,6,22,112
2022,1,6,23,91
2022,1,7,0,328
2022,1,7,1,126
2022,1,7,2,108
2022,1,7,3,102
2022,1,7,4,88
2022,1,7,5,54
2022,1,7,6,49
2022,1,7,7,41
2022,1,7,8,85
2022,1,7,9,98
2022,1,7,10,121
2022,1,7,11,99
2022,1,7,12,158
2022,1,7,13,110
2022,1,7,14,123
2022,1,7,15,124
2022,1,7,16,116
2022,1,7,17,119
2022,1,7,18,128
2022,1,7,19,121
2022,1,7,20,97
2022,1,7,21,115
2022,1,7,22,120
2022,1,7,23,89
2022,2,1,0,143
2022,2,1,1,69
2022,2,1,2,78
2022,2,1,3,79
2022,2,1,4,46
2022,2,1,5,33
2022,2,1,6,39
2022,2,1,7,36
2022,2,1,8,62
2022,2,1,9,63
2022,2,1,10,93
2022,2,1,11,85
2022,2,1,12,91
2022,2,1,13,101
2022,2,1,14,88
2022,2,1,15,95
2022,2,1,16,104
2022,2,1,17,130
2022,2,1,18,111
2022,2,1,19,123
2022,2,1,20,89
2022,2,1,21,87
2022,2,1,22,91
2022,2,1,23,75
2022,2,2,0,184
2022,2,2,1,47
2022,2,2,2,44
2022,2,2,3,42
2022,2,2,4,31
2022,2,2,5,37
2022,2,2,6,39
2022,2,2,7,76
2022,2,2,8,74
2022,2,2,9,118
2022,2,2,10,89
2022,2,2,11,95
2022,2,2,12,157
2022,2,2,13,112
2022,2,2,14,114
2022,2,2,15,118
2022,2,2,16,120
2022,2,2,17,113
2022,2,2,18,130
2022,2,2,19,118
2022,2,2,20,100
2022,2,2,21,90
2022,2,2,22,101
2022,2,2,23,69
2022,2,3,0,187
2022,2,3,1,58
2022,2,3,2,48
2022,2,3,3,36
2022,2,3,4,35
2022,2,3,5,33
2022,2,3,6,49
2022,2,3,7,73
2022,2,3,8,105
2022,2,3,9,110
2022,2,3,10,92
2022,2,3,11,120
2022,2,3,12,184
2022,2,3,13,116
2022,2,3,14,127
2022,2,3,15,138
2022,2,3,16,148
2022,2,3,17,146
2022,2,3,18,119
2022,2,3,19,120
2022,2,3,20,98
2022,2,3,21,91
2022,2,3,22,92
2022,2,3,23,67
2022,2,4,0,152
2022,2,4,1,58
2022,2,4,2,44
2022,2,4,3,39
2022,2,4,4,34
2022,2,4,5,32
2022,2,4,6,43
2022,2,4,7,76
2022,2,4,8,71
2022,2,4,9,109
2022,2,4,10,102
2022,2,4,11,94
2022,2,4,12,121
2022,2,4,13,117
2022,2,4,14,115
2022,2,4,15,128
2022,2,4,16,125
2022,2,4,17,124
2022,2,4,18,80
2022,2,4,19,101
2022,2,4,20,108
2022,2,4,21,80
2022,2,4,22,88
2022,2,4,23,68
2022,2,5,0,150
2022,2,5,1,48
2022,2,5,2,46
2022,2,5,3,33
2022,2,5,4,27
2022,2,5,5,21
2022,2,5,6,35
2022,2,5,7,54
2022,2,5,8,80
2022,2,5,9,113
2022,2,5,10,100
2022,2,5,11,129
2022,2,5,12,123
2022,2,5,13,100
2022,2,5,14,116
2022,2,5,15,138
2022,2,5,16,105
2022,2,5,17,112
2022,2,5,18,117
2022,2,5,19,104
2022,2,5,20,102
2022,2,5,21,109
2022,2,5,22,76
2022,2,5,23,67
2022,2,6,0,133
2022,2,6,1,72
2022,2,6,2,31
2022,2,6,3,47
2022,2,6,4,24
2022,2,6,5,28
2022,2,6,6,46
2022,2,6,7,54
2022,2,6,8,89
2022,2,6,9,99
2022,2,6,10,106
2022,2,6,11,103
2022,2,6,12,143
2022,2,6,13,96
2022,2,6,14,105
2022,2,6,15,139
2022,2,6,16,123
2022,2,6,17,119
2022,2,6,18,132
2022,2,6,19,109
2022,2,6,20,130
2022,2,6,21,94
2022,2,6,22,87
2022,2,6,23,102
2022,2,7,0,161
2022,2,7,1,72
2022,2,7,2,70
2022,2,7,3,71
2022,2,7,4,46
2022,2,7,5,43
2022,2,7,6,42
2022,2,7,7,47
2022,2,7,8,60
2022,2,7,9,72
2022,2,7,10,92
2022,2,7,11,100
2022,2,7,12,115
2022,2,7,13,97
2022,2,7,14,107
2022,2,7,15,106
2022,2,7,16,111
2022,2,7,17,110
2022,2,7,18,107
2022,2,7,19,120
2022,2,7,20,108
2022,2,7,21,111
2022,2,7,22,107
2022,2,7,23,96
2022,3,1,0,195
2022,3,1,1,104
2022,3,1,2,93
2022,3,1,3,78
2022,3,1,4,74
2022,3,1,5,42
2022,3,1,6,48
2022,3,1,7,53
2022,3,1,8,68
2022,3,1,9,75
2022,3,1,10,90
2022,3,1,11,93
2022,3,1,12,118
2022,3,1,13,97
2022,3,1,14,106
2022,3,1,15,103
2022,3,1,16,99
2022,3,1,17,116
2022,3,1,18,118
2022,3,1,19,122
2022,3,1,20,114
2022,3,1,21,106
2022,3,1,22,88
2022,3,1,23,82
2022,3,2,0,163
2022,3,2,1,76
2022,3,2,2,48
2022,3,2,3,43
2022,3,2,4,33
2022,3,2,5,28
2022,3,2,6,44
2022,3,2,7,56
2022,3,2,8,75
2022,3,2,9,102
2022,3,2,10,132
2022,3,2,11,120
2022,3,2,12,171
2022,3,2,13,104
2022,3,2,14,122
2022,3,2,15,133
2022,3,2,16,130
2022,3,2,17,137
2022,3,2,18,118
2022,3,2,19,117
2022,3,2,20,132
2022,3,2,21,111
2022,3,2,22,82
2022,3,2,23,81
2022,3,3,0,274
2022,3,3,1,71
2022,3,3,2,59
2022,3,3,3,48
2022,3,3,4,50
2022,3,3,5,40
2022,3,3,6,59
2022,3,3,7,81
2022,3,3,8,113
2022,3,3,9,177
2022,3,3,10,131
2022,3,3,11,149
2022,3,3,12,183
2022,3,3,13,155
2022,3,3,14,142
2022,3,3,15,192
2022,3,3,16,158
2022,3,3,17,160
2022,3,3,18,161
2022,3,3,19,158
2022,3,3,20,144
2022,3,3,21,126
2022,3,3,22,109
2022,3,3,23,88
2022,3,4,0,197
2022,3,4,1,61
2022,3,4,2,64
2022,3,4,3,42
2022,3,4,4,45
2022,3,4,5,43
2022,3,4,6,42
2022,3,4,7,77
2022,3,4,8,111
2022,3,4,9,171
2022,3,4,10,145
2022,3,4,11,128
2022,3,4,12,165
2022,3,4,13,160
2022,3,4,14,154
2022,3,4,15,153
2022,3,4,16,148
2022,3,4,17,168
2022,3,4,18,142
2022,3,4,19,163
2022,3,4,20,135
2022,3,4,21,134
2022,3,4,22,125
2022,3,4,23,117
2022,3,5,0,225
2022,3,5,1,67
2022,3,5,2,75
2022,3,5,3,59
2022,3,5,4,49
2022,3,5,5,47
2022,3,5,6,52
2022,3,5,7,87
2022,3,5,8,108
2022,3,5,9,130
2022,3,5,10,146
2022,3,5,11,144
2022,3,5,12,188
2022,3,5,13,143
2022,3,5,14,157
2022,3,5,15,203
2022,3,5,16,153
2022,3,5,17,152
2022,3,5,18,167
2022,3,5,19,135
2022,3,5,20,132
2022,3,5,21,130
2022,3,5,22,121
2022,3,5,23,105
2022,3,6,0,174
2022,3,6,1,61
2022,3,6,2,48
2022,3,6,3,54
2022,3,6,4,46
2022,3,6,5,43
2022,3,6,6,40
2022,3,6,7,65
2022,3,6,8,91
2022,3,6,9,138
2022,3,6,10,120
2022,3,6,11,112
2022,3,6,12,164
2022,3,6,13,120
2022,3,6,14,116
2022,3,6,15,135
2022,3,6,16,104
2022,3,6,17,127
2022,3,6,18,127
2022,3,6,19,117
2022,3,6,20,116
2022,3,6,21,96
2022,3,6,22,101
2022,3,6,23,82
2022,3,7,0,180
2022,3,7,1,81
2022,3,7,2,85
2022,3,7,3,73
2022,3,7,4,51
2022,3,7,5,38
2022,3,7,6,52
2022,3,7,7,67
2022,3,7,8,78
2022,3,7,9,96
2022,3,7,10,101
2022,3,7,11,103
2022,3,7,12,124
2022,3,7,13,102
2022,3,7,14,123
2022,3,7,15,140
2022,3,7,16,128
2022,3,7,17,114
2022,3,7,18,110
2022,3,7,19,140
2022,3,7,20,113
2022,3,7,21,113
2022,3,7,22,105
2022,3,7,23,104
2022,4,1,0,196
2022,4,1,1,108
2022,4,1,2,87
2022,4,1,3,110
2022,4,1,4,74
2022,4,1,5,42
2022,4,1,6,41
2022,4,1,7,40
2022,4,1,8,83
2022,4,1,9,83
2022,4,1,10,84
2022,4,1,11,78
2022,4,1,12,146
2022,4,1,13,100
2022,4,1,14,100
2022,4,1,15,97
2022,4,1,16,139
2022,4,1,17,119
2022,4,1,18,120
2022,4,1,19,107
2022,4,1,20,107
2022,4,1,21,110
2022,4,1,22,100
2022,4,1,23,86
2022,4,2,0,168
2022,4,2,1,63
2022,4,2,2,51
2022,4,2,3,48
2022,4,2,4,51
2022,4,2,5,30
2022,4,2,6,46
2022,4,2,7,87
2022,4,2,8,82
2022,4,2,9,115
2022,4,2,10,108
2022,4,2,11,109
2022,4,2,12,148
2022,4,2,13,104
2022,4,2,14,135
2022,4,2,15,116
2022,4,2,16,102
2022,4,2,17,129
2022,4,2,18,123
2022,4,2,19,110
2022,4,2,20,105
2022,4,2,21,100
2022,4,2,22,97
2022,4,2,23,98
2022,4,3,0,184
2022,4,3,1,66
2022,4,3,2,44
2022,4,3,3,43
2022,4,3,4,45
2022,4,3,5,35
2022,4,3,6,35
2022,4,3,7,56
2022,4,3,8,85
2022,4,3,9,100
2022,4,3,10,115
2022,4,3,11,120
2022,4,3,12,176
2022,4,3,13,108
2022,4,3,14,113
2022,4,3,15,128
2022,4,3,16,132
2022,4,3,17,126
2022,4,3,18,155
2022,4,3,19,104
2022,4,3,20,107
2022,4,3,21,95
2022,4,3,22,80
2022,4,3,23,91
2022,4,4,0,172
2022,4,4,1,52
2022,4,4,2,57
2022,4,4,3,31
2022,4,4,4,20
2022,4,4,5,26
2022,4,4,6,49
2022,4,4,7,67
2022,4,4,8,98
2022,4,4,9,114
2022,4,4,10,119
2022,4,4,11,136
2022,4,4,12,153
2022,4,4,13,132
2022,4,4,14,110
2022,4,4,15,123
2022,4,4,16,111
2022,4,4,17,143
2022,4,4,18,134
2022,4,4,19,121
2022,4,4,20,107
2022,4,4,21,108
2022,4,4,22,97
2022,4,4,23,89
2022,4,5,0,167
2022,4,5,1,46
2022,4,5,2,51
2022,4,5,3,48
2022,4,5,4,36
2022,4,5,5,36
2022,4,5,6,39
2022,4,5,7,52
2022,4,5,8,81
2022,4,5,9,112
2022,4,5,10,105
2022,4,5,11,115
2022,4,5,12,154
2022,4,5,13,106
2022,4,5,14,124
2022,4,5,15,117
2022,4,5,16,135
2022,4,5,17,116
2022,4,5,18,119
2022,4,5,19,118
2022,4,5,20,145
2022,4,5,21,119
2022,4,5,22,103
2022,4,5,23,84
2022,4,6,0,297
2022,4,6,1,98
2022,4,6,2,72
2022,4,6,3,60
2022,4,6,4,48
2022,4,6,5,46
2022,4,6,6,57
2022,4,6,7,99
2022,4,6,8,110
2022,4,6,9,163
2022,4,6,10,134
2022,4,6,11,140
2022,4,6,12,189
2022,4,6,13,145
2022,4,6,14,160
2022,4,6,15,205
2022,4,6,16,161
2022,4,6,17,170
2022,4,6,18,146
2022,4,6,19,156
2022,4,6,20,141
2022,4,6,21,150
2022,4,6,22,131
2022,4,6,23,115
2022,4,7,0,215
2022,4,7,1,116
2022,4,7,2,109
2022,4,7,3,82
2022,4,7,4,89
2022,4,7,5,49
2022,4,7,6,64
2022,4,7,7,68
2022,4,7,8,79
2022,4,7,9,122
2022,4,7,10,127
2022,4,7,11,138
2022,4,7,12,166
2022,4,7,13,117
2022,4,7,14,132
2022,4,7,15,161
2022,4,7,16,151
2022,4,7,17,151
2022,4,7,18,154
2022,4,7,19,149
2022,4,7,20,154
2022,4,7,21,158
2022,4,7,22,163
2022,4,7,23,150
2022,5,1,0,320
2022,5,1,1,130
2022,5,1,2,149
2022,5,1,3,115
2022,5,1,4,97
2022,5,1,5,71
2022,5,1,6,52
2022,5,1,7,69
2022,5,1,8,91
2022,5,1,9,112
2022,5,1,10,133
2022,5,1,11,140
2022,5,1,12,169
2022,5,1,13,122
2022,5,1,14,129
2022,5,1,15,136
2022,5,1,16,144
2022,5,1,17,165
2022,5,1,18,160
2022,5,1,19,148
2022,5,1,20,151
2022,5,1,21,161
2022,5,1,22,170
2022,5,1,23,144
2022,5,2,0,315
2022,5,2,1,96
2022,5,2,2,73
2022,5,2,3,62
2022,5,2,4,53
2022,5,2,5,48
2022,5,2,6,42
2022,5,2,7,79
2022,5,2,8,126
2022,5,2,9,155
2022,5,2,10,127
2022,5,2,11,176
2022,5,2,12,208
2022,5,2,13,149
2022,5,2,14,141
2022,5,2,15,173
2022,5,2,16,169
2022,5,2,17,168
2022,5,2,18,160
2022,5,2,19,170
2022,5,2,20,179
2022,5,2,21,159
2022,5,2,22,142
2022,5,2,23,128
2022,5,3,0,289
2022,5,3,1,91
2022,5,3,2,79
2022,5,3,3,73
2022,5,3,4,48
2022,5,3,5,53
2022,5,3,6,59
2022,5,3,7,83
2022,5,3,8,115
2022,5,3,9,129
2022,5,3,10,143
2022,5,3,11,140
2022,5,3,12,206
2022,5,3,13,141
2022,5,3,14,116
2022,5,3,15,208
2022,5,3,16,169
2022,5,3,17,162
2022,5,3,18,162
2022,5,3,19,156
2022,5,3,20,154
2022,5,3,21,156
2022,5,3,22,137
2022,5,3,23,124
2022,5,4,0,210
2022,5,4,1,87
2022,5,4,2,58
2022,5,4,3,48
2022,5,4,4,41
2022,5,4,5,43
2022,5,4,6,44
2022,5,4,7,72
2022,5,4,8,88
2022,5,4,9,128
2022,5,4,10,123
2022,5,4,11,117
2022,5,4,12,150
2022,5,4,13,120
2022,5,4,14,139
2022,5,4,15,155
2022,5,4,16,143
2022,5,4,17,140
2022,5,4,18,136
2022,5,4,19,131
2022,5,4,20,130
2022,5,4,21,130
2022,5,4,22,115
2022,5,4,23,83
2022,5,5,0,206
2022,5,5,1,71
2022,5,5,2,55
2022,5,5,3,49
2022,5,5,4,38
2022,5,5,5,28
2022,5,5,6,43
2022,5,5,7,89
2022,5,5,8,104
2022,5,5,9,108
2022,5,5,10,101
2022,5,5,11,128
2022,5,5,12,174
2022,5,5,13,114
2022,5,5,14,120
2022,5,5,15,145
2022,5,5,16,124
2022,5,5,17,136
2022,5,5,18,145
2022,5,5,19,132
2022,5,5,20,134
2022,5,5,21,123
2022,5,5,22,113
2022,5,5,23,119
2022,5,6,0,236
2022,5,6,1,80
2022,5,6,2,62
2022,5,6,3,72
2022,5,6,4,53
2022,5,6,5,30
2022,5,6,6,37
2022,5,6,7,69
2022,5,6,8,95
2022,5,6,9,119
2022,5,6,10,118
2022,5,6,11,122
2022,5,6,12,133
2022,5,6,13,121
2022,5,6,14,124
2022,5,6,15,133
2022,5,6,16,160
2022,5,6,17,145
2022,5,6,18,102
2022,5,6,19,139
2022,5,6,20,135
2022,5,6,21,160
2022,5,6,22,132
2022,5,6,23,112
2022,5,7,0,178
2022,5,7,1,81
2022,5,7,2,70
2022,5,7,3,79
2022,5,7,4,56
2022,5,7,5,45
2022,5,7,6,48
2022,5,7,7,58
2022,5,7,8,66
2022,5,7,9,85
2022,5,7,10,98
2022,5,7,11,103
2022,5,7,12,122
2022,5,7,13,104
2022,5,7,14,91
2022,5,7,15,117
2022,5,7,16,109
2022,5,7,17,127
2022,5,7,18,115
2022,5,7,19,148
2022,5,7,20,145
2022,5,7,21,120
2022,5,7,22,119
2022,5,7,23,142
2022,6,1,0,255
2022,6,1,1,118
2022,6,1,2,123
2022,6,1,3,100
2022,6,1,4,62
2022,6,1,5,64
2022,6,1,6,56
2022,6,1,7,46
2022,6,1,8,81
2022,6,1,9,76
2022,6,1,10,92
2022,6,1,11,100
2022,6,1,12,136
2022,6,1,13,121
2022,6,1,14,107
2022,6,1,15,142
2022,6,1,16,129
2022,6,1,17,139
2022,6,1,18,127
2022,6,1,19,138
2022,6,1,20,151
2022,6,1,21,157
2022,6,1,22,137
2022,6,1,23,127
2022,6,2,0,283
2022,6,2,1,109
2022,6,2,2,93
2022,6,2,3,66
2022,6,2,4,50
2022,6,2,5,48
2022,6,2,6,59
2022,6,2,7,69
2022,6,2,8,102
2022,6,2,9,130
2022,6,2,10,107
2022,6,2,11,130
2022,6,2,12,148
2022,6,2,13,115
2022,6,2,14,118
2022,6,2,15,126
2022,6,2,16,134
2022,6,2,17,145
2022,6,2,18,124
2022,6,2,19,145
2022,6,2,20,128
2022,6,2,21,111
2022,6,2,22,126
2022,6,2,23,97
2022,6,3,0,224
2022,6,3,1,75
2022,6,3,2,75
2022,6,3,3,50
2022,6,3,4,35
2022,6,3,5,45
2022,6,3,6,40
2022,6,3,7,73
2022,6,3,8,90
2022,6,3,9,134
2022,6,3,10,129
2022,6,3,11,127
2022,6,3,12,157
2022,6,3,13,105
2022,6,3,14,114
2022,6,3,15,145
2022,6,3,16,115
2022,6,3,17,145
2022,6,3,18,146
2022,6,3,19,151
2022,6,3,20,143
2022,6,3,21,135
2022,6,3,22,139
2022,6,3,23,102
2022,6,4,0,370
2022,6,4,1,113
2022,6,4,2,80
2022,6,4,3,53
2022,6,4,4,55
2022,6,4,5,60
2022,6,4,6,67
2022,6,4,7,89
2022,6,4,8,133
2022,6,4,9,170
2022,6,4,10,170
2022,6,4,11,150
2022,6,4,12,202
2022,6,4,13,148
2022,6,4,14,167
2022,6,4,15,180
2022,6,4,16,157
2022,6,4,17,160
2022,6,4,18,176
2022,6,4,19,176
2022,6,4,20,168
2022,6,4,21,162
2022,6,4,22,157
2022,6,4,23,145
2022,6,5,0,271
2022,6,5,1,95
2022,6,5,2,109
2022,6,5,3,64
2022,6,5,4,53
2022,6,5,5,57
2022,6,5,6,51
2022,6,5,7,76
2022,6,5,8,115
2022,6,5,9,152
2022,6,5,10,147
2022,6,5,11,154
2022,6,5,12,227
2022,6,5,13,185
2022,6,5,14,150
2022,6,5,15,171
2022,6,5,16,175
2022,6,5,17,185
2022,6,5,18,176
2022,6,5,19,178
2022,6,5,20,171
2022,6,5,21,150
2022,6,5,22,152
2022,6,5,23,138
2022,6,6,0,245
2022,6,6,1,79
2022,6,6,2,83
2022,6,6,3,43
2022,6,6,4,42
2022,6,6,5,47
2022,6,6,6,47
2022,6,6,7,69
2022,6,6,8,86
2022,6,6,9,130
2022,6,6,10,141
2022,6,6,11,121
2022,6,6,12,145
2022,6,6,13,124
2022,6,6,14,124
2022,6,6,15,159
2022,6,6,16,127
2022,6,6,17,151
2022,6,6,18,168
2022,6,6,19,145
2022,6,6,20,138
2022,6,6,21,136
2022,6,6,22,151
2022,6,6,23,156
2022,6,7,0,229
2022,6,7,1,115
2022,6,7,2,115
2022,6,7,3,89
2022,6,7,4,76
2022,6,7,5,43
2022,6,7,6,52
2022,6,7,7,62
2022,6,7,8,77
2022,6,7,9,92
2022,6,7,10,103
2022,6,7,11,128
2022,6,7,12,145
2022,6,7,13,108
2022,6,7,14,122
2022,6,7,15,108
2022,6,7,16,125
2022,6,7,17,138
2022,6,7,18,114
2022,6,7,19,144
2022,6,7,20,127
2022,6,7,21,135
2022,6,7,22,131
2022,6,7,23,140
2022,7,1,0,332
2022,7,1,1,174
2022,7,1,2,187
2022,7,1,3,145
2022,7,1,4,126
2022,7,1,5,75
2022,7,1,6,73
2022,7,1,7,73
2022,7,1,8,83
2022,7,1,9,122
2022,7,1,10,129
2022,7,1,11,121
2022,7,1,12,165
2022,7,1,13,144
2022,7,1,14,136
2022,7,1,15,157
2022,7,1,16,196
2022,7,1,17,161
2022,7,1,18,165
2022,7,1,19,173
2022,7,1,20,174
2022,7,1,21,194
2022,7,1,22,181
2022,7,1,23,149
2022,7,2,0,297
2022,7,2,1,108
2022,7,2,2,109
2022,7,2,3,58
2022,7,2,4,61
2022,7,2,5,34
2022,7,2,6,57
2022,7,2,7,76
2022,7,2,8,94
2022,7,2,9,109
2022,7,2,10,114
2022,7,2,11,134
2022,7,2,12,158
2022,7,2,13,134
2022,7,2,14,152
2022,7,2,15,116
2022,7,2,16,138
2022,7,2,17,153
2022,7,2,18,141
2022,7,2,19,130
2022,7,2,20,127
2022,7,2,21,141
2022,7,2,22,145
2022,7,2,23,145
2022,7,3,0,227
2022,7,3,1,86
2022,7,3,2,71
2022,7,3,3,84
2022,7,3,4,54
2022,7,3,5,38
2022,7,3,6,56
2022,7,3,7,68
2022,7,3,8,80
2022,7,3,9,133
2022,7,3,10,106
2022,7,3,11,110
2022,7,3,12,159
2022,7,3,13,104
2022,7,3,14,116
2022,7,3,15,140
2022,7,3,16,138
2022,7,3,17,135
2022,7,3,18,147
2022,7,3,19,158
2022,7,3,20,136
2022,7,3,21,126
2022,7,3,22,129
2022,7,3,23,122
2022,7,4,0,247
2022,7,4,1,85
2022,7,4,2,77
2022,7,4,3,59
2022,7,4,4,43
2022,7,4,5,43
2022,7,4,6,43
2022,7,4,7,61
2022,7,4,8,72
2022,7,4,9,106
2022,7,4,10,95
2022,7,4,11,127
2022,7,4,12,155
2022,7,4,13,116
2022,7,4,14,126
2022,7,4,15,131
2022,7,4,16,137
2022,7,4,17,141
2022,7,4,18,170
2022,7,4,19,151
2022,7,4,20,134
2022,7,4,21,121
2022,7,4,22,136
2022,7,4,23,110
2022,7,5,0,238
2022,7,5,1,89
2022,7,5,2,72
2022,7,5,3,68
2022,7,5,4,55
2022,7,5,5,39
2022,7,5,6,43
2022,7,5,7,73
2022,7,5,8,92
2022,7,5,9,116
2022,7,5,10,117
2022,7,5,11,126
2022,7,5,12,137
2022,7,5,13,132
2022,7,5,14,137
2022,7,5,15,155
2022,7,5,16,145
2022,7,5,17,153
2022,7,5,18,143
2022,7,5,19,131
2022,7,5,20,150
2022,7,5,21,128
2022,7,5,22,125
2022,7,5,23,113
2022,7,6,0,381
2022,7,6,1,93
2022,7,6,2,106
2022,7,6,3,85
2022,7,6,4,96
2022,7,6,5,72
2022,7,6,6,63
2022,7,6,7,97
2022,7,6,8,135
2022,7,6,9,175
2022,7,6,10,154
2022,7,6,11,155
2022,7,6,12,206
2022,7,6,13,145
2022,7,6,14,160
2022,7,6,15,208
2022,7,6,16,206
2022,7,6,17,197
2022,7,6,18,178
2022,7,6,19,200
2022,7,6,20,199
2022,7,6,21,205
2022,7,6,22,157
2022,7,6,23,157
2022,7,7,0,322
2022,7,7,1,155
2022,7,7,2,128
2022,7,7,3,119
2022,7,7,4,92
2022,7,7,5,73
2022,7,7,6,60
2022,7,7,7,76
2022,7,7,8,99
2022,7,7,9,134
2022,7,7,10,142
2022,7,7,11,149
2022,7,7,12,198
2022,7,7,13,154
2022,7,7,14,142
2022,7,7,15,166
2022,7,7,16,169
2022,7,7,17,173
2022,7,7,18,171
2022,7,7,19,203
2022,7,7,20,153
2022,7,7,21,199
2022,7,7,22,188
2022,7,7,23,181
2022,8,1,0,277
2022,8,1,1,149
2022,8,1,2,123
2022,8,1,3,99
2022,8,1,4,91
2022,8,1,5,61
2022,8,1,6,46
2022,8,1,7,66
2022,8,1,8,73
2022,8,1,9,94
2022,8,1,10,111
2022,8,1,11,108
2022,8,1,12,129
2022,8,1,13,104
2022,8,1,14,120
2022,8,1,15,132
2022,8,1,16,110
2022,8,1,17,143
2022,8,1,18,132
2022,8,1,19,138
2022,8,1,20,119
2022,8,1,21,124
2022,8,1,22,122
2022,8,1,23,98
2022,8,2,0,459
2022,8,2,1,102
2022,8,2,2,94
2022,8,2,3,76
2022,8,2,4,59
2022,8,2,5,54
2022,8,2,6,75
2022,8,2,7,82
2022,8,2,8,139
2022,8,2,9,162
2022,8,2,10,143
2022,8,2,11,157
2022,8,2,12,197
2022,8,2,13,153
2022,8,2,14,154
2022,8,2,15,175
2022,8,2,16,170
2022,8,2,17,183
2022,8,2,18,159
2022,8,2,19,155
2022,8,2,20,203
2022,8,2,21,170
2022,8,2,22,137
2022,8,2,23,131
2022,8,3,0,352
2022,8,3,1,95
2022,8,3,2,81
2022,8,3,3,67
2022,8,3,4,64
2022,8,3,5,55
2022,8,3,6,54
2022,8,3,7,96
2022,8,3,8,120
2022,8,3,9,148
2022,8,3,10,158
2022,8,3,11,134
2022,8,3,12,175
2022,8,3,13,141
2022,8,3,14,146
2022,8,3,15,201
2022,8,3,16,183
2022,8,3,17,202
2022,8,3,18,171
2022,8,3,19,203
2022,8,3,20,185
2022,8,3,21,172
2022,8,3,22,142
2022,8,3,23,138
2022,8,4,0,356
2022,8,4,1,85
2022,8,4,2,103
2022,8,4,3,67
2022,8,4,4,58
2022,8,4,5,57
2022,8,4,6,73
2022,8,4,7,116
2022,8,4,8,112
2022,8,4,9,175
2022,8,4,10,167
2022,8,4,11,145
2022,8,4,12,223
2022,8,4,13,174
2022,8,4,14,166
2022,8,4,15,155
2022,8,4,16,193
2022,8,4,17,185
2022,8,4,18,197
2022,8,4,19,175
2022,8,4,20,165
2022,8,4,21,158
2022,8,4,22,167
2022,8,4,23,136
2022,8,5,0,268
2022,8,5,1,84
2022,8,5,2,67
2022,8,5,3,77
2022,8,5,4,57
2022,8,5,5,35
2022,8,5,6,46
2022,8,5,7,55
2022,8,5,8,109
2022,8,5,9,118
2022,8,5,10,121
2022,8,5,11,112
2022,8,5,12,169
2022,8,5,13,129
2022,8,5,14,126
2022,8,5,15,159
2022,8,5,16,149
2022,8,5,17,154
2022,8,5,18,125
2022,8,5,19,145
2022,8,5,20,143
2022,8,5,21,143
2022,8,5,22,125
2022,8,5,23,105
2022,8,6,0,281
2022,8,6,1,106
2022,8,6,2,96
2022,8,6,3,86
2022,8,6,4,47
2022,8,6,5,57
2022,8,6,6,54
2022,8,6,7,68
2022,8,6,8,98
2022,8,6,9,121
2022,8,6,10,122
2022,8,6,11,121
2022,8,6,12,184
2022,8,6,13,140
2022,8,6,14,125
2022,8,6,15,164
2022,8,6,16,157
2022,8,6,17,156
2022,8,6,18,165
2022,8,6,19,164
2022,8,6,20,140
2022,8,6,21,139
2022,8,6,22,134
2022,8,6,23,122
2022,8,7,0,282
2022,8,7,1,144
2022,8,7,2,110
2022,8,7,3,96
2022,8,7,4,83
2022,8,7,5,75
2022,8,7,6,57
2022,8,7,7,55
2022,8,7,8,78
2022,8,7,9,106
2022,8,7,10,125
2022,8,7,11,110
2022,8,7,12,127
2022,8,7,13,116
2022,8,7,14,128
2022,8,7,15,128
2022,8,7,16,129
2022,8,7,17,148
2022,8,7,18,139
2022,8,7,19,126
2022,8,7,20,143
2022,8,7,21,147
2022,8,7,22,125
2022,8,7,23,133
2022,9,1,0,287
2022,9,1,1,144
2022,9,1,2,136
2022,9,1,3,113
2022,9,1,4,93
2022,9,1,5,65
2022,9,1,6,64
2022,9,1,7,47
2022,9,1,8,91
2022,9,1,9,103
2022,9,1,10,99
2022,9,1,11,76
2022,9,1,12,120
2022,9,1,13,94
2022,9,1,14,121
2022,9,1,15,99
2022,9,1,16,120
2022,9,1,17,150
2022,9,1,18,138
2022,9,1,19,121
2022,9,1,20,131
2022,9,1,21,130
2022,9,1,22,112
2022,9,1,23,130
2022,9,2,0,294
2022,9,2,1,87
2022,9,2,2,84
2022,9,2,3,68
2022,9,2,4,41
2022,9,2,5,48
2022,9,2,6,50
2022,9,2,7,70
2022,9,2,8,128
2022,9,2,9,112
2022,9,2,10,133
2022,9,2,11,129
2022,9,2,12,142
2022,9,2,13,126
2022,9,2,14,141
2022,9,2,15,190
2022,9,2,16,150
2022,9,2,17,151
2022,9,2,18,159
2022,9,2,19,144
2022,9,2,20,160
2022,9,2,21,137
2022,9,2,22,117
2022,9,2,23,95
2022,9,3,0,313
2022,9,3,1,79
2022,9,3,2,62
2022,9,3,3,40
2022,9,3,4,28
2022,9,3,5,42
2022,9,3,6,48
2022,9,3,7,66
2022,9,3,8,116
2022,9,3,9,117
2022,9,3,10,105
2022,9,3,11,111
2022,9,3,12,137
2022,9,3,13,137
2022,9,3,14,145
2022,9,3,15,131
2022,9,3,16,156
2022,9,3,17,175
2022,9,3,18,150
2022,9,3,19,152
2022,9,3,20,162
2022,9,3,21,150
2022,9,3,22,125
2022,9,3,23,103
2022,9,4,0,327
2022,9,4,1,97
2022,9,4,2,50
2022,9,4,3,50
2022,9,4,4,56
2022,9,4,5,41
2022,9,4,6,52
2022,9,4,7,86
2022,9,4,8,107
2022,9,4,9,124
2022,9,4,10,129
2022,9,4,11,123
2022,9,4,12,165
2022,9,4,13,125
2022,9,4,14,140
2022,9,4,15,138
2022,9,4,16,150
2022,9,4,17,152
2022,9,4,18,190
2022,9,4,19,158
2022,9,4,20,153
2022,9,4,21,132
2022,9,4,22,143
2022,9,4,23,104
2022,9,5,0,433
2022,9,5,1,95
2022,9,5,2,86
2022,9,5,3,79
2022,9,5,4,46
2022,9,5,5,51
2022,9,5,6,70
2022,9,5,7,113
2022,9,5,8,152
2022,9,5,9,175
2022,9,5,10,155
2022,9,5,11,163
2022,9,5,12,204
2022,9,5,13,154
2022,9,5,14,166
2022,9,5,15,182
2022,9,5,16,203
2022,9,5,17,188
2022,9,5,18,181
2022,9,5,19,179
2022,9,5,20,171
2022,9,5,21,177
2022,9,5,22,157
2022,9,5,23,133
2022,9,6,0,385
2022,9,6,1,127
2022,9,6,2,94
2022,9,6,3,73
2022,9,6,4,65
2022,9,6,5,72
2022,9,6,6,67
2022,9,6,7,101
2022,9,6,8,148
2022,9,6,9,171
2022,9,6,10,141
2022,9,6,11,138
2022,9,6,12,224
2022,9,6,13,178
2022,9,6,14,143
2022,9,6,15,220
2022,9,6,16,176
2022,9,6,17,200
2022,9,6,18,182
2022,9,6,19,198
2022,9,6,20,176
2022,9,6,21,194
2022,9,6,22,185
2022,9,6,23,199
2022,9,7,0,266
2022,9,7,1,146
2022,9,7,2,115
2022,9,7,3,102
2022,9,7,4,91
2022,9,7,5,64
2022,9,7,6,60
2022,9,7,7,73
2022,9,7,8,94
2022,9,7,9,105
2022,9,7,10,122
2022,9,7,11,119
2022,9,7,12,154
2022,9,7,13,118
2022,9,7,14,115
2022,9,7,15,136
2022,9,7,16,134
2022,9,7,17,152
2022,9,7,18,152
2022,9,7,19,147
2022,9,7,20,153
2022,9,7,21,149
2022,9,7,22,182
2022,9,7,23,142
2022,10,1,0,335
2022,10,1,1,155
2022,10,1,2,173
2022,10,1,3,163
2022,10,1,4,103
2022,10,1,5,83
2022,10,1,6,46
2022,10,1,7,75
2022,10,1,8,98
2022,10,1,9,129
2022,10,1,10,143
2022,10,1,11,152
2022,10,1,12,182
2022,10,1,13,148
2022,10,1,14,140
2022,10,1,15,162
2022,10,1,16,169
2022,10,1,17,189
2022,10,1,18,153
2022,10,1,19,207
2022,10,1,20,219
2022,10,1,21,159
2022,10,1,22,181
2022,10,1,23,166
2022,10,2,0,365
2022,10,2,1,109
2022,10,2,2,112
2022,10,2,3,75
2022,10,2,4,66
2022,10,2,5,53
2022,10,2,6,66
2022,10,2,7,120
2022,10,2,8,133
2022,10,2,9,138
2022,10,2,10,167
2022,10,2,11,149
2022,10,2,12,222
2022,10,2,13,133
2022,10,2,14,189
2022,10,2,15,195
2022,10,2,16,194
2022,10,2,17,227
2022,10,2,18,228
2022,10,2,19,192
2022,10,2,20,195
2022,10,2,21,198
2022,10,2,22,150
2022,10,2,23,127
2022,10,3,0,283
2022,10,3,1,59
2022,10,3,2,80
2022,10,3,3,64
2022,10,3,4,70
2022,10,3,5,40
2022,10,3,6,58
2022,10,3,7,82
2022,10,3,8,87
2022,10,3,9,117
2022,10,3,10,111
2022,10,3,11,126
2022,10,3,12,168
2022,10,3,13,105
2022,10,3,14,117
2022,10,3,15,124
2022,10,3,16,146
2022,10,3,17,165
2022,10,3,18,156
2022,10,3,19,123
2022,10,3,20,151
2022,10,3,21,130
2022,10,3,22,128
2022,10,3,23,88
2022,10,4,0,282
2022,10,4,1,51
2022,10,4,2,53
2022,10,4,3,57
2022,10,4,4,42
2022,10,4,5,47
2022,10,4,6,75
2022,10,4,7,77
2022,10,4,8,111
2022,10,4,9,127
2022,10,4,10,109
2022,10,4,11,130
2022,10,4,12,158
2022,10,4,13,150
2022,10,4,14,149
2022,10,4,15,200
2022,10,4,16,144
2022,10,4,17,151
2022,10,4,18,162
2022,10,4,19,145
2022,10,4,20,172
2022,10,4,21,136
2022,10,4,22,134
2022,10,4,23,90
2022,10,5,0,270
2022,10,5,1,82
2022,10,5,2,57
2022,10,5,3,68
2022,10,5,4,46
2022,10,5,5,48
2022,10,5,6,48
2022,10,5,7,84
2022,10,5,8,110
2022,10,5,9,144
2022,10,5,10,116
2022,10,5,11,126
2022,10,5,12,163
2022,10,5,13,129
2022,10,5,14,132
2022,10,5,15,138
2022,10,5,16,158
2022,10,5,17,160
2022,10,5,18,158
2022,10,5,19,169
2022,10,5,20,142
2022,10,5,21,124
2022,10,5,22,116
2022,10,5,23,110
2022,10,6,0,236
2022,10,6,1,81
2022,10,6,2,78
2022,10,6,3,59
2022,10,6,4,42
2022,10,6,5,45
2022,10,6,6,46
2022,10,6,7,72
2022,10,6,8,109
2022,10,6,9,120
2022,10,6,10,141
2022,10,6,11,120
2022,10,6,12,184
2022,10,6,13,123
2022,10,6,14,141
2022,10,6,15,173
2022,10,6,16,134
2022,10,6,17,147
2022,10,6,18,159
2022,10,6,19,156
2022,10,6,20,165
2022,10,6,21,146
2022,10,6,22,156
2022,10,6,23,128
2022,10,7,0,364
2022,10,7,1,197
2022,10,7,2,147
2022,10,7,3,107
2022,10,7,4,101
2022,10,7,5,66
2022,10,7,6,66
2022,10,7,7,88
2022,10,7,8,109
2022,10,7,9,141
2022,10,7,10,178
2022,10,7,11,161
2022,10,7,12,211
2022,10,7,13,171
2022,10,7,14,166
2022,10,7,15,189
2022,10,7,16,180
2022,10,7,17,201
2022,10,7,18,181
2022,10,7,19,217
2022,10,7,20,203
2022,10,7,21,163
2022,10,7,22,188
2022,10,7,23,193
2022,11,1,0,215
2022,11,1,1,142
2022,11,1,2,106
2022,11,1,3,78
2022,11,1,4,59
2022,11,1,5,72
2022,11,1,6,43
2022,11,1,7,81
2022,11,1,8,70
2022,11,1,9,110
2022,11,1,10,98
2022,11,1,11,93
2022,11,1,12,135
2022,11,1,13,117
2022,11,1,14,141
2022,11,1,15,108
2022,11,1,16,131
2022,11,1,17,150
2022,11,1,18,132
2022,11,1,19,148
2022,11,1,20,116
2022,11,1,21,123
2022,11,1,22,116
2022,11,1,23,95
2022,11,2,0,209
2022,11,2,1,57
2022,11,2,2,65
2022,11,2,3,62
2022,11,2,4,53
2022,11,2,5,55
2022,11,2,6,55
2022,11,2,7,85
2022,11,2,8,103
2022,11,2,9,124
2022,11,2,10,129
2022,11,2,11,128
2022,11,2,12,182
2022,11,2,13,111
2022,11,2,14,118
2022,11,2,15,159
2022,11,2,16,160
2022,11,2,17,134
2022,11,2,18,137
2022,11,2,19,138
2022,11,2,20,122
2022,11,2,21,128
2022,11,2,22,108
2022,11,2,23,75
2022,11,3,0,247
2022,11,3,1,94
2022,11,3,2,70
2022,11,3,3,60
2022,11,3,4,56
2022,11,3,5,57
2022,11,3,6,52
2022,11,3,7,124
2022,11,3,8,129
2022,11,3,9,163
2022,11,3,10,154
2022,11,3,11,171
2022,11,3,12,235
2022,11,3,13,183
2022,11,3,14,167
2022,11,3,15,191
2022,11,3,16,186
2022,11,3,17,187
2022,11,3,18,179
2022,11,3,19,185
2022,11,3,20,175
2022,11,3,21,138
2022,11,3,22,155
2022,11,3,23,120
2022,11,4,0,225
2022,11,4,1,81
2022,11,4,2,76
2022,11,4,3,66
2022,11,4,4,50
2022,11,4,5,37
2022,11,4,6,71
2022,11,4,7,119
2022,11,4,8,136
2022,11,4,9,168
2022,11,4,10,155
2022,11,4,11,185
2022,11,4,12,205
2022,11,4,13,153
2022,11,4,14,164
2022,11,4,15,185
2022,11,4,16,194
2022,11,4,17,191
2022,11,4,18,176
2022,11,4,19,200
2022,11,4,20,187
2022,11,4,21,166
2022,11,4,22,146
2022,11,4,23,134
2022,11,5,0,194
2022,11,5,1,75
2022,11,5,2,73
2022,11,5,3,60
2022,11,5,4,57
2022,11,5,5,43
2022,11,5,6,58
2022,11,5,7,78
2022,11,5,8,97
2022,11,5,9,115
2022,11,5,10,111
2022,11,5,11,123
2022,11,5,12,181
2022,11,5,13,118
2022,11,5,14,115
2022,11,5,15,142
2022,11,5,16,147
2022,11,5,17,137
2022,11,5,18,143
2022,11,5,19,135
2022,11,5,20,142
2022,11,5,21,136
2022,11,5,22,126
2022,11,5,23,94
2022,11,6,0,215
2022,11,6,1,71
2022,11,6,2,74
2022,11,6,3,55
2022,11,6,4,58
2022,11,6,5,44
2022,11,6,6,56
2022,11,6,7,75
2022,11,6,8,113
2022,11,6,9,122
2022,11,6,10,116
2022,11,6,11,142
2022,11,6,12,165
2022,11,6,13,144
2022,11,6,14,146
2022,11,6,15,157
2022,11,6,16,154
2022,11,6,17,149
2022,11,6,18,179
2022,11,6,19,142
2022,11,6,20,153
2022,11,6,21,139
2022,11,6,22,126
2022,11,6,23,120
2022,11,7,0,200
2022,11,7,1,106
2022,11,7,2,117
2022,11,7,3,81
2022,11,7,4,71
2022,11,7,5,45
2022,11,7,6,50
2022,11,7,7,44
2022,11,7,8,75
2022,11,7,9,80
2022,11,7,10,103
2022,11,7,11,124
2022,11,7,12,157
2022,11,7,13,117
2022,11,7,14,135
2022,11,7,15,143
2022,11,7,16,158
2022,11,7,17,148
2022,11,7,18,140
2022,11,7,19,118
2022,11,7,20,128
2022,11,7,21,152
2022,11,7,22,120
2022,11,7,23,139
2022,12,1,0,181
2022,12,1,1,115
2022,12,1,2,96
2022,12,1,3,93
2022,12,1,4,60
2022,12,1,5,47
2022,12,1,6,45
2022,12,1,7,49
2022,12,1,8,94
2022,12,1,9,82
2022,12,1,10,76
2022,12,1,11,106
2022,12,1,12,140
2022,12,1,13,95
2022,12,1,14,118
2022,12,1,15,120
2022,12,1,16,127
2022,12,1,17,120
2022,12,1,18,114
2022,12,1,19,125
2022,12,1,20,133
2022,12,1,21,98
2022,12,1,22,104
2022,12,1,23,96
2022,12,2,0,163
2022,12,2,1,64
2022,12,2,2,61
2022,12,2,3,68
2022,12,2,4,31
2022,12,2,5,55
2022,12,2,6,41
2022,12,2,7,72
2022,12,2,8,108
2022,12,2,9,96
2022,12,2,10,105
2022,12,2,11,97
2022,12,2,12,164
2022,12,2,13,125
2022,12,2,14,116
2022,12,2,15,142
2022,12,2,16,149
2022,12,2,17,150
2022,12,2,18,149
2022,12,2,19,130
2022,12,2,20,122
2022,12,2,21,91
2022,12,2,22,102
2022,12,2,23,80
2022,12,3,0,185
2022,12,3,1,58
2022,12,3,2,56
2022,12,3,3,46
2022,12,3,4,49
2022,12,3,5,56
2022,12,3,6,52
2022,12,3,7,64
2022,12,3,8,104
2022,12,3,9,127
2022,12,3,10,106
2022,12,3,11,112
2022,12,3,12,171
2022,12,3,13,136
2022,12,3,14,133
2022,12,3,15,163
2022,12,3,16,167
2022,12,3,17,162
2022,12,3,18,139
2022,12,3,19,150
2022,12,3,20,128
2022,12,3,21,109
2022,12,3,22,115
2022,12,3,23,75
2022,12,4,0,182
2022,12,4,1,66
2022,12,4,2,54
2022,12,4,3,59
2022,12,4,4,45
2022,12,4,5,44
2022,12,4,6,49
2022,12,4,7,77
2022,12,4,8,103
2022,12,4,9,98
2022,12,4,10,124
2022,12,4,11,122
2022,12,4,12,147
2022,12,4,13,115
2022,12,4,14,143
2022,12,4,15,167
2022,12,4,16,126
2022,12,4,17,143
2022,12,4,18,151
2022,12,4,19,157
2022,12,4,20,138
2022,12,4,21,124
2022,12,4,22,132
2022,12,4,23,90
2022,12,5,0,252
2022,12,5,1,96
2022,12,5,2,84
2022,12,5,3,73
2022,12,5,4,50
2022,12,5,5,67
2022,12,5,6,61
2022,12,5,7,83
2022,12,5,8,111
2022,12,5,9,174
2022,12,5,10,158
2022,12,5,11,162
2022,12,5,12,226
2022,12,5,13,151
2022,12,5,14,138
2022,12,5,15,184
2022,12,5,16,162
2022,12,5,17,178
2022,12,5,18,168
2022,12,5,19,148
2022,12,5,20,139
2022,12,5,21,120
2022,12,5,22,116
2022,12,5,23,120
2022,12,6,0,210
2022,12,6,1,100
2022,12,6,2,75
2022,12,6,3,68
2022,12,6,4,56
2022,12,6,5,47
2022,12,6,6,56
2022,12,6,7,83
2022,12,6,8,121
2022,12,6,9,146
2022,12,6,10,118
2022,12,6,11,141
2022,12,6,12,176
2022,12,6,13,150
2022,12,6,14,155
2022,12,6,15,197
2022,12,6,16,176
2022,12,6,17,168
2022,12,6,18,158
2022,12,6,19,180
2022,12,6,20,150
2022,12,6,21,141
2022,12,6,22,140
2022,12,6,23,134
2022,12,7,0,222
2022,12,7,1,145
2022,12,7,2,127
2022,12,7,3,84
2022,12,7,4,76
2022,12,7,5,52
2022,12,7,6,60
2022,12,7,7,82
2022,12,7,8,86
2022,12,7,9,112
2022,12,7,10,114
2022,12,7,11,143
2022,12,7,12,167
2022,12,7,13,127
2022,12,7,14,139
2022,12,7,15,149
2022,12,7,16,165
2022,12,7,17,152
2022,12,7,18,166
2022,12,7,19,160
2022,12,7,20,156
2022,12,7,21,176
2022,12,7,22,138
2022,12,7,23,156
2023,1,1,0,376
2023,1,1,1,204
2023,1,1,2,169
2023,1,1,3,117
2023,1,1,4,109
2023,1,1,5,78
2023,1,1,6,66
2023,1,1,7,68
2023,1,1,8,92
2023,1,1,9,106
2023,1,1,10,117
2023,1,1,11,124
2023,1,1,12,176
2023,1,1,13,129
2023,1,1,14,138
2023,1,1,15,157
2023,1,1,16,175
2023,1,1,17,184
2023,1,1,18,150
2023,1,1,19,173
2023,1,1,20,148
2023,1,1,21,151
2023,1,1,22,143
2023,1,1,23,122
2023,1,2,0,234
2023,1,2,1,98
2023,1,2,2,76
2023,1,2,3,61
2023,1,2,4,53
2023,1,2,5,49
2023,1,2,6,51
2023,1,2,7,91
2023,1,2,8,96
2023,1,2,9,144
2023,1,2,10,140
2023,1,2,11,135
2023,1,2,12,209
2023,1,2,13,148
2023,1,2,14,154
2023,1,2,15,177
2023,1,2,16,210
2023,1,2,17,179
2023,1,2,18,192
2023,1,2,19,172
2023,1,2,20,162
2023,1,2,21,161
2023,1,2,22,123
2023,1,2,23,108
2023,1,3,0,228
2023,1,3,1,79
2023,1,3,2,60
2023,1,3,3,50
2023,1,3,4,46
2023,1,3,5,41
2023,1,3,6,54
2023,1,3,7,88
2023,1,3,8,127
2023,1,3,9,152
2023,1,3,10,164
2023,1,3,11,149
2023,1,3,12,195
2023,1,3,13,157
2023,1,3,14,156
2023,1,3,15,186
2023,1,3,16,186
2023,1,3,17,225
2023,1,3,18,199
2023,1,3,19,204
2023,1,3,20,164
2023,1,3,21,141
2023,1,3,22,119
2023,1,3,23,90
2023,1,4,0,168
2023,1,4,1,53
2023,1,4,2,48
2023,1,4,3,37
2023,1,4,4,50
2023,1,4,5,60
2023,1,4,6,57
2023,1,4,7,70
2023,1,4,8,92
2023,1,4,9,119
2023,1,4,10,116
2023,1,4,11,125
2023,1,4,12,155
2023,1,4,13,124
2023,1,4,14,141
2023,1,4,15,184
2023,1,4,16,145
2023,1,4,17,175
2023,1,4,18,155
2023,1,4,19,149
2023,1,4,20,134
2023,1,4,21,125
2023,1,4,22,119
2023,1,4,23,106
2023,1,5,0,179
2023,1,5,1,61
2023,1,5,2,54
2023,1,5,3,47
2023,1,5,4,33
2023,1,5,5,45
2023,1,5,6,51
2023,1,5,7,70
2023,1,5,8,97
2023,1,5,9,105
2023,1,5,10,117
2023,1,5,11,101
2023,1,5,12,165
2023,1,5,13,130
2023,1,5,14,141
2023,1,5,15,172
2023,1,5,16,143
2023,1,5,17,153
2023,1,5,18,127
2023,1,5,19,146
2023,1,5,20,137
2023,1,5,21,124
2023,1,5,22,93
2023,1,5,23,98
2023,1,6,0,170
2023,1,6,1,73
2023,1,6,2,57
2023,1,6,3,48
2023,1,6,4,39
2023,1,6,5,50
2023,1,6,6,54
2023,1,6,7,66
2023,1,6,8,105
2023,1,6,9,120
2023,1,6,10,95
2023,1,6,11,111
2023,1,6,12,157
2023,1,6,13,130
2023,1,6,14,146
2023,1,6,15,172
2023,1,6,16,151
2023,1,6,17,164
2023,1,6,18,152
2023,1,6,19,152
2023,1,6,20,153
2023,1,6,21,117
2023,1,6,22,127
2023,1,6,23,115
2023,1,7,0,175
2023,1,7,1,125
2023,1,7,2,127
2023,1,7,3,88
2023,1,7,4,66
2023,1,7,5,60
2023,1,7,6,40
2023,1,7,7,48
2023,1,7,8,83
2023,1,7,9,93
2023,1,7,10,125
2023,1,7,11,131
2023,1,7,12,142
2023,1,7,13,124
2023,1,7,14,129
2023,1,7,15,152
2023,1,7,16,154
2023,1,7,17,155
2023,1,7,18,151
2023,1,7,19,130
2023,1,7,20,146
2023,1,7,21,122
2023,1,7,22,144
2023,1,7,23,123
2023,2,1,0,193
2023,2,1,1,134
2023,2,1,2,140
2023,2,1,3,112
2023,2,1,4,77
2023,2,1,5,69
2023,2,1,6,47
2023,2,1,7,56
2023,2,1,8,63
2023,2,1,9,77
2023,2,1,10,95
2023,2,1,11,102
2023,2,1,12,165
2023,2,1,13,103
2023,2,1,14,107
2023,2,1,15,127
2023,2,1,16,113
2023,2,1,17,120
2023,2,1,18,161
2023,2,1,19,129
2023,2,1,20,137
2023,2,1,21,132
2023,2,1,22,115
2023,2,1,23,111
2023,2,2,0,161
2023,2,2,1,75
2023,2,2,2,58
2023,2,2,3,53
2023,2,2,4,47
2023,2,2,5,41
2023,2,2,6,47
2023,2,2,7,72
2023,2,2,8,95
2023,2,2,9,104
2023,2,2,10,98
2023,2,2,11,115
2023,2,2,12,143
2023,2,2,13,126
2023,2,2,14,125
2023,2,2,15,168
2023,2,2,16,167
2023,2,2,17,167
2023,2,2,18,147
2023,2,2,19,130
2023,2,2,20,126
2023,2,2,21,108
2023,2,2,22,110
2023,2,2,23,110
2023,2,3,0,179
2023,2,3,1,48
2023,2,3,2,47
2023,2,3,3,38
2023,2,3,4,40
2023,2,3,5,46
2023,2,3,6,52
2023,2,3,7,80
2023,2,3,8,104
2023,2,3,9,107
2023,2,3,10,125
2023,2,3,11,139
2023,2,3,12,165
2023,2,3,13,129
2023,2,3,14,135
2023,2,3,15,159
2023,2,3,16,129
2023,2,3,17,161
2023,2,3,18,155
2023,2,3,19,138
2023,2,3,20,129
2023,2,3,21,136
2023,2,3,22,84
2023,2,3,23,87
2023,2,4,0,177
2023,2,4,1,49
2023,2,4,2,40
2023,2,4,3,45
2023,2,4,4,34
2023,2,4,5,28
2023,2,4,6,40
2023,2,4,7,77
2023,2,4,8,86
2023,2,4,9,110
2023,2,4,10,122
2023,2,4,11,119
2023,2,4,12,160
2023,2,4,13,106
2023,2,4,14,119
2023,2,4,15,135
2023,2,4,16,138
2023,2,4,17,146
2023,2,4,18,138
2023,2,4,19,141
2023,2,4,20,126
2023,2,4,21,120
2023,2,4,22,97
2023,2,4,23,83
2023,2,5,0,137
2023,2,5,1,65
2023,2,5,2,56
2023,2,5,3,32
2023,2,5,4,38
2023,2,5,5,37
2023,2,5,6,46
2023,2,5,7,59
2023,2,5,8,92
2023,2,5,9,144
2023,2,5,10,103
2023,2,5,11,113
2023,2,5,12,157
2023,2,5,13,142
2023,2,5,14,129
2023,2,5,15,179
2023,2,5,16,131
2023,2,5,17,128
2023,2,5,18,150
2023,2,5,19,128
2023,2,5,20,152
2023,2,5,21,111
2023,2,5,22,87
2023,2,5,23,71
2023,2,6,0,165
2023,2,6,1,69
2023,2,6,2,59
2023,2,6,3,35
2023,2,6,4,30
2023,2,6,5,37
2023,2,6,6,46
2023,2,6,7,64
2023,2,6,8,86
2023,2,6,9,108
2023,2,6,10,129
2023,2,6,11,114
2023,2,6,12,167
2023,2,6,13,109
2023,2,6,14,130
2023,2,6,15,162
2023,2,6,16,162
2023,2,6,17,149
2023,2,6,18,145
2023,2,6,19,153
2023,2,6,20,124
2023,2,6,21,132
2023,2,6,22,131
2023,2,6,23,117
2023,2,7,0,185
2023,2,7,1,106
2023,2,7,2,106
2023,2,7,3,69
2023,2,7,4,67
2023,2,7,5,54
2023,2,7,6,48
2023,2,7,7,57
2023,2,7,8,56
2023,2,7,9,86
2023,2,7,10,110
2023,2,7,11,113
2023,2,7,12,164
2023,2,7,13,116
2023,2,7,14,115
2023,2,7,15,146
2023,2,7,16,149
2023,2,7,17,127
2023,2,7,18,135
2023,2,7,19,145
2023,2,7,20,158
2023,2,7,21,130
2023,2,7,22,137
2023,2,7,23,132
2023,3,1,0,187
2023,3,1,1,109
2023,3,1,2,78
2023,3,1,3,110
2023,3,1,4,82
2023,3,1,5,61
2023,3,1,6,38
2023,3,1,7,39
2023,3,1,8,84
2023,3,1,9,87
2023,3,1,10,91
2023,3,1,11,88
2023,3,1,12,115
2023,3,1,13,115
2023,3,1,14,125
2023,3,1,15,135
2023,3,1,16,125
2023,3,1,17,128
2023,3,1,18,141
2023,3,1,19,116
2023,3,1,20,124
2023,3,1,21,116
2023,3,1,22,113
2023,3,1,23,97
2023,3,2,0,182
2023,3,2,1,60
2023,3,2,2,54
2023,3,2,3,40
2023,3,2,4,41
2023,3,2,5,46
2023,3,2,6,45
2023,3,2,7,78
2023,3,2,8,106
2023,3,2,9,118
2023,3,2,10,111
2023,3,2,11,118
2023,3,2,12,172
2023,3,2,13,113
2023,3,2,14,123
2023,3,2,15,174
2023,3,2,16,150
2023,3,2,17,149
2023,3,2,18,159
2023,3,2,19,166
2023,3,2,20,104
2023,3,2,21,105
2023,3,2,22,99
2023,3,2,23,99
2023,3,3,0,148
2023,3,3,1,49
2023,3,3,2,62
2023,3,3,3,35
2023,3,3,4,31
2023,3,3,5,35
2023,3,3,6,46
2023,3,3,7,88
2023,3,3,8,109
2023,3,3,9,130
2023,3,3,10,129
2023,3,3,11,124
2023,3,3,12,171
2023,3,3,13,129
2023,3,3,14,133
2023,3,3,15,174
2023,3,3,16,163
2023,3,3,17,156
2023,3,3,18,153
2023,3,3,19,132
2023,3,3,20,148
2023,3,3,21,116
2023,3,3,22,98
2023,3,3,23,112
2023,3,4,0,239
2023,3,4,1,91
2023,3,4,2,61
2023,3,4,3,55
2023,3,4,4,58
2023,3,4,5,57
2023,3,4,6,62
2023,3,4,7,92
2023,3,4,8,129
2023,3,4,9,162
2023,3,4,10,129
2023,3,4,11,162
2023,3,4,12,208
2023,3,4,13,170
2023,3,4,14,166
2023,3,4,15,223
2023,3,4,16,166
2023,3,4,17,168
2023,3,4,18,193
2023,3,4,19,153
2023,3,4,20,156
2023,3,4,21,146
2023,3,4,22,149
2023,3,4,23,102
2023,3,5,0,211
2023,3,5,1,88
2023,3,5,2,72
2023,3,5,3,67
2023,3,5,4,49
2023,3,5,5,50
2023,3,5,6,61
2023,3,5,7,91
2023,3,5,8,115
2023,3,5,9,145
2023,3,5,10,131
2023,3,5,11,144
2023,3,5,12,185
2023,3,5,13,138
2023,3,5,14,165
2023,3,5,15,194
2023,3,5,16,190
2023,3,5,17,179
2023,3,5,18,158
2023,3,5,19,178
2023,3,5,20,182
2023,3,5,21,136
2023,3,5,22,121
2023,3,5,23,126
2023,3,6,0,206
2023,3,6,1,81
2023,3,6,2,85
2023,3,6,3,62
2023,3,6,4,49
2023,3,6,5,46
2023,3,6,6,52
2023,3,6,7,73
2023,3,6,8,132
2023,3,6,9,164
2023,3,6,10,155
2023,3,6,11,169
2023,3,6,12,197
2023,3,6,13,152
2023,3,6,14,197
2023,3,6,15,198
2023,3,6,16,182
2023,3,6,17,188
2023,3,6,18,185
2023,3,6,19,169
2023,3,6,20,199
2023,3,6,21,168
2023,3,6,22,150
2023,3,6,23,148
2023,3,7,0,162
2023,3,7,1,110
2023,3,7,2,90
2023,3,7,3,79
2023,3,7,4,41
2023,3,7,5,51
2023,3,7,6,46
2023,3,7,7,37
2023,3,7,8,83
2023,3,7,9,98
2023,3,7,10,82
2023,3,7,11,111
2023,3,7,12,140
2023,3,7,13,118
2023,3,7,14,107
2023,3,7,15,131
2023,3,7,16,134
2023,3,7,17,118
2023,3,7,18,157
2023,3,7,19,149
2023,3,7,20,126
2023,3,7,21,108
2023,3,7,22,118
2023,3,7,23,128
2023,4,1,0,157
2023,4,1,1,103
2023,4,1,2,89
2023,4,1,3,74
2023,4,1,4,72
2023,4,1,5,43
2023,4,1,6,48
2023,4,1,7,47
2023,4,1,8,50
2023,4,1,9,56
2023,4,1,10,76
2023,4,1,11,58
2023,4,1,12,84
2023,4,1,13,73
2023,4,1,14,90
2023,4,1,15,92
2023,4,1,16,112
2023,4,1,17,93
2023,4,1,18,87
2023,4,1,19,93
2023,4,1,20,121
2023,4,1,21,97
2023,4,1,22,82
2023,4,1,23,95
2023,4,2,0,122
2023,4,2,1,53
2023,4,2,2,42
2023,4,2,3,43
2023,4,2,4,26
2023,4,2,5,46
2023,4,2,6,48
2023,4,2,7,54
2023,4,2,8,78
2023,4,2,9,90
2023,4,2,10,90
2023,4,2,11,77
2023,4,2,12,99
2023,4,2,13,81
2023,4,2,14,94
2023,4,2,15,106
2023,4,2,16,116
2023,4,2,17,115
2023,4,2,18,105
2023,4,2,19,84
2023,4,2,20,86
2023,4,2,21,92
2023,4,2,22,80
2023,4,2,23,66
2023,4,3,0,90
2023,4,3,1,33
2023,4,3,2,47
2023,4,3,3,27
2023,4,3,4,33
2023,4,3,5,35
2023,4,3,6,26
2023,4,3,7,50
2023,4,3,8,67
2023,4,3,9,95
2023,4,3,10,80
2023,4,3,11,92
2023,4,3,12,136
2023,4,3,13,101
2023,4,3,14,102
2023,4,3,15,114
2023,4,3,16,120
2023,4,3,17,114
2023,4,3,18,118
2023,4,3,19,120
2023,4,3,20,87
2023,4,3,21,91
2023,4,3,22,92
2023,4,3,23,63
2023,4,4,0,110
2023,4,4,1,66
2023,4,4,2,44
2023,4,4,3,33
2023,4,4,4,27
2023,4,4,5,36
2023,4,4,6,38
2023,4,4,7,55
2023,4,4,8,86
2023,4,4,9,84
2023,4,4,10,85
2023,4,4,11,100
2023,4,4,12,124
2023,4,4,13,84
2023,4,4,14,91
2023,4,4,15,118
2023,4,4,16,87
2023,4,4,17,117
2023,4,4,18,118
2023,4,4,19,107
2023,4,4,20,114
2023,4,4,21,105
2023,4,4,22,90
2023,4,4,23,82
2023,4,5,0,128
2023,4,5,1,52
2023,4,5,2,59
2023,4,5,3,42
2023,4,5,4,35
2023,4,5,5,36
2023,4,5,6,30
2023,4,5,7,61
2023,4,5,8,59
2023,4,5,9,79
2023,4,5,10,76
2023,4,5,11,95
2023,4,5,12,120
2023,4,5,13,101
2023,4,5,14,99
2023,4,5,15,111
2023,4,5,16,130
2023,4,5,17,125
2023,4,5,18,106
2023,4,5,19,98
2023,4,5,20,96
2023,4,5,21,82
2023,4,5,22,96
2023,4,5,23,83
2023,4,6,0,114
2023,4,6,1,65
2023,4,6,2,55
2023,4,6,3,40
2023,4,6,4,44
2023,4,6,5,37
2023,4,6,6,41
2023,4,6,7,49
2023,4,6,8,68
2023,4,6,9,71
2023,4,6,10,89
2023,4,6,11,79
2023,4,6,12,110
2023,4,6,13,77
2023,4,6,14,99
2023,4,6,15,118
2023,4,6,16,125
2023,4,6,17,112
2023,4,6,18,118
2023,4,6,19,97
2023,4,6,20,115
2023,4,6,21,100
2023,4,6,22,102
2023,4,6,23,111
2023,4,7,0,140
2023,4,7,1,90
2023,4,7,2,80
2023,4,7,3,71
2023,4,7,4,52
2023,4,7,5,40
2023,4,7,6,38
2023,4,7,7,37
2023,4,7,8,52
2023,4,7,9,82
2023,4,7,10,82
2023,4,7,11,78
2023,4,7,12,111
2023,4,7,13,103
2023,4,7,14,102
2023,4,7,15,104
2023,4,7,16,84
2023,4,7,17,100
2023,4,7,18,107
2023,4,7,19,94
2023,4,7,20,122
2023,4,7,21,133
2023,4,7,22,129
2023,4,7,23,109
2003,9,2,7,151
2003,9,2,8,249
2003,9,2,9,285
2003,9,2,10,318
2003,9,2,11,280
2003,9,2,12,395
2003,9,2,13,328
2003,9,2,14,296
2003,9,2,15,376
2003,9,2,16,321
2003,9,2,17,407
2003,9,2,18,401
2003,9,2,19,344
2003,9,2,20,381
2003,9,2,21,373
2003,9,2,22,338
2003,9,2,23,288
2003,9,3,0,397
2003,9,3,1,172
2003,9,3,2,146
2003,9,3,3,111
2003,9,3,4,66
2003,9,3,5,87
2003,9,3,6,116
2003,9,3,7,215
2003,9,3,8,276
2003,9,3,9,288
2003,9,3,10,299
2003,9,3,11,302
2003,9,3,12,393
2003,9,3,13,302
2003,9,3,14,378
2003,9,3,15,420
2003,9,3,16,400
2003,9,3,17,434
2003,9,3,18,393
2003,9,3,19,386
2003,9,3,20,421
2003,9,3,21,388
2003,9,3,22,402
2003,9,3,23,321
2003,9,4,0,295
2003,9,4,1,131
2003,9,4,2,117
2003,9,4,3,90
2003,9,4,4,67
2003,9,4,5,53
2003,9,4,6,78
2003,9,4,7,129
2003,9,4,8,206
2003,9,4,9,234
2003,9,4,10,211
2003,9,4,11,233
2003,9,4,12,314
2003,9,4,13,239
2003,9,4,14,299
2003,9,4,15,308
2003,9,4,16,293
2003,9,4,17,285
2003,9,4,18,302
2003,9,4,19,334
2003,9,4,20,340
2003,9,4,21,348
2003,9,4,22,305
2003,9,4,23,272
2003,9,5,0,318
2003,9,5,1,150
2003,9,5,2,115
2003,9,5,3,100
2003,9,5,4,78
2003,9,5,5,63
2003,9,5,6,84
2003,9,5,7,137
2003,9,5,8,223
2003,9,5,9,213
2003,9,5,10,231
2003,9,5,11,244
2003,9,5,12,284
2003,9,5,13,267
2003,9,5,14,344
2003,9,5,15,371
2003,9,5,16,296
2003,9,5,17,287
2003,9,5,18,300
2003,9,5,19,301
2003,9,5,20,269
2003,9,5,21,338
2003,9,5,22,282
2003,9,5,23,221
2003,9,6,0,299
2003,9,6,1,148
2003,9,6,2,133
2003,9,6,3,106
2003,9,6,4,76
2003,9,6,5,64
2003,9,6,6,105
2003,9,6,7,148
2003,9,6,8,206
2003,9,6,9,228
2003,9,6,10,230
2003,9,6,11,232
2003,9,6,12,311
2003,9,6,13,280
2003,9,6,14,302
2003,9,6,15,309
2003,9,6,16,292
2003,9,6,17,321
2003,9,6,18,308
2003,9,6,19,269
2003,9,6,20,323
2003,9,6,21,315
2003,9,6,22,319
2003,9,6,23,289
2003,9,7,0,327
2003,9,7,1,192
2003,9,7,2,210
2003,9,7,3,164
2003,9,7,4,125
2003,9,7,5,92
2003,9,7,6,83
2003,9,7,7,95
2003,9,7,8,146
2003,9,7,9,190
2003,9,7,10,216
2003,9,7,11,281
2003,9,7,12,326
2003,9,7,13,293
2003,9,7,14,257
2003,9,7,15,243
2003,9,7,16,233
2003,9,7,17,266
2003,9,7,18,245
2003,9,7,19,285
2003,9,7,20,334
2003,9,7,21,346
2003,9,7,22,324
2003,9,7,23,317
2003,10,1,0,356
2003,10,1,1,239
2003,10,1,2,214
2003,10,1,3,167
2003,10,1,4,117
2003,10,1,5,87
2003,10,1,6,65
2003,10,1,7,73
2003,10,1,8,104
2003,10,1,9,154
2003,10,1,10,187
2003,10,1,11,218
2003,10,1,12,232
2003,10,1,13,194
2003,10,1,14,215
2003,10,1,15,242
2003,10,1,16,222
2003,10,1,17,234
2003,10,1,18,259
2003,10,1,19,283
2003,10,1,20,305
2003,10,1,21,287
2003,10,1,22,304
2003,10,1,23,241
2003,10,2,0,283
2003,10,2,1,108
2003,10,2,2,113
2003,10,2,3,64
2003,10,2,4,64
2003,10,2,5,67
2003,10,2,6,71
2003,10,2,7,134
2003,10,2,8,216
2003,10,2,9,228
2003,10,2,10,249
2003,10,2,11,262
2003,10,2,12,278
2003,10,2,13,264
2003,10,2,14,291
2003,10,2,15,320
2003,10,2,16,328
2003,10,2,17,324
2003,10,2,18,320
2003,10,2,19,331
2003,10,2,20,320
2003,10,2,21,322
2003,10,2,22,317
2003,10,2,23,217
2003,10,3,0,271
2003,10,3,1,131
2003,10,3,2,107
2003,10,3,3,91
2003,10,3,4,61
2003,10,3,5,57
2003,10,3,6,87
2003,10,3,7,125
2003,10,3,8,228
2003,10,3,9,221
2003,10,3,10,240
2003,10,3,11,232
2003,10,3,12,318
2003,10,3,13,265
2003,10,3,14,283
2003,10,3,15,271
2003,10,3,16,264
2003,10,3,17,277
2003,10,3,18,346
2003,10,3,19,329
2003,10,3,20,313
2003,10,3,21,320
2003,10,3,22,289
2003,10,3,23,243
2003,10,4,0,453
2003,10,4,1,166
2003,10,4,2,144
2003,10,4,3,99
2003,10,4,4,68
2003,10,4,5,70
2003,10,4,6,100
2003,10,4,7,178
2003,10,4,8,308
2003,10,4,9,342
2003,10,4,10,267
2003,10,4,11,307
2003,10,4,12,409
2003,10,4,13,355
2003,10,4,14,449
2003,10,4,15,430
2003,10,4,16,371
2003,10,4,17,343
2003,10,4,18,398
2003,10,4,19,391
2003,10,4,20,415
2003,10,4,21,394
2003,10,4,22,410
2003,10,4,23,261
2003,10,5,0,349
2003,10,5,1,188
2003,10,5,2,135
2003,10,5,3,107
2003,10,5,4,77
2003,10,5,5,69
2003,10,5,6,122
2003,10,5,7,214
2003,10,5,8,261
2003,10,5,9,272
2003,10,5,10,279
2003,10,5,11,331
2003,10,5,12,356
2003,10,5,13,393
2003,10,5,14,480
2003,10,5,15,555
2003,10,5,16,443
2003,10,5,17,427
2003,10,5,18,367
2003,10,5,19,375
2003,10,5,20,414
2003,10,5,21,409
2003,10,5,22,367
2003,10,5,23,304
2003,10,6,0,370
2003,10,6,1,171
2003,10,6,2,151
2003,10,6,3,112
2003,10,6,4,85
2003,10,6,5,77
2003,10,6,6,114
2003,10,6,7,162
2003,10,6,8,294
2003,10,6,9,315
2003,10,6,10,357
2003,10,6,11,325
2003,10,6,12,386
2003,10,6,13,326
2003,10,6,14,453
2003,10,6,15,499
2003,10,6,16,428
2003,10,6,17,439
2003,10,6,18,412
2003,10,6,19,436
2003,10,6,20,407
2003,10,6,21,424
2003,10,6,22,419
2003,10,6,23,360
2003,10,7,0,328
2003,10,7,1,227
2003,10,7,2,189
2003,10,7,3,151
2003,10,7,4,105
2003,10,7,5,84
2003,10,7,6,71
2003,10,7,7,107
2003,10,7,8,139
2003,10,7,9,138
2003,10,7,10,197
2003,10,7,11,220
2003,10,7,12,305
2003,10,7,13,276
2003,10,7,14,277
2003,10,7,15,276
2003,10,7,16,265
2003,10,7,17,255
2003,10,7,18,288
2003,10,7,19,332
2003,10,7,20,324
2003,10,7,21,315
2003,10,7,22,328
2003,10,7,23,330
2003,11,1,0,394
2003,11,1,1,267
2003,11,1,2,263
2003,11,1,3,211
2003,11,1,4,150
2003,11,1,5,123
2003,11,1,6,74
2003,11,1,7,102
2003,11,1,8,129
2003,11,1,9,187
2003,11,1,10,224
2003,11,1,11,259
2003,11,1,12,320
2003,11,1,13,284
2003,11,1,14,272
2003,11,1,15,275
2003,11,1,16,254
2003,11,1,17,294
2003,11,1,18,308
2003,11,1,19,341
2003,11,1,20,322
2003,11,1,21,302
2003,11,1,22,241
2003,11,1,23,250
2003,11,2,0,265
2003,11,2,1,100
2003,11,2,2,88
2003,11,2,3,58
2003,11,2,4,53
2003,11,2,5,57
2003,11,2,6,85
2003,11,2,7,146
2003,11,2,8,211
2003,11,2,9,203
2003,11,2,10,200
2003,11,2,11,217
2003,11,2,12,293
2003,11,2,13,233
2003,11,2,14,288
2003,11,2,15,287
2003,11,2,16,272
2003,11,2,17,272
2003,11,2,18,290
2003,11,2,19,323
2003,11,2,20,329
2003,11,2,21,303
2003,11,2,22,263
2003,11,2,23,213
2003,11,3,0,235
2003,11,3,1,111
2003,11,3,2,105
2003,11,3,3,77
2003,11,3,4,54
2003,11,3,5,63
2003,11,3,6,74
2003,11,3,7,120
2003,11,3,8,177
2003,11,3,9,217
2003,11,3,10,224
2003,11,3,11,251
2003,11,3,12,297
2003,11,3,13,275
2003,11,3,14,302
2003,11,3,15,305
2003,11,3,16,265
2003,11,3,17,261
2003,11,3,18,311
2003,11,3,19,299
2003,11,3,20,290
2003,11,3,21,316
2003,11,3,22,278
2003,11,3,23,203
2003,11,4,0,277
2003,11,4,1,109
2003,11,4,2,89
2003,11,4,3,87
2003,11,4,4,47
2003,11,4,5,57
2003,11,4,6,70
2003,11,4,7,135
2003,11,4,8,201
2003,11,4,9,240
2003,11,4,10,195
2003,11,4,11,261
2003,11,4,12,357
2003,11,4,13,293
2003,11,4,14,303
2003,11,4,15,295
2003,11,4,16,285
2003,11,4,17,270
2003,11,4,18,307
2003,11,4,19,300
2003,11,4,20,313
2003,11,4,21,303
2003,11,4,22,257
2003,11,4,23,210
2003,11,5,0,236
2003,11,5,1,137
2003,11,5,2,120
2003,11,5,3,89
2003,11,5,4,61
2003,11,5,5,70
2003,11,5,6,93
2003,11,5,7,114
2003,11,5,8,190
2003,11,5,9,226
2003,11,5,10,247
2003,11,5,11,210
2003,11,5,12,253
2003,11,5,13,219
2003,11,5,14,237
2003,11,5,15,276
2003,11,5,16,267
2003,11,5,17,249
2003,11,5,18,276
2003,11,5,19,300
2003,11,5,20,291
2003,11,5,21,283
2003,11,5,22,303
2003,11,5,23,232
2003,11,6,0,251
2003,11,6,1,158
2003,11,6,2,111
2003,11,6,3,105
2003,11,6,4,72
2003,11,6,5,57
2003,11,6,6,79
2003,11,6,7,105
2003,11,6,8,186
2003,11,6,9,181
2003,11,6,10,220
2003,11,6,11,207
2003,11,6,12,284
2003,11,6,13,249
2003,11,6,14,252
2003,11,6,15,301
2003,11,6,16,244
2003,11,6,17,288
2003,11,6,18,307
2003,11,6,19,289
2003,11,6,20,319
2003,11,6,21,290
2003,11,6,22,327
2003,11,6,23,261
2003,11,7,0,516
2003,11,7,1,275
2003,11,7,2,256
2003,11,7,3,207
2003,11,7,4,135
2003,11,7,5,105
2003,11,7,6,74
2003,11,7,7,103
2003,11,7,8,193
2003,11,7,9,265
2003,11,7,10,247
2003,11,7,11,276
2003,11,7,12,388
2003,11,7,13,275
2003,11,7,14,268
2003,11,7,15,282
2003,11,7,16,281
2003,11,7,17,306
2003,11,7,18,361
2003,11,7,19,362
2003,11,7,20,397
2003,11,7,21,380
2003,11,7,22,367
2003,11,7,23,350
2003,12,1,0,283
2003,12,1,1,214
2003,12,1,2,182
2003,12,1,3,164
2003,12,1,4,111
2003,12,1,5,93
2003,12,1,6,59
2003,12,1,7,56
2003,12,1,8,88
2003,12,1,9,142
2003,12,1,10,171
2003,12,1,11,177
2003,12,1,12,218
2003,12,1,13,169
2003,12,1,14,191
2003,12,1,15,209
2003,12,1,16,209
2003,12,1,17,233
2003,12,1,18,250
2003,12,1,19,265
2003,12,1,20,281
2003,12,1,21,288
2003,12,1,22,274
2003,12,1,23,221
2003,12,2,0,396
2003,12,2,1,147
2003,12,2,2,124
2003,12,2,3,96
2003,12,2,4,68
2003,12,2,5,71
2003,12,2,6,89
2003,12,2,7,137
2003,12,2,8,229
2003,12,2,9,254
2003,12,2,10,271
2003,12,2,11,274
2003,12,2,12,374
2003,12,2,13,307
2003,12,2,14,275
2003,12,2,15,305
2003,12,2,16,327
2003,12,2,17,323
2003,12,2,18,339
2003,12,2,19,367
2003,12,2,20,347
2003,12,2,21,380
2003,12,2,22,360
2003,12,2,23,293
2003,12,3,0,273
2003,12,3,1,158
2003,12,3,2,138
2003,12,3,3,98
2003,12,3,4,68
2003,12,3,5,75
2003,12,3,6,102
2003,12,3,7,176
2003,12,3,8,209
2003,12,3,9,244
2003,12,3,10,236
2003,12,3,11,263
2003,12,3,12,366
2003,12,3,13,304
2003,12,3,14,324
2003,12,3,15,308
2003,12,3,16,271
2003,12,3,17,303
2003,12,3,18,326
2003,12,3,19,387
2003,12,3,20,347
2003,12,3,21,329
2003,12,3,22,306
2003,12,3,23,243
2003,12,4,0,280
2003,12,4,1,150
2003,12,4,2,124
2003,12,4,3,95
2003,12,4,4,74
2003,12,4,5,63
2003,12,4,6,91
2003,12,4,7,123
2003,12,4,8,240
2003,12,4,9,272
2003,12,4,10,257
2003,12,4,11,248
2003,12,4,12,363
2003,12,4,13,269
2003,12,4,14,321
2003,12,4,15,315
2003,12,4,16,278
2003,12,4,17,288
2003,12,4,18,274
2003,12,4,19,342
2003,12,4,20,341
2003,12,4,21,329
2003,12,4,22,292
2003,12,4,23,248
2003,12,5,0,211
2003,12,5,1,122
2003,12,5,2,90
2003,12,5,3,73
2003,12,5,4,51
2003,12,5,5,62
2003,12,5,6,77
2003,12,5,7,101
2003,12,5,8,168
2003,12,5,9,170
2003,12,5,10,163
2003,12,5,11,173
2003,12,5,12,232
2003,12,5,13,222
2003,12,5,14,228
2003,12,5,15,236
2003,12,5,16,220
2003,12,5,17,203
2003,12,5,18,209
2003,12,5,19,220
2003,12,5,20,207
2003,12,5,21,242
2003,12,5,22,206
2003,12,5,23,174
2003,12,6,0,220
2003,12,6,1,112
2003,12,6,2,103
2003,12,6,3,68
2003,12,6,4,51
2003,12,6,5,45
2003,12,6,6,60
2003,12,6,7,119
2003,12,6,8,156
2003,12,6,9,229
2003,12,6,10,192
2003,12,6,11,218
2003,12,6,12,286
2003,12,6,13,239
2003,12,6,14,266
2003,12,6,15,282
2003,12,6,16,231
2003,12,6,17,284
2003,12,6,18,254
2003,12,6,19,272
2003,12,6,20,284
2003,12,6,21,278
2003,12,6,22,246
2003,12,6,23,252
2003,12,7,0,289
2003,12,7,1,207
2003,12,7,2,177
2003,12,7,3,138
2003,12,7,4,96
2003,12,7,5,67
2003,12,7,6,54
2003,12,7,7,92
2003,12,7,8,143
2003,12,7,9,174
2003,12,7,10,158
2003,12,7,11,205
2003,12,7,12,238
2003,12,7,13,208
2003,12,7,14,211
2003,12,7,15,219
2003,12,7,16,220
2003,12,7,17,239
2003,12,7,18,254
2003,12,7,19,277
2003,12,7,20,265
2003,12,7,21,291
2003,12,7,22,285
2003,12,7,23,245
2004,1,1,0,257
2004,1,1,1,164
2004,1,1,2,182
2004,1,1,3,148
2004,1,1,4,107
2004,1,1,5,68
2004,1,1,6,56
2004,1,1,7,58
2004,1,1,8,76
2004,1,1,9,121
2004,1,1,10,145
2004,1,1,11,184
2004,1,1,12,227
2004,1,1,13,175
2004,1,1,14,197
2004,1,1,15,191
2004,1,1,16,165
2004,1,1,17,188
2004,1,1,18,198
2004,1,1,19,191
2004,1,1,20,230
2004,1,1,21,227
2004,1,1,22,222
2004,1,1,23,159
2004,1,2,0,219
2004,1,2,1,93
2004,1,2,2,76
2004,1,2,3,62
2004,1,2,4,45
2004,1,2,5,42
2004,1,2,6,59
2004,1,2,7,101
2004,1,2,8,154
2004,1,2,9,168
2004,1,2,10,179
2004,1,2,11,191
2004,1,2,12,261
2004,1,2,13,266
2004,1,2,14,242
2004,1,2,15,241
2004,1,2,16,233
2004,1,2,17,212
2004,1,2,18,232
2004,1,2,19,257
2004,1,2,20,261
2004,1,2,21,252
2004,1,2,22,217
2004,1,2,23,183
2004,1,3,0,182
2004,1,3,1,83
2004,1,3,2,87
2004,1,3,3,54
2004,1,3,4,51
2004,1,3,5,40
2004,1,3,6,67
2004,1,3,7,113
2004,1,3,8,186
2004,1,3,9,170
2004,1,3,10,174
2004,1,3,11,206
2004,1,3,12,266
2004,1,3,13,208
2004,1,3,14,292
2004,1,3,15,235
2004,1,3,16,220
2004,1,3,17,222
2004,1,3,18,273
2004,1,3,19,253
2004,1,3,20,301
2004,1,3,21,230
2004,1,3,22,212
2004,1,3,23,204
2004,1,4,0,183
2004,1,4,1,96
2004,1,4,2,77
2004,1,4,3,54
2004,1,4,4,40
2004,1,4,5,50
2004,1,4,6,71
2004,1,4,7,116
2004,1,4,8,163
2004,1,4,9,230
2004,1,4,10,189
2004,1,4,11,215
2004,1,4,12,291
2004,1,4,13,260
2004,1,4,14,288
2004,1,4,15,263
2004,1,4,16,248
2004,1,4,17,230
2004,1,4,18,258
2004,1,4,19,263
2004,1,4,20,250
2004,1,4,21,259
2004,1,4,22,243
2004,1,4,23,166
2004,1,5,0,712
2004,1,5,1,208
2004,1,5,2,189
2004,1,5,3,157
2004,1,5,4,112
2004,1,5,5,71
2004,1,5,6,96
2004,1,5,7,153
2004,1,5,8,212
2004,1,5,9,288
2004,1,5,10,250
2004,1,5,11,250
2004,1,5,12,374
2004,1,5,13,292
2004,1,5,14,338
2004,1,5,15,300
2004,1,5,16,284
2004,1,5,17,278
2004,1,5,18,299
2004,1,5,19,335
2004,1,5,20,352
2004,1,5,21,308
2004,1,5,22,298
2004,1,5,23,205
2004,1,6,0,285
2004,1,6,1,137
2004,1,6,2,122
2004,1,6,3,96
2004,1,6,4,67
2004,1,6,5,69
2004,1,6,6,74
2004,1,6,7,153
2004,1,6,8,209
2004,1,6,9,262
2004,1,6,10,259
2004,1,6,11,251
2004,1,6,12,386
2004,1,6,13,313
2004,1,6,14,365
2004,1,6,15,329
2004,1,6,16,294
2004,1,6,17,283
2004,1,6,18,332
2004,1,6,19,318
2004,1,6,20,359
2004,1,6,21,354
2004,1,6,22,357
2004,1,6,23,315
2004,1,7,0,355
2004,1,7,1,206
2004,1,7,2,208
2004,1,7,3,152
2004,1,7,4,111
2004,1,7,5,80
2004,1,7,6,67
2004,1,7,7,87
2004,1,7,8,145
2004,1,7,9,209
2004,1,7,10,224
2004,1,7,11,222
2004,1,7,12,335
2004,1,7,13,300
2004,1,7,14,277
2004,1,7,15,298
2004,1,7,16,270
2004,1,7,17,253
2004,1,7,18,277
2004,1,7,19,289
2004,1,7,20,369
2004,1,7,21,337
2004,1,7,22,358
2004,1,7,23,319
2004,2,1,0,395
2004,2,1,1,255
2004,2,1,2,229
2004,2,1,3,207
2004,2,1,4,137
2004,2,1,5,114
2004,2,1,6,99
2004,2,1,7,72
2004,2,1,8,149
2004,2,1,9,194
2004,2,1,10,230
2004,2,1,11,211
2004,2,1,12,349
2004,2,1,13,230
2004,2,1,14,255
2004,2,1,15,258
2004,2,1,16,252
2004,2,1,17,264
2004,2,1,18,283
2004,2,1,19,291
2004,2,1,20,310
2004,2,1,21,305
2004,2,1,22,306
2004,2,1,23,253
2004,2,2,0,255
2004,2,2,1,112
2004,2,2,2,86
2004,2,2,3,59
2004,2,2,4,33
2004,2,2,5,49
2004,2,2,6,54
2004,2,2,7,119
2004,2,2,8,161
2004,2,2,9,200
2004,2,2,10,194
2004,2,2,11,225
2004,2,2,12,283
2004,2,2,13,252
2004,2,2,14,292
2004,2,2,15,251
2004,2,2,16,223
2004,2,2,17,224
2004,2,2,18,248
2004,2,2,19,243
2004,2,2,20,267
2004,2,2,21,275
2004,2,2,22,232
2004,2,2,23,196
2004,2,3,0,210
2004,2,3,1,93
2004,2,3,2,82
2004,2,3,3,67
2004,2,3,4,48
2004,2,3,5,53
2004,2,3,6,61
2004,2,3,7,121
2004,2,3,8,203
2004,2,3,9,227
2004,2,3,10,208
2004,2,3,11,203
2004,2,3,12,312
2004,2,3,13,252
2004,2,3,14,261
2004,2,3,15,297
2004,2,3,16,243
2004,2,3,17,224
2004,2,3,18,224
2004,2,3,19,261
2004,2,3,20,284
2004,2,3,21,216
2004,2,3,22,261
2004,2,3,23,194
2004,2,4,0,229
2004,2,4,1,107
2004,2,4,2,64
2004,2,4,3,56
2004,2,4,4,41
2004,2,4,5,47
2004,2,4,6,67
2004,2,4,7,118
2004,2,4,8,197
2004,2,4,9,237
2004,2,4,10,219
2004,2,4,11,218
2004,2,4,12,325
2004,2,4,13,265
2004,2,4,14,332
2004,2,4,15,274
2004,2,4,16,249
2004,2,4,17,226
2004,2,4,18,272
2004,2,4,19,251
2004,2,4,20,303
2004,2,4,21,273
2004,2,4,22,245
2004,2,4,23,195
2004,2,5,0,232
2004,2,5,1,94
2004,2,5,2,105
2004,2,5,3,59
2004,2,5,4,47
2004,2,5,5,41
2004,2,5,6,85
2004,2,5,7,92
2004,2,5,8,191
2004,2,5,9,228
2004,2,5,10,210
2004,2,5,11,220
2004,2,5,12,307
2004,2,5,13,281
2004,2,5,14,308
2004,2,5,15,323
2004,2,5,16,260
2004,2,5,17,237
2004,2,5,18,244
2004,2,5,19,272
2004,2,5,20,265
2004,2,5,21,261
2004,2,5,22,241
2004,2,5,23,181
2004,2,6,0,238
2004,2,6,1,112
2004,2,6,2,115
2004,2,6,3,63
2004,2,6,4,67
2004,2,6,5,59
2004,2,6,6,75
2004,2,6,7,126
2004,2,6,8,185
2004,2,6,9,224
2004,2,6,10,209
2004,2,6,11,220
2004,2,6,12,307
2004,2,6,13,300
2004,2,6,14,352
2004,2,6,15,246
2004,2,6,16,244
2004,2,6,17,259
2004,2,6,18,255
2004,2,6,19,292
2004,2,6,20,293
2004,2,6,21,269
2004,2,6,22,297
2004,2,6,23,238
2004,2,7,0,283
2004,2,7,1,214
2004,2,7,2,211
2004,2,7,3,127
2004,2,7,4,100
2004,2,7,5,63
2004,2,7,6,51
2004,2,7,7,62
2004,2,7,8,108
2004,2,7,9,158
2004,2,7,10,187
2004,2,7,11,200
2004,2,7,12,266
2004,2,7,13,206
2004,2,7,14,193
2004,2,7,15,202
2004,2,7,16,223
2004,2,7,17,215
2004,2,7,18,259
2004,2,7,19,261
2004,2,7,20,265
2004,2,7,21,245
2004,2,7,22,266
2004,2,7,23,280
2004,3,1,0,260
2004,3,1,1,207
2004,3,1,2,183
2004,3,1,3,176
2004,3,1,4,139
2004,3,1,5,75
2004,3,1,6,65
2004,3,1,7,68
2004,3,1,8,99
2004,3,1,9,148
2004,3,1,10,171
2004,3,1,11,195
2004,3,1,12,237
2004,3,1,13,182
2004,3,1,14,219
2004,3,1,15,227
2004,3,1,16,207
2004,3,1,17,249
2004,3,1,18,213
2004,3,1,19,251
2004,3,1,20,275
2004,3,1,21,247
2004,3,1,22,236
2004,3,1,23,209
2004,3,2,0,371
2004,3,2,1,137
2004,3,2,2,96
2004,3,2,3,68
2004,3,2,4,68
2004,3,2,5,70
2004,3,2,6,99
2004,3,2,7,158
2004,3,2,8,287
2004,3,2,9,312
2004,3,2,10,275
2004,3,2,11,283
2004,3,2,12,433
2004,3,2,13,357
2004,3,2,14,368
2004,3,2,15,372
2004,3,2,16,325
2004,3,2,17,337
2004,3,2,18,334
2004,3,2,19,368
2004,3,2,20,363
2004,3,2,21,406
2004,3,2,22,333
2004,3,2,23,249
2004,3,3,0,358
2004,3,3,1,127
2004,3,3,2,136
2004,3,3,3,84
2004,3,3,4,72
2004,3,3,5,80
2004,3,3,6,104
2004,3,3,7,167
2004,3,3,8,280
2004,3,3,9,284
2004,3,3,10,255
2004,3,3,11,284
2004,3,3,12,383
2004,3,3,13,341
2004,3,3,14,439
2004,3,3,15,393
2004,3,3,16,329
2004,3,3,17,336
2004,3,3,18,342
2004,3,3,19,361
2004,3,3,20,390
2004,3,3,21,333
2004,3,3,22,302
2004,3,3,23,261
2004,3,4,0,303
2004,3,4,1,141
2004,3,4,2,120
2004,3,4,3,87
2004,3,4,4,63
2004,3,4,5,62
2004,3,4,6,100
2004,3,4,7,168
2004,3,4,8,260
2004,3,4,9,312
2004,3,4,10,288
2004,3,4,11,307
2004,3,4,12,419
2004,3,4,13,355
2004,3,4,14,410
2004,3,4,15,397
2004,3,4,16,346
2004,3,4,17,370
2004,3,4,18,349
2004,3,4,19,380
2004,3,4,20,380
2004,3,4,21,355
2004,3,4,22,313
2004,3,4,23,277
2004,3,5,0,281
2004,3,5,1,133
2004,3,5,2,95
2004,3,5,3,87
2004,3,5,4,57
2004,3,5,5,56
2004,3,5,6,79
2004,3,5,7,161
2004,3,5,8,211
2004,3,5,9,252
2004,3,5,10,238
2004,3,5,11,267
2004,3,5,12,310
2004,3,5,13,271
2004,3,5,14,303
2004,3,5,15,285
2004,3,5,16,247
2004,3,5,17,248
2004,3,5,18,243
2004,3,5,19,287
2004,3,5,20,283
2004,3,5,21,315
2004,3,5,22,272
2004,3,5,23,206
2004,3,6,0,248
2004,3,6,1,109
2004,3,6,2,100
2004,3,6,3,72
2004,3,6,4,61
2004,3,6,5,51
2004,3,6,6,73
2004,3,6,7,121
2004,3,6,8,165
2004,3,6,9,218
2004,3,6,10,251
2004,3,6,11,296
2004,3,6,12,328
2004,3,6,13,270
2004,3,6,14,318
2004,3,6,15,330
2004,3,6,16,285
2004,3,6,17,265
2004,3,6,18,310
2004,3,6,19,336
2004,3,6,20,308
2004,3,6,21,328
2004,3,6,22,319
2004,3,6,23,271
2004,3,7,0,336
2004,3,7,1,250
2004,3,7,2,209
2004,3,7,3,144
2004,3,7,4,102
2004,3,7,5,72
2004,3,7,6,68
2004,3,7,7,87
2004,3,7,8,126
2004,3,7,9,183
2004,3,7,10,186
2004,3,7,11,207
2004,3,7,12,279
2004,3,7,13,225
2004,3,7,14,233
2004,3,7,15,265
2004,3,7,16,242
2004,3,7,17,248
2004,3,7,18,281
2004,3,7,19,284
2004,3,7,20,303
2004,3,7,21,290
2004,3,7,22,322
2004,3,7,23,285
2004,4,1,0,270
2004,4,1,1,181
2004,4,1,2,139
2004,4,1,3,181
2004,4,1,4,111
2004,4,1,5,87
2004,4,1,6,56
2004,4,1,7,64
2004,4,1,8,105
2004,4,1,9,156
2004,4,1,10,152
2004,4,1,11,159
2004,4,1,12,210
2004,4,1,13,204
2004,4,1,14,228
2004,4,1,15,204
2004,4,1,16,237
2004,4,1,17,212
2004,4,1,18,261
2004,4,1,19,269
2004,4,1,20,271
2004,4,1,21,302
2004,4,1,22,238
2004,4,1,23,225
2004,4,2,0,230
2004,4,2,1,141
2004,4,2,2,99
2004,4,2,3,84
2004,4,2,4,57
2004,4,2,5,50
2004,4,2,6,83
2004,4,2,7,112
2004,4,2,8,171
2004,4,2,9,176
2004,4,2,10,213
2004,4,2,11,235
2004,4,2,12,284
2004,4,2,13,211
2004,4,2,14,252
2004,4,2,15,270
2004,4,2,16,270
2004,4,2,17,283
2004,4,2,18,321
2004,4,2,19,326
2004,4,2,20,279
2004,4,2,21,292
2004,4,2,22,255
2004,4,2,23,209
2004,4,3,0,217
2004,4,3,1,119
2004,4,3,2,101
2004,4,3,3,52
2004,4,3,4,43
2004,4,3,5,49
2004,4,3,6,68
2004,4,3,7,126
2004,4,3,8,153
2004,4,3,9,210
2004,4,3,10,197
2004,4,3,11,222
2004,4,3,12,271
2004,4,3,13,258
2004,4,3,14,313
2004,4,3,15,277
2004,4,3,16,256
2004,4,3,17,258
2004,4,3,18,278
2004,4,3,19,287
2004,4,3,20,322
2004,4,3,21,291
2004,4,3,22,301
2004,4,3,23,228
2004,4,4,0,252
2004,4,4,1,158
2004,4,4,2,98
2004,4,4,3,80
2004,4,4,4,57
2004,4,4,5,48
2004,4,4,6,102
2004,4,4,7,115
2004,4,4,8,183
2004,4,4,9,229
2004,4,4,10,197
2004,4,4,11,213
2004,4,4,12,293
2004,4,4,13,270
2004,4,4,14,290
2004,4,4,15,292
2004,4,4,16,263
2004,4,4,17,266
2004,4,4,18,295
2004,4,4,19,363
2004,4,4,20,315
2004,4,4,21,352
2004,4,4,22,317
2004,4,4,23,265
2004,4,5,0,409
2004,4,5,1,191
2004,4,5,2,134
2004,4,5,3,103
2004,4,5,4,66
2004,4,5,5,80
2004,4,5,6,85
2004,4,5,7,157
2004,4,5,8,270
2004,4,5,9,298
2004,4,5,10,282
2004,4,5,11,285
2004,4,5,12,399
2004,4,5,13,369
2004,4,5,14,399
2004,4,5,15,414
2004,4,5,16,355
2004,4,5,17,324
2004,4,5,18,383
2004,4,5,19,387
2004,4,5,20,373
2004,4,5,21,416
2004,4,5,22,363
2004,4,5,23,294
2004,4,6,0,354
2004,4,6,1,173
2004,4,6,2,132
2004,4,6,3,98
2004,4,6,4,90
2004,4,6,5,66
2004,4,6,6,96
2004,4,6,7,173
2004,4,6,8,214
2004,4,6,9,257
2004,4,6,10,244
2004,4,6,11,264
2004,4,6,12,359
2004,4,6,13,307
2004,4,6,14,360
2004,4,6,15,376
2004,4,6,16,352
2004,4,6,17,346
2004,4,6,18,399
2004,4,6,19,397
2004,4,6,20,370
2004,4,6,21,380
2004,4,6,22,419
2004,4,6,23,409
2004,4,7,0,339
2004,4,7,1,237
2004,4,7,2,206
2004,4,7,3,169
2004,4,7,4,120
2004,4,7,5,75
2004,4,7,6,95
2004,4,7,7,87
2004,4,7,8,124
2004,4,7,9,151
2004,4,7,10,210
2004,4,7,11,236
2004,4,7,12,296
2004,4,7,13,245
2004,4,7,14,274
2004,4,7,15,259
2004,4,7,16,236
2004,4,7,17,240
2004,4,7,18,251
2004,4,7,19,253
2004,4,7,20,247
2004,4,7,21,279
2004,4,7,22,280
2004,4,7,23,255
2004,5,1,0,383
2004,5,1,1,278
2004,5,1,2,262
2004,5,1,3,219
2004,5,1,4,173
2004,5,1,5,77
2004,5,1,6,82
2004,5,1,7,83
2004,5,1,8,121
2004,5,1,9,200
2004,5,1,10,194
2004,5,1,11,220
2004,5,1,12,307
2004,5,1,13,249
2004,5,1,14,244
2004,5,1,15,267
2004,5,1,16,306
2004,5,1,17,308
2004,5,1,18,329
2004,5,1,19,339
2004,5,1,20,334
2004,5,1,21,367
2004,5,1,22,356
2004,5,1,23,311
2004,5,2,0,347
2004,5,2,1,200
2004,5,2,2,142
2004,5,2,3,119
2004,5,2,4,98
2004,5,2,5,81
2004,5,2,6,83
2004,5,2,7,132
2004,5,2,8,225
2004,5,2,9,274
2004,5,2,10,285
2004,5,2,11,330
2004,5,2,12,393
2004,5,2,13,321
2004,5,2,14,352
2004,5,2,15,322
2004,5,2,16,322
2004,5,2,17,314
2004,5,2,18,387
2004,5,2,19,385
2004,5,2,20,387
2004,5,2,21,368
2004,5,2,22,360
2004,5,2,23,315
2004,5,3,0,277
2004,5,3,1,152
2004,5,3,2,123
2004,5,3,3,80
2004,5,3,4,47
2004,5,3,5,64
2004,5,3,6,85
2004,5,3,7,156
2004,5,3,8,208
2004,5,3,9,246
2004,5,3,10,196
2004,5,3,11,235
2004,5,3,12,274
2004,5,3,13,266
2004,5,3,14,327
2004,5,3,15,288
2004,5,3,16,300
2004,5,3,17,297
2004,5,3,18,305
2004,5,3,19,294
2004,5,3,20,321
2004,5,3,21,331
2004,5,3,22,297
2004,5,3,23,229
2004,5,4,0,234
2004,5,4,1,160
2004,5,4,2,107
2004,5,4,3,82
2004,5,4,4,62
2004,5,4,5,51
2004,5,4,6,104
2004,5,4,7,121
2004,5,4,8,210
2004,5,4,9,246
2004,5,4,10,244
2004,5,4,11,243
2004,5,4,12,346
2004,5,4,13,257
2004,5,4,14,287
2004,5,4,15,319
2004,5,4,16,283
2004,5,4,17,251
2004,5,4,18,276
2004,5,4,19,294
2004,5,4,20,336
2004,5,4,21,340
2004,5,4,22,284
2004,5,4,23,240
2004,5,5,0,295
2004,5,5,1,140
2004,5,5,2,102
2004,5,5,3,93
2004,5,5,4,64
2004,5,5,5,55
2004,5,5,6,77
2004,5,5,7,126
2004,5,5,8,197
2004,5,5,9,237
2004,5,5,10,214
2004,5,5,11,257
2004,5,5,12,249
2004,5,5,13,286
2004,5,5,14,312
2004,5,5,15,284
2004,5,5,16,304
2004,5,5,17,255
2004,5,5,18,292
2004,5,5,19,307
2004,5,5,20,341
2004,5,5,21,347
2004,5,5,22,292
2004,5,5,23,212
2004,5,6,0,332
2004,5,6,1,159
2004,5,6,2,131
2004,5,6,3,87
2004,5,6,4,72
2004,5,6,5,52
2004,5,6,6,85
2004,5,6,7,133
2004,5,6,8,239
2004,5,6,9,229
2004,5,6,10,214
2004,5,6,11,229
2004,5,6,12,335
2004,5,6,13,264
2004,5,6,14,314
2004,5,6,15,325
2004,5,6,16,274
2004,5,6,17,260
2004,5,6,18,292
2004,5,6,19,305
2004,5,6,20,289
2004,5,6,21,331
2004,5,6,22,290
2004,5,6,23,288
2004,5,7,0,443
2004,5,7,1,267
2004,5,7,2,246
2004,5,7,3,200
2004,5,7,4,131
2004,5,7,5,98
2004,5,7,6,97
2004,5,7,7,121
2004,5,7,8,167
2004,5,7,9,242
2004,5,7,10,237
2004,5,7,11,249
2004,5,7,12,378
2004,5,7,13,301
2004,5,7,14,325
2004,5,7,15,316
2004,5,7,16,287
2004,5,7,17,330
2004,5,7,18,322
2004,5,7,19,332
2004,5,7,20,327
2004,5,7,21,392
2004,5,7,22,397
2004,5,7,23,383
2004,6,1,0,365
2004,6,1,1,263
2004,6,1,2,249
2004,6,1,3,215
2004,6,1,4,175
2004,6,1,5,110
2004,6,1,6,89
2004,6,1,7,80
2004,6,1,8,90
2004,6,1,9,185
2004,6,1,10,180
2004,6,1,11,203
2004,6,1,12,254
2004,6,1,13,224
2004,6,1,14,192
2004,6,1,15,255
2004,6,1,16,243
2004,6,1,17,213
2004,6,1,18,250
2004,6,1,19,301
2004,6,1,20,308
2004,6,1,21,306
2004,6,1,22,333
2004,6,1,23,293
2004,6,2,0,306
2004,6,2,1,199
2004,6,2,2,145
2004,6,2,3,100
2004,6,2,4,85
2004,6,2,5,68
2004,6,2,6,91
2004,6,2,7,144
2004,6,2,8,170
2004,6,2,9,239
2004,6,2,10,200
2004,6,2,11,209
2004,6,2,12,269
2004,6,2,13,238
2004,6,2,14,278
2004,6,2,15,288
2004,6,2,16,250
2004,6,2,17,264
2004,6,2,18,290
2004,6,2,19,336
2004,6,2,20,324
2004,6,2,21,315
2004,6,2,22,297
2004,6,2,23,268
2004,6,3,0,451
2004,6,3,1,211
2004,6,3,2,165
2004,6,3,3,129
2004,6,3,4,89
2004,6,3,5,80
2004,6,3,6,120
2004,6,3,7,193
2004,6,3,8,266
2004,6,3,9,341
2004,6,3,10,290
2004,6,3,11,303
2004,6,3,12,448
2004,6,3,13,310
2004,6,3,14,389
2004,6,3,15,351
2004,6,3,16,335
2004,6,3,17,391
2004,6,3,18,376
2004,6,3,19,415
2004,6,3,20,414
2004,6,3,21,431
2004,6,3,22,364
2004,6,3,23,381
2004,6,4,0,383
2004,6,4,1,204
2004,6,4,2,171
2004,6,4,3,116
2004,6,4,4,108
2004,6,4,5,82
2004,6,4,6,115
2004,6,4,7,162
2004,6,4,8,246
2004,6,4,9,298
2004,6,4,10,294
2004,6,4,11,303
2004,6,4,12,396
2004,6,4,13,320
2004,6,4,14,357
2004,6,4,15,340
2004,6,4,16,329
2004,6,4,17,382
2004,6,4,18,374
2004,6,4,19,422
2004,6,4,20,439
2004,6,4,21,402
2004,6,4,22,420
2004,6,4,23,352
2004,6,5,0,251
2004,6,5,1,181
2004,6,5,2,121
2004,6,5,3,103
2004,6,5,4,61
2004,6,5,5,57
2004,6,5,6,78
2004,6,5,7,124
2004,6,5,8,162
2004,6,5,9,212
2004,6,5,10,229
2004,6,5,11,231
2004,6,5,12,319
2004,6,5,13,243
2004,6,5,14,315
2004,6,5,15,302
2004,6,5,16,272
2004,6,5,17,271
2004,6,5,18,291
2004,6,5,19,314
2004,6,5,20,317
2004,6,5,21,261
2004,6,5,22,289
2004,6,5,23,248
2004,6,6,0,293
2004,6,6,1,143
2004,6,6,2,109
2004,6,6,3,103
2004,6,6,4,76
2004,6,6,5,69
2004,6,6,6,102
2004,6,6,7,148
2004,6,6,8,188
2004,6,6,9,224
2004,6,6,10,203
2004,6,6,11,240
2004,6,6,12,306
2004,6,6,13,277
2004,6,6,14,269
2004,6,6,15,276
2004,6,6,16,259
2004,6,6,17,320
2004,6,6,18,310
2004,6,6,19,311
2004,6,6,20,320
2004,6,6,21,353
2004,6,6,22,350
2004,6,6,23,350
2004,6,7,0,340
2004,6,7,1,250
2004,6,7,2,209
2004,6,7,3,172
2004,6,7,4,119
2004,6,7,5,81
2004,6,7,6,58
2004,6,7,7,92
2004,6,7,8,112
2004,6,7,9,188
2004,6,7,10,179
2004,6,7,11,242
2004,6,7,12,281
2004,6,7,13,224
2004,6,7,14,239
2004,6,7,15,264
2004,6,7,16,241
2004,6,7,17,232
2004,6,7,18,252
2004,6,7,19,265
2004,6,7,20,292
2004,6,7,21,304
2004,6,7,22,329
2004,6,7,23,313
2004,7,1,0,368
2004,7,1,1,276
2004,7,1,2,237
2004,7,1,3,218
2004,7,1,4,146
2004,7,1,5,109
2004,7,1,6,84
2004,7,1,7,68
2004,7,1,8,116
2004,7,1,9,159
2004,7,1,10,163
2004,7,1,11,208
2004,7,1,12,251
2004,7,1,13,229
2004,7,1,14,269
2004,7,1,15,254
2004,7,1,16,244
2004,7,1,17,242
2004,7,1,18,261
2004,7,1,19,300
2004,7,1,20,305
2004,7,1,21,277
2004,7,1,22,369
2004,7,1,23,309
2004,7,2,0,389
2004,7,2,1,212
2004,7,2,2,179
2004,7,2,3,136
2004,7,2,4,102
2004,7,2,5,90
2004,7,2,6,83
2004,7,2,7,108
2004,7,2,8,162
2004,7,2,9,224
2004,7,2,10,204
2004,7,2,11,249
2004,7,2,12,294
2004,7,2,13,262
2004,7,2,14,255
2004,7,2,15,255
2004,7,2,16,264
2004,7,2,17,256
2004,7,2,18,289
2004,7,2,19,315
2004,7,2,20,318
2004,7,2,21,326
2004,7,2,22,328
2004,7,2,23,264
2004,7,3,0,308
2004,7,3,1,160
2004,7,3,2,165
2004,7,3,3,110
2004,7,3,4,72
2004,7,3,5,63
2004,7,3,6,102
2004,7,3,7,181
2004,7,3,8,188
2004,7,3,9,218
2004,7,3,10,237
2004,7,3,11,259
2004,7,3,12,304
2004,7,3,13,301
2004,7,3,14,261
2004,7,3,15,271
2004,7,3,16,252
2004,7,3,17,282
2004,7,3,18,311
2004,7,3,19,341
2004,7,3,20,327
2004,7,3,21,349
2004,7,3,22,348
2004,7,3,23,275
2004,7,4,0,331
2004,7,4,1,174
2004,7,4,2,121
2004,7,4,3,96
2004,7,4,4,89
2004,7,4,5,86
2004,7,4,6,110
2004,7,4,7,164
2004,7,4,8,176
2004,7,4,9,223
2004,7,4,10,253
2004,7,4,11,232
2004,7,4,12,325
2004,7,4,13,285
2004,7,4,14,293
2004,7,4,15,286
2004,7,4,16,270
2004,7,4,17,278
2004,7,4,18,311
2004,7,4,19,305
2004,7,4,20,370
2004,7,4,21,355
2004,7,4,22,334
2004,7,4,23,304
2004,7,5,0,493
2004,7,5,1,237
2004,7,5,2,191
2004,7,5,3,119
2004,7,5,4,101
2004,7,5,5,106
2004,7,5,6,147
2004,7,5,7,184
2004,7,5,8,250
2004,7,5,9,298
2004,7,5,10,278
2004,7,5,11,274
2004,7,5,12,430
2004,7,5,13,322
2004,7,5,14,294
2004,7,5,15,302
2004,7,5,16,309
2004,7,5,17,334
2004,7,5,18,339
2004,7,5,19,364
2004,7,5,20,391
2004,7,5,21,414
2004,7,5,22,431
2004,7,5,23,384
2004,7,6,0,396
2004,7,6,1,230
2004,7,6,2,203
2004,7,6,3,144
2004,7,6,4,118
2004,7,6,5,92
2004,7,6,6,117
2004,7,6,7,157
2004,7,6,8,227
2004,7,6,9,290
2004,7,6,10,234
2004,7,6,11,287
2004,7,6,12,367
2004,7,6,13,293
2004,7,6,14,320
2004,7,6,15,346
2004,7,6,16,330
2004,7,6,17,327
2004,7,6,18,346
2004,7,6,19,344
2004,7,6,20,334
2004,7,6,21,377
2004,7,6,22,501
2004,7,6,23,453
2004,7,7,0,464
2004,7,7,1,325
2004,7,7,2,279
2004,7,7,3,224
2004,7,7,4,182
2004,7,7,5,128
2004,7,7,6,126
2004,7,7,7,125
2004,7,7,8,152
2004,7,7,9,225
2004,7,7,10,248
2004,7,7,11,285
2004,7,7,12,341
2004,7,7,13,313
2004,7,7,14,291
2004,7,7,15,311
2004,7,7,16,301
2004,7,7,17,317
2004,7,7,18,337
2004,7,7,19,364
2004,7,7,20,372
2004,7,7,21,359
2004,7,7,22,440
2004,7,7,23,423
2004,8,1,0,518
2004,8,1,1,364
2004,8,1,2,295
2004,8,1,3,235
2004,8,1,4,205
2004,8,1,5,123
2004,8,1,6,96
2004,8,1,7,107
2004,8,1,8,146
2004,8,1,9,188
2004,8,1,10,223
2004,8,1,11,255
2004,8,1,12,362
2004,8,1,13,280
2004,8,1,14,318
2004,8,1,15,290
2004,8,1,16,287
2004,8,1,17,325
2004,8,1,18,362
2004,8,1,19,383
2004,8,1,20,397
2004,8,1,21,406
2004,8,1,22,440
2004,8,1,23,312
2004,8,2,0,421
2004,8,2,1,234
2004,8,2,2,186
2004,8,2,3,144
2004,8,2,4,114
2004,8,2,5,81
2004,8,2,6,119
2004,8,2,7,181
2004,8,2,8,211
2004,8,2,9,234
2004,8,2,10,269
2004,8,2,11,264
2004,8,2,12,435
2004,8,2,13,303
2004,8,2,14,353
2004,8,2,15,326
2004,8,2,16,332
2004,8,2,17,346
2004,8,2,18,377
2004,8,2,19,415
2004,8,2,20,454
2004,8,2,21,485
2004,8,2,22,415
2004,8,2,23,330
2004,8,3,0,421
2004,8,3,1,219
2004,8,3,2,184
2004,8,3,3,122
2004,8,3,4,121
2004,8,3,5,114
2004,8,3,6,120
2004,8,3,7,194
2004,8,3,8,221
2004,8,3,9,232
2004,8,3,10,255
2004,8,3,11,274
2004,8,3,12,432
2004,8,3,13,391
2004,8,3,14,409
2004,8,3,15,348
2004,8,3,16,358
2004,8,3,17,363
2004,8,3,18,371
2004,8,3,19,428
2004,8,3,20,448
2004,8,3,21,402
2004,8,3,22,409
2004,8,3,23,326
2004,8,4,0,328
2004,8,4,1,169
2004,8,4,2,127
2004,8,4,3,75
2004,8,4,4,80
2004,8,4,5,81
2004,8,4,6,100
2004,8,4,7,126
2004,8,4,8,159
2004,8,4,9,177
2004,8,4,10,188
2004,8,4,11,241
2004,8,4,12,302
2004,8,4,13,259
2004,8,4,14,283
2004,8,4,15,299
2004,8,4,16,265
2004,8,4,17,271
2004,8,4,18,304
2004,8,4,19,350
2004,8,4,20,336
2004,8,4,21,318
2004,8,4,22,323
2004,8,4,23,269
2004,8,5,0,316
2004,8,5,1,165
2004,8,5,2,144
2004,8,5,3,104
2004,8,5,4,81
2004,8,5,5,74
2004,8,5,6,108
2004,8,5,7,124
2004,8,5,8,174
2004,8,5,9,204
2004,8,5,10,187
2004,8,5,11,233
2004,8,5,12,341
2004,8,5,13,281
2004,8,5,14,272
2004,8,5,15,260
2004,8,5,16,261
2004,8,5,17,276
2004,8,5,18,320
2004,8,5,19,335
2004,8,5,20,329
2004,8,5,21,330
2004,8,5,22,316
2004,8,5,23,249
2004,8,6,0,332
2004,8,6,1,179
2004,8,6,2,183
2004,8,6,3,117
2004,8,6,4,103
2004,8,6,5,71
2004,8,6,6,88
2004,8,6,7,118
2004,8,6,8,184
2004,8,6,9,201
2004,8,6,10,189
2004,8,6,11,229
2004,8,6,12,297
2004,8,6,13,264
2004,8,6,14,245
2004,8,6,15,303
2004,8,6,16,265
2004,8,6,17,294
2004,8,6,18,297
2004,8,6,19,276
2004,8,6,20,349
2004,8,6,21,317
2004,8,6,22,342
2004,8,6,23,338
2004,8,7,0,378
2004,8,7,1,280
2004,8,7,2,223
2004,8,7,3,189
2004,8,7,4,112
2004,8,7,5,105
2004,8,7,6,75
2004,8,7,7,95
2004,8,7,8,143
2004,8,7,9,160
2004,8,7,10,217
2004,8,7,11,208
2004,8,7,12,263
2004,8,7,13,227
2004,8,7,14,227
2004,8,7,15,252
2004,8,7,16,239
2004,8,7,17,257
2004,8,7,18,252
2004,8,7,19,268
2004,8,7,20,274
2004,8,7,21,309
2004,8,7,22,340
2004,8,7,23,351
2004,9,1,0,364
2004,9,1,1,249
2004,9,1,2,236
2004,9,1,3,218
2004,9,1,4,147
2004,9,1,5,101
2004,9,1,6,83
2004,9,1,7,82
2004,9,1,8,118
2004,9,1,9,130
2004,9,1,10,174
2004,9,1,11,214
2004,9,1,12,268
2004,9,1,13,238
2004,9,1,14,193
2004,9,1,15,234
2004,9,1,16,248
2004,9,1,17,218
2004,9,1,18,281
2004,9,1,19,306
2004,9,1,20,310
2004,9,1,21,341
2004,9,1,22,313
2004,9,1,23,263
2004,9,2,0,299
2004,9,2,1,143
2004,9,2,2,157
2004,9,2,3,115
2004,9,2,4,74
2004,9,2,5,68
2004,9,2,6,83
2004,9,2,7,112
2004,9,2,8,186
2004,9,2,9,214
2004,9,2,10,194
2004,9,2,11,216
2004,9,2,12,324
2004,9,2,13,236
2004,9,2,14,265
2004,9,2,15,255
2004,9,2,16,237
2004,9,2,17,268
2004,9,2,18,295
2004,9,2,19,272
2004,9,2,20,342
2004,9,2,21,341
2004,9,2,22,330
2004,9,2,23,199
2004,9,3,0,266
2004,9,3,1,157
2004,9,3,2,119
2004,9,3,3,75
2004,9,3,4,54
2004,9,3,5,76
2004,9,3,6,96
2004,9,3,7,151
2004,9,3,8,214
2004,9,3,9,216
2004,9,3,10,206
2004,9,3,11,259
2004,9,3,12,326
2004,9,3,13,286
2004,9,3,14,286
2004,9,3,15,288
2004,9,3,16,261
2004,9,3,17,283
2004,9,3,18,294
2004,9,3,19,303
2004,9,3,20,314
2004,9,3,21,325
2004,9,3,22,322
2004,9,3,23,218
2004,9,4,0,424
2004,9,4,1,188
2004,9,4,2,140
2004,9,4,3,93
2004,9,4,4,72
2004,9,4,5,98
2004,9,4,6,129
2004,9,4,7,173
2004,9,4,8,249
2004,9,4,9,354
2004,9,4,10,274
2004,9,4,11,292
2004,9,4,12,431
2004,9,4,13,361
2004,9,4,14,364
2004,9,4,15,384
2004,9,4,16,359
2004,9,4,17,342
2004,9,4,18,384
2004,9,4,19,399
2004,9,4,20,407
2004,9,4,21,400
2004,9,4,22,377
2004,9,4,23,309
2004,9,5,0,367
2004,9,5,1,186
2004,9,5,2,140
2004,9,5,3,130
2004,9,5,4,81
2004,9,5,5,84
2004,9,5,6,105
2004,9,5,7,186
2004,9,5,8,253
2004,9,5,9,291
2004,9,5,10,267
2004,9,5,11,284
2004,9,5,12,377
2004,9,5,13,380
2004,9,5,14,355
2004,9,5,15,421
2004,9,5,16,384
2004,9,5,17,356
2004,9,5,18,373
2004,9,5,19,414
2004,9,5,20,372
2004,9,5,21,407
2004,9,5,22,357
2004,9,5,23,292
2004,9,6,0,278
2004,9,6,1,178
2004,9,6,2,143
2004,9,6,3,112
2004,9,6,4,84
2004,9,6,5,68
2004,9,6,6,99
2004,9,6,7,145
2004,9,6,8,200
2004,9,6,9,213
2004,9,6,10,252
2004,9,6,11,292
2004,9,6,12,335
2004,9,6,13,291
2004,9,6,14,281
2004,9,6,15,306
2004,9,6,16,278
2004,9,6,17,307
2004,9,6,18,298
2004,9,6,19,336
2004,9,6,20,319
2004,9,6,21,333
2004,9,6,22,350
2004,9,6,23,278
2004,9,7,0,379
2004,9,7,1,286
2004,9,7,2,225
2004,9,7,3,201
2004,9,7,4,133
2004,9,7,5,88
2004,9,7,6,76
2004,9,7,7,106
2004,9,7,8,149
2004,9,7,9,177
2004,9,7,10,205
2004,9,7,11,189
2004,9,7,12,294
2004,9,7,13,229
2004,9,7,14,272
2004,9,7,15,265
2004,9,7,16,255
2004,9,7,17,232
2004,9,7,18,272
2004,9,7,19,281
2004,9,7,20,291
2004,9,7,21,327
2004,9,7,22,349
2004,9,7,23,343
2004,10,1,0,422
2004,10,1,1,324
2004,10,1,2,263
2004,10,1,3,204
2004,10,1,4,172
2004,10,1,5,119
2004,10,1,6,106
2004,10,1,7,78
2004,10,1,8,145
2004,10,1,9,197
2004,10,1,10,235
2004,10,1,11,255
2004,10,1,12,324
2004,10,1,13,245
2004,10,1,14,267
2004,10,1,15,291
2004,10,1,16,298
2004,10,1,17,312
2004,10,1,18,339
2004,10,1,19,420
2004,10,1,20,402
2004,10,1,21,405
2004,10,1,22,326
2004,10,1,23,297
2004,10,2,0,291
2004,10,2,1,124
2004,10,2,2,93
2004,10,2,3,78
2004,10,2,4,65
2004,10,2,5,46
2004,10,2,6,67
2004,10,2,7,118
2004,10,2,8,221
2004,10,2,9,254
2004,10,2,10,233
2004,10,2,11,243
2004,10,2,12,299
2004,10,2,13,253
2004,10,2,14,263
2004,10,2,15,298
2004,10,2,16,261
2004,10,2,17,258
2004,10,2,18,287
2004,10,2,19,294
2004,10,2,20,313
2004,10,2,21,293
2004,10,2,22,250
2004,10,2,23,224
2004,10,3,0,245
2004,10,3,1,108
2004,10,3,2,100
2004,10,3,3,90
2004,10,3,4,60
2004,10,3,5,74
2004,10,3,6,89
2004,10,3,7,128
2004,10,3,8,215
2004,10,3,9,255
2004,10,3,10,241
2004,10,3,11,248
2004,10,3,12,305
2004,10,3,13,297
2004,10,3,14,311
2004,10,3,15,291
2004,10,3,16,264
2004,10,3,17,268
2004,10,3,18,273
2004,10,3,19,311
2004,10,3,20,312
2004,10,3,21,329
2004,10,3,22,278
2004,10,3,23,221
2004,10,4,0,259
2004,10,4,1,147
2004,10,4,2,108
2004,10,4,3,90
2004,10,4,4,63
2004,10,4,5,56
2004,10,4,6,82
2004,10,4,7,133
2004,10,4,8,236
2004,10,4,9,244
2004,10,4,10,258
2004,10,4,11,280
2004,10,4,12,345
2004,10,4,13,276
2004,10,4,14,335
2004,10,4,15,326
2004,10,4,16,257
2004,10,4,17,296
2004,10,4,18,296
2004,10,4,19,318
2004,10,4,20,359
2004,10,4,21,324
2004,10,4,22,290
2004,10,4,23,256
2004,10,5,0,264
2004,10,5,1,139
2004,10,5,2,107
2004,10,5,3,103
2004,10,5,4,74
2004,10,5,5,62
2004,10,5,6,97
2004,10,5,7,134
2004,10,5,8,222
2004,10,5,9,243
2004,10,5,10,223
2004,10,5,11,235
2004,10,5,12,323
2004,10,5,13,258
2004,10,5,14,358
2004,10,5,15,330
2004,10,5,16,290
2004,10,5,17,265
2004,10,5,18,281
2004,10,5,19,306
2004,10,5,20,319
2004,10,5,21,299
2004,10,5,22,285
2004,10,5,23,221
2004,10,6,0,443
2004,10,6,1,173
2004,10,6,2,161
2004,10,6,3,122
2004,10,6,4,73
2004,10,6,5,93
2004,10,6,6,106
2004,10,6,7,178
2004,10,6,8,286
2004,10,6,9,346
2004,10,6,10,383
2004,10,6,11,309
2004,10,6,12,466
2004,10,6,13,343
2004,10,6,14,364
2004,10,6,15,398
2004,10,6,16,341
2004,10,6,17,361
2004,10,6,18,350
2004,10,6,19,392
2004,10,6,20,424
2004,10,6,21,426
2004,10,6,22,428
2004,10,6,23,350
2004,10,7,0,395
2004,10,7,1,284
2004,10,7,2,258
2004,10,7,3,180
2004,10,7,4,128
2004,10,7,5,107
2004,10,7,6,90
2004,10,7,7,81
2004,10,7,8,138
2004,10,7,9,224
2004,10,7,10,218
2004,10,7,11,281
2004,10,7,12,335
2004,10,7,13,259
2004,10,7,14,273
2004,10,7,15,323
2004,10,7,16,292
2004,10,7,17,288
2004,10,7,18,310
2004,10,7,19,321
2004,10,7,20,337
2004,10,7,21,403
2004,10,7,22,396
2004,10,7,23,335
2004,11,1,0,328
2004,11,1,1,226
2004,11,1,2,193
2004,11,1,3,155
2004,11,1,4,126
2004,11,1,5,83
2004,11,1,6,61
2004,11,1,7,68
2004,11,1,8,98
2004,11,1,9,151
2004,11,1,10,154
2004,11,1,11,185
2004,11,1,12,250
2004,11,1,13,204
2004,11,1,14,203
2004,11,1,15,188
2004,11,1,16,220
2004,11,1,17,189
2004,11,1,18,236
2004,11,1,19,250
2004,11,1,20,285
2004,11,1,21,236
2004,11,1,22,232
2004,11,1,23,202
2004,11,2,0,420
2004,11,2,1,157
2004,11,2,2,93
2004,11,2,3,80
2004,11,2,4,72
2004,11,2,5,68
2004,11,2,6,92
2004,11,2,7,175
2004,11,2,8,297
2004,11,2,9,348
2004,11,2,10,293
2004,11,2,11,278
2004,11,2,12,396
2004,11,2,13,311
2004,11,2,14,362
2004,11,2,15,304
2004,11,2,16,314
2004,11,2,17,300
2004,11,2,18,332
2004,11,2,19,332
2004,11,2,20,350
2004,11,2,21,349
2004,11,2,22,337
2004,11,2,23,253
2004,11,3,0,265
2004,11,3,1,149
2004,11,3,2,112
2004,11,3,3,78
2004,11,3,4,66
2004,11,3,5,71
2004,11,3,6,94
2004,11,3,7,164
2004,11,3,8,249
2004,11,3,9,288
2004,11,3,10,265
2004,11,3,11,267
2004,11,3,12,383
2004,11,3,13,301
2004,11,3,14,312
2004,11,3,15,337
2004,11,3,16,298
2004,11,3,17,278
2004,11,3,18,331
2004,11,3,19,376
2004,11,3,20,436
2004,11,3,21,369
2004,11,3,22,362
2004,11,3,23,252
2004,11,4,0,237
2004,11,4,1,116
2004,11,4,2,76
2004,11,4,3,83
2004,11,4,4,54
2004,11,4,5,66
2004,11,4,6,109
2004,11,4,7,140
2004,11,4,8,199
2004,11,4,9,246
2004,11,4,10,235
2004,11,4,11,225
2004,11,4,12,318
2004,11,4,13,291
2004,11,4,14,274
2004,11,4,15,269
2004,11,4,16,249
2004,11,4,17,258
2004,11,4,18,273
2004,11,4,19,310
2004,11,4,20,316
2004,11,4,21,301
2004,11,4,22,282
2004,11,4,23,205
2004,11,5,0,258
2004,11,5,1,117
2004,11,5,2,95
2004,11,5,3,83
2004,11,5,4,69
2004,11,5,5,70
2004,11,5,6,73
2004,11,5,7,109
2004,11,5,8,146
2004,11,5,9,201
2004,11,5,10,185
2004,11,5,11,210
2004,11,5,12,258
2004,11,5,13,231
2004,11,5,14,263
2004,11,5,15,236
2004,11,5,16,215
2004,11,5,17,225
2004,11,5,18,245
2004,11,5,19,246
2004,11,5,20,263
2004,11,5,21,249
2004,11,5,22,263
2004,11,5,23,232
2004,11,6,0,244
2004,11,6,1,131
2004,11,6,2,122
2004,11,6,3,69
2004,11,6,4,74
2004,11,6,5,66
2004,11,6,6,95
2004,11,6,7,119
2004,11,6,8,135
2004,11,6,9,220
2004,11,6,10,205
2004,11,6,11,239
2004,11,6,12,377
2004,11,6,13,275
2004,11,6,14,246
2004,11,6,15,282
2004,11,6,16,264
2004,11,6,17,237
2004,11,6,18,261
2004,11,6,19,274
2004,11,6,20,304
2004,11,6,21,315
2004,11,6,22,304
2004,11,6,23,324
2004,11,7,0,301
2004,11,7,1,213
2004,11,7,2,179
2004,11,7,3,150
2004,11,7,4,120
2004,11,7,5,89
2004,11,7,6,81
2004,11,7,7,67
2004,11,7,8,120
2004,11,7,9,168
2004,11,7,10,226
2004,11,7,11,214
2004,11,7,12,274
2004,11,7,13,227
2004,11,7,14,211
2004,11,7,15,225
2004,11,7,16,226
2004,11,7,17,246
2004,11,7,18,262
2004,11,7,19,252
2004,11,7,20,297
2004,11,7,21,284
2004,11,7,22,313
2004,11,7,23,303
2004,12,1,0,266
2004,12,1,1,174
2004,12,1,2,176
2004,12,1,3,135
2004,12,1,4,99
2004,12,1,5,73
2004,12,1,6,59
2004,12,1,7,53
2004,12,1,8,80
2004,12,1,9,114
2004,12,1,10,136
2004,12,1,11,162
2004,12,1,12,207
2004,12,1,13,163
2004,12,1,14,195
2004,12,1,15,181
2004,12,1,16,185
2004,12,1,17,198
2004,12,1,18,238
2004,12,1,19,226
2004,12,1,20,218
2004,12,1,21,241
2004,12,1,22,212
2004,12,1,23,181
2004,12,2,0,203
2004,12,2,1,121
2004,12,2,2,83
2004,12,2,3,52
2004,12,2,4,47
2004,12,2,5,57
2004,12,2,6,56
2004,12,2,7,113
2004,12,2,8,162
2004,12,2,9,220
2004,12,2,10,194
2004,12,2,11,214
2004,12,2,12,248
2004,12,2,13,211
2004,12,2,14,231
2004,12,2,15,234
2004,12,2,16,218
2004,12,2,17,229
2004,12,2,18,265
2004,12,2,19,251
2004,12,2,20,269
2004,12,2,21,244
2004,12,2,22,232
2004,12,2,23,195
2004,12,3,0,216
2004,12,3,1,150
2004,12,3,2,72
2004,12,3,3,79
2004,12,3,4,46
2004,12,3,5,44
2004,12,3,6,66
2004,12,3,7,104
2004,12,3,8,136
2004,12,3,9,175
2004,12,3,10,206
2004,12,3,11,181
2004,12,3,12,280
2004,12,3,13,256
2004,12,3,14,230
2004,12,3,15,261
2004,12,3,16,236
2004,12,3,17,229
2004,12,3,18,249
2004,12,3,19,293
2004,12,3,20,309
2004,12,3,21,268
2004,12,3,22,249
2004,12,3,23,181
2004,12,4,0,339
2004,12,4,1,148
2004,12,4,2,120
2004,12,4,3,86
2004,12,4,4,64
2004,12,4,5,47
2004,12,4,6,91
2004,12,4,7,120
2004,12,4,8,212
2004,12,4,9,266
2004,12,4,10,247
2004,12,4,11,247
2004,12,4,12,425
2004,12,4,13,361
2004,12,4,14,326
2004,12,4,15,328
2004,12,4,16,311
2004,12,4,17,304
2004,12,4,18,344
2004,12,4,19,337
2004,12,4,20,361
2004,12,4,21,305
2004,12,4,22,317
2004,12,4,23,240
2004,12,5,0,269
2004,12,5,1,157
2004,12,5,2,125
2004,12,5,3,100
2004,12,5,4,59
2004,12,5,5,69
2004,12,5,6,81
2004,12,5,7,149
2004,12,5,8,203
2004,12,5,9,249
2004,12,5,10,222
2004,12,5,11,281
2004,12,5,12,322
2004,12,5,13,288
2004,12,5,14,310
2004,12,5,15,383
2004,12,5,16,295
2004,12,5,17,326
2004,12,5,18,342
2004,12,5,19,343
2004,12,5,20,335
2004,12,5,21,352
2004,12,5,22,305
2004,12,5,23,252
2004,12,6,0,282
2004,12,6,1,155
2004,12,6,2,132
2004,12,6,3,122
2004,12,6,4,104
2004,12,6,5,69
2004,12,6,6,78
2004,12,6,7,129
2004,12,6,8,202
2004,12,6,9,226
2004,12,6,10,287
2004,12,6,11,285
2004,12,6,12,373
2004,12,6,13,291
2004,12,6,14,294
2004,12,6,15,354
2004,12,6,16,303
2004,12,6,17,261
2004,12,6,18,298
2004,12,6,19,330
2004,12,6,20,324
2004,12,6,21,286
2004,12,6,22,308
2004,12,6,23,289
2004,12,7,0,244
2004,12,7,1,161
2004,12,7,2,154
2004,12,7,3,132
2004,12,7,4,89
2004,12,7,5,64
2004,12,7,6,54
2004,12,7,7,65
2004,12,7,8,91
2004,12,7,9,126
2004,12,7,10,145
2004,12,7,11,161
2004,12,7,12,229
2004,12,7,13,184
2004,12,7,14,174
2004,12,7,15,208
2004,12,7,16,171
2004,12,7,17,191
2004,12,7,18,196
2004,12,7,19,211
2004,12,7,20,244
2004,12,7,21,227
2004,12,7,22,229
2004,12,7,23,191
2005,1,1,0,271
2005,1,1,1,224
2005,1,1,2,166
2005,1,1,3,150
2005,1,1,4,112
2005,1,1,5,69
2005,1,1,6,68
2005,1,1,7,56
2005,1,1,8,105
2005,1,1,9,145
2005,1,1,10,159
2005,1,1,11,202
2005,1,1,12,280
2005,1,1,13,258
2005,1,1,14,251
2005,1,1,15,245
2005,1,1,16,233
2005,1,1,17,240
2005,1,1,18,263
2005,1,1,19,289
2005,1,1,20,321
2005,1,1,21,298
2005,1,1,22,244
2005,1,1,23,226
2005,1,2,0,257
2005,1,2,1,126
2005,1,2,2,86
2005,1,2,3,70
2005,1,2,4,54
2005,1,2,5,50
2005,1,2,6,73
2005,1,2,7,149
2005,1,2,8,221
2005,1,2,9,262
2005,1,2,10,230
2005,1,2,11,247
2005,1,2,12,337
2005,1,2,13,283
2005,1,2,14,319
2005,1,2,15,312
2005,1,2,16,296
2005,1,2,17,280
2005,1,2,18,256
2005,1,2,19,331
2005,1,2,20,357
2005,1,2,21,320
2005,1,2,22,300
2005,1,2,23,225
2005,1,3,0,224
2005,1,3,1,117
2005,1,3,2,77
2005,1,3,3,61
2005,1,3,4,43
2005,1,3,5,41
2005,1,3,6,68
2005,1,3,7,111
2005,1,3,8,182
2005,1,3,9,173
2005,1,3,10,200
2005,1,3,11,207
2005,1,3,12,304
2005,1,3,13,250
2005,1,3,14,267
2005,1,3,15,253
2005,1,3,16,236
2005,1,3,17,241
2005,1,3,18,251
2005,1,3,19,279
2005,1,3,20,304
2005,1,3,21,280
2005,1,3,22,233
2005,1,3,23,172
2005,1,4,0,206
2005,1,4,1,121
2005,1,4,2,85
2005,1,4,3,66
2005,1,4,4,51
2005,1,4,5,48
2005,1,4,6,62
2005,1,4,7,97
2005,1,4,8,162
2005,1,4,9,223
2005,1,4,10,203
2005,1,4,11,207
2005,1,4,12,271
2005,1,4,13,239
2005,1,4,14,250
2005,1,4,15,261
2005,1,4,16,224
2005,1,4,17,221
2005,1,4,18,214
2005,1,4,19,270
2005,1,4,20,269
2005,1,4,21,228
2005,1,4,22,232
2005,1,4,23,163
2005,1,5,0,170
2005,1,5,1,94
2005,1,5,2,86
2005,1,5,3,59
2005,1,5,4,57
2005,1,5,5,43
2005,1,5,6,51
2005,1,5,7,108
2005,1,5,8,160
2005,1,5,9,212
2005,1,5,10,183
2005,1,5,11,210
2005,1,5,12,258
2005,1,5,13,222
2005,1,5,14,301
2005,1,5,15,252
2005,1,5,16,231
2005,1,5,17,236
2005,1,5,18,208
2005,1,5,19,229
2005,1,5,20,261
2005,1,5,21,252
2005,1,5,22,194
2005,1,5,23,183
2005,1,6,0,183
2005,1,6,1,104
2005,1,6,2,76
2005,1,6,3,74
2005,1,6,4,57
2005,1,6,5,50
2005,1,6,6,70
2005,1,6,7,96
2005,1,6,8,145
2005,1,6,9,182
2005,1,6,10,200
2005,1,6,11,219
2005,1,6,12,295
2005,1,6,13,222
2005,1,6,14,267
2005,1,6,15,260
2005,1,6,16,242
2005,1,6,17,244
2005,1,6,18,261
2005,1,6,19,234
2005,1,6,20,259
2005,1,6,21,253
2005,1,6,22,217
2005,1,6,23,199
2005,1,7,0,743
2005,1,7,1,262
2005,1,7,2,251
2005,1,7,3,206
2005,1,7,4,127
2005,1,7,5,115
2005,1,7,6,98
2005,1,7,7,95
2005,1,7,8,143
2005,1,7,9,253
2005,1,7,10,201
2005,1,7,11,193
2005,1,7,12,371
2005,1,7,13,265
2005,1,7,14,246
2005,1,7,15,265
2005,1,7,16,234
2005,1,7,17,230
2005,1,7,18,265
2005,1,7,19,288
2005,1,7,20,333
2005,1,7,21,281
2005,1,7,22,240
2005,1,7,23,238
2005,2,1,0,247
2005,2,1,1,176
2005,2,1,2,168
2005,2,1,3,153
2005,2,1,4,103
2005,2,1,5,71
2005,2,1,6,49
2005,2,1,7,75
2005,2,1,8,105
2005,2,1,9,134
2005,2,1,10,147
2005,2,1,11,160
2005,2,1,12,208
2005,2,1,13,187
2005,2,1,14,201
2005,2,1,15,194
2005,2,1,16,169
2005,2,1,17,190
2005,2,1,18,208
2005,2,1,19,224
2005,2,1,20,233
2005,2,1,21,201
2005,2,1,22,201
2005,2,1,23,173
2005,2,2,0,222
2005,2,2,1,121
2005,2,2,2,84
2005,2,2,3,65
2005,2,2,4,48
2005,2,2,5,49
2005,2,2,6,56
2005,2,2,7,86
2005,2,2,8,161
2005,2,2,9,214
2005,2,2,10,206
2005,2,2,11,210
2005,2,2,12,278
2005,2,2,13,225
2005,2,2,14,222
2005,2,2,15,259
2005,2,2,16,274
2005,2,2,17,237
2005,2,2,18,236
2005,2,2,19,266
2005,2,2,20,249
2005,2,2,21,273
2005,2,2,22,252
2005,2,2,23,165
2005,2,3,0,292
2005,2,3,1,110
2005,2,3,2,82
2005,2,3,3,77
2005,2,3,4,44
2005,2,3,5,46
2005,2,3,6,59
2005,2,3,7,108
2005,2,3,8,198
2005,2,3,9,224
2005,2,3,10,214
2005,2,3,11,209
2005,2,3,12,322
2005,2,3,13,244
2005,2,3,14,280
2005,2,3,15,254
2005,2,3,16,245
2005,2,3,17,219
2005,2,3,18,252
2005,2,3,19,214
2005,2,3,20,308
2005,2,3,21,281
2005,2,3,22,268
2005,2,3,23,189
2005,2,4,0,234
2005,2,4,1,113
2005,2,4,2,80
2005,2,4,3,48
2005,2,4,4,59
2005,2,4,5,46
2005,2,4,6,66
2005,2,4,7,132
2005,2,4,8,183
2005,2,4,9,218
2005,2,4,10,194
2005,2,4,11,216
2005,2,4,12,307
2005,2,4,13,237
2005,2,4,14,306
2005,2,4,15,304
2005,2,4,16,262
2005,2,4,17,205
2005,2,4,18,265
2005,2,4,19,257
2005,2,4,20,261
2005,2,4,21,247
2005,2,4,22,235
2005,2,4,23,164
2005,2,5,0,214
2005,2,5,1,110
2005,2,5,2,76
2005,2,5,3,65
2005,2,5,4,44
2005,2,5,5,48
2005,2,5,6,55
2005,2,5,7,102
2005,2,5,8,193
2005,2,5,9,215
2005,2,5,10,205
2005,2,5,11,200
2005,2,5,12,262
2005,2,5,13,271
2005,2,5,14,293
2005,2,5,15,294
2005,2,5,16,248
2005,2,5,17,206
2005,2,5,18,244
2005,2,5,19,273
2005,2,5,20,241
2005,2,5,21,278
2005,2,5,22,226
2005,2,5,23,184
2005,2,6,0,207
2005,2,6,1,113
2005,2,6,2,90
2005,2,6,3,76
2005,2,6,4,56
2005,2,6,5,36
2005,2,6,6,64
2005,2,6,7,123
2005,2,6,8,199
2005,2,6,9,199
2005,2,6,10,223
2005,2,6,11,249
2005,2,6,12,290
2005,2,6,13,285
2005,2,6,14,321
2005,2,6,15,273
2005,2,6,16,272
2005,2,6,17,249
2005,2,6,18,289
2005,2,6,19,328
2005,2,6,20,323
2005,2,6,21,293
2005,2,6,22,287
2005,2,6,23,251
2005,2,7,0,257
2005,2,7,1,155
2005,2,7,2,149
2005,2,7,3,128
2005,2,7,4,105
2005,2,7,5,72
2005,2,7,6,68
2005,2,7,7,69
2005,2,7,8,105
2005,2,7,9,151
2005,2,7,10,171
2005,2,7,11,208
2005,2,7,12,240
2005,2,7,13,201
2005,2,7,14,188
2005,2,7,15,243
2005,2,7,16,225
2005,2,7,17,193
2005,2,7,18,226
2005,2,7,19,261
2005,2,7,20,290
2005,2,7,21,263
2005,2,7,22,293
2005,2,7,23,272
2005,3,1,0,244
2005,3,1,1,186
2005,3,1,2,159
2005,3,1,3,155
2005,3,1,4,111
2005,3,1,5,82
2005,3,1,6,72
2005,3,1,7,65
2005,3,1,8,93
2005,3,1,9,122
2005,3,1,10,132
2005,3,1,11,173
2005,3,1,12,212
2005,3,1,13,217
2005,3,1,14,179
2005,3,1,15,205
2005,3,1,16,194
2005,3,1,17,207
2005,3,1,18,223
2005,3,1,19,268
2005,3,1,20,319
2005,3,1,21,272
2005,3,1,22,239
2005,3,1,23,198
2005,3,2,0,258
2005,3,2,1,121
2005,3,2,2,90
2005,3,2,3,68
2005,3,2,4,66
2005,3,2,5,51
2005,3,2,6,67
2005,3,2,7,104
2005,3,2,8,155
2005,3,2,9,216
2005,3,2,10,192
2005,3,2,11,242
2005,3,2,12,279
2005,3,2,13,229
2005,3,2,14,249
2005,3,2,15,234
2005,3,2,16,223
2005,3,2,17,237
2005,3,2,18,268
2005,3,2,19,279
2005,3,2,20,291
2005,3,2,21,288
2005,3,2,22,254
2005,3,2,23,189
2005,3,3,0,354
2005,3,3,1,131
2005,3,3,2,84
2005,3,3,3,87
2005,3,3,4,74
2005,3,3,5,67
2005,3,3,6,103
2005,3,3,7,179
2005,3,3,8,254
2005,3,3,9,285
2005,3,3,10,273
2005,3,3,11,283
2005,3,3,12,394
2005,3,3,13,304
2005,3,3,14,345
2005,3,3,15,360
2005,3,3,16,275
2005,3,3,17,298
2005,3,3,18,334
2005,3,3,19,352
2005,3,3,20,381
2005,3,3,21,349
2005,3,3,22,328
2005,3,3,23,267
2005,3,4,0,310
2005,3,4,1,130
2005,3,4,2,113
2005,3,4,3,78
2005,3,4,4,62
2005,3,4,5,75
2005,3,4,6,108
2005,3,4,7,148
2005,3,4,8,237
2005,3,4,9,265
2005,3,4,10,256
2005,3,4,11,269
2005,3,4,12,332
2005,3,4,13,319
2005,3,4,14,390
2005,3,4,15,370
2005,3,4,16,319
2005,3,4,17,284
2005,3,4,18,324
2005,3,4,19,333
2005,3,4,20,372
2005,3,4,21,334
2005,3,4,22,307
2005,3,4,23,225
2005,3,5,0,302
2005,3,5,1,137
2005,3,5,2,88
2005,3,5,3,88
2005,3,5,4,62
2005,3,5,5,73
2005,3,5,6,83
2005,3,5,7,171
2005,3,5,8,227
2005,3,5,9,309
2005,3,5,10,280
2005,3,5,11,286
2005,3,5,12,381
2005,3,5,13,348
2005,3,5,14,335
2005,3,5,15,375
2005,3,5,16,286
2005,3,5,17,277
2005,3,5,18,318
2005,3,5,19,341
2005,3,5,20,379
2005,3,5,21,317
2005,3,5,22,316
2005,3,5,23,284
2005,3,6,0,225
2005,3,6,1,122
2005,3,6,2,112
2005,3,6,3,63
2005,3,6,4,64
2005,3,6,5,40
2005,3,6,6,65
2005,3,6,7,115
2005,3,6,8,171
2005,3,6,9,237
2005,3,6,10,231
2005,3,6,11,273
2005,3,6,12,322
2005,3,6,13,242
2005,3,6,14,280
2005,3,6,15,288
2005,3,6,16,223
2005,3,6,17,241
2005,3,6,18,279
2005,3,6,19,302
2005,3,6,20,308
2005,3,6,21,312
2005,3,6,22,277
2005,3,6,23,254
2005,3,7,0,278
2005,3,7,1,174
2005,3,7,2,153
2005,3,7,3,152
2005,3,7,4,101
2005,3,7,5,84
2005,3,7,6,66
2005,3,7,7,84
2005,3,7,8,118
2005,3,7,9,143
2005,3,7,10,165
2005,3,7,11,217
2005,3,7,12,272
2005,3,7,13,226
2005,3,7,14,226
2005,3,7,15,231
2005,3,7,16,229
2005,3,7,17,224
2005,3,7,18,258
2005,3,7,19,246
2005,3,7,20,274
2005,3,7,21,261
2005,3,7,22,279
2005,3,7,23,239
2005,4,1,0,306
2005,4,1,1,233
2005,4,1,2,158
2005,4,1,3,185
2005,4,1,4,135
2005,4,1,5,93
2005,4,1,6,64
2005,4,1,7,56
2005,4,1,8,108
2005,4,1,9,134
2005,4,1,10,159
2005,4,1,11,192
2005,4,1,12,239
2005,4,1,13,220
2005,4,1,14,189
2005,4,1,15,235
2005,4,1,16,230
2005,4,1,17,222
2005,4,1,18,276
2005,4,1,19,293
2005,4,1,20,350
2005,4,1,21,303
2005,4,1,22,276
2005,4,1,23,216
2005,4,2,0,286
2005,4,2,1,131
2005,4,2,2,110
2005,4,2,3,72
2005,4,2,4,57
2005,4,2,5,53
2005,4,2,6,79
2005,4,2,7,115
2005,4,2,8,221
2005,4,2,9,227
2005,4,2,10,205
2005,4,2,11,228
2005,4,2,12,309
2005,4,2,13,264
2005,4,2,14,291
2005,4,2,15,267
2005,4,2,16,266
2005,4,2,17,248
2005,4,2,18,304
2005,4,2,19,300
2005,4,2,20,284
2005,4,2,21,297
2005,4,2,22,298
2005,4,2,23,236
2005,4,3,0,275
2005,4,3,1,144
2005,4,3,2,94
2005,4,3,3,86
2005,4,3,4,65
2005,4,3,5,58
2005,4,3,6,94
2005,4,3,7,112
2005,4,3,8,194
2005,4,3,9,250
2005,4,3,10,190
2005,4,3,11,223
2005,4,3,12,308
2005,4,3,13,271
2005,4,3,14,280
2005,4,3,15,297
2005,4,3,16,260
2005,4,3,17,228
2005,4,3,18,275
2005,4,3,19,299
2005,4,3,20,352
2005,4,3,21,302
2005,4,3,22,337
2005,4,3,23,223
2005,4,4,0,263
2005,4,4,1,167
2005,4,4,2,101
2005,4,4,3,79
2005,4,4,4,68
2005,4,4,5,58
2005,4,4,6,87
2005,4,4,7,129
2005,4,4,8,179
2005,4,4,9,229
2005,4,4,10,229
2005,4,4,11,259
2005,4,4,12,321
2005,4,4,13,295
2005,4,4,14,301
2005,4,4,15,322
2005,4,4,16,287
2005,4,4,17,283
2005,4,4,18,280
2005,4,4,19,286
2005,4,4,20,321
2005,4,4,21,306
2005,4,4,22,258
2005,4,4,23,235
2005,4,5,0,265
2005,4,5,1,136
2005,4,5,2,105
2005,4,5,3,73
2005,4,5,4,62
2005,4,5,5,40
2005,4,5,6,87
2005,4,5,7,123
2005,4,5,8,200
2005,4,5,9,207
2005,4,5,10,203
2005,4,5,11,271
2005,4,5,12,334
2005,4,5,13,294
2005,4,5,14,299
2005,4,5,15,311
2005,4,5,16,318
2005,4,5,17,269
2005,4,5,18,271
2005,4,5,19,283
2005,4,5,20,323
2005,4,5,21,343
2005,4,5,22,254
2005,4,5,23,227
2005,4,6,0,382
2005,4,6,1,164
2005,4,6,2,133
2005,4,6,3,107
2005,4,6,4,85
2005,4,6,5,79
2005,4,6,6,89
2005,4,6,7,130
2005,4,6,8,257
2005,4,6,9,294
2005,4,6,10,283
2005,4,6,11,363
2005,4,6,12,454
2005,4,6,13,348
2005,4,6,14,365
2005,4,6,15,393
2005,4,6,16,379
2005,4,6,17,374
2005,4,6,18,386
2005,4,6,19,385
2005,4,6,20,385
2005,4,6,21,404
2005,4,6,22,352
2005,4,6,23,326
2005,4,7,0,395
2005,4,7,1,233
2005,4,7,2,214
2005,4,7,3,182
2005,4,7,4,140
2005,4,7,5,89
2005,4,7,6,67
2005,4,7,7,91
2005,4,7,8,149
2005,4,7,9,195
2005,4,7,10,230
2005,4,7,11,263
2005,4,7,12,292
2005,4,7,13,263
2005,4,7,14,297
2005,4,7,15,263
2005,4,7,16,269
2005,4,7,17,325
2005,4,7,18,290
2005,4,7,19,356
2005,4,7,20,362
2005,4,7,21,404
2005,4,7,22,391
2005,4,7,23,316
2005,5,1,0,470
2005,5,1,1,281
2005,5,1,2,228
2005,5,1,3,220
2005,5,1,4,186
2005,5,1,5,112
2005,5,1,6,82
2005,5,1,7,92
2005,5,1,8,142
2005,5,1,9,193
2005,5,1,10,185
2005,5,1,11,239
2005,5,1,12,303
2005,5,1,13,238
2005,5,1,14,252
2005,5,1,15,253
2005,5,1,16,301
2005,5,1,17,288
2005,5,1,18,343
2005,5,1,19,361
2005,5,1,20,332
2005,5,1,21,381
2005,5,1,22,378
2005,5,1,23,334
2005,5,2,0,390
2005,5,2,1,205
2005,5,2,2,164
2005,5,2,3,113
2005,5,2,4,95
2005,5,2,5,75
2005,5,2,6,97
2005,5,2,7,134
2005,5,2,8,222
2005,5,2,9,279
2005,5,2,10,260
2005,5,2,11,295
2005,5,2,12,401
2005,5,2,13,336
2005,5,2,14,323
2005,5,2,15,336
2005,5,2,16,325
2005,5,2,17,316
2005,5,2,18,320
2005,5,2,19,379
2005,5,2,20,352
2005,5,2,21,361
2005,5,2,22,335
2005,5,2,23,264
2005,5,3,0,341
2005,5,3,1,168
2005,5,3,2,121
2005,5,3,3,82
2005,5,3,4,60
2005,5,3,5,56
2005,5,3,6,96
2005,5,3,7,182
2005,5,3,8,270
2005,5,3,9,304
2005,5,3,10,258
2005,5,3,11,316
2005,5,3,12,365
2005,5,3,13,379
2005,5,3,14,381
2005,5,3,15,389
2005,5,3,16,307
2005,5,3,17,309
2005,5,3,18,355
2005,5,3,19,383
2005,5,3,20,424
2005,5,3,21,422
2005,5,3,22,387
2005,5,3,23,293
2005,5,4,0,282
2005,5,4,1,147
2005,5,4,2,105
2005,5,4,3,88
2005,5,4,4,56
2005,5,4,5,66
2005,5,4,6,87
2005,5,4,7,129
2005,5,4,8,191
2005,5,4,9,228
2005,5,4,10,243
2005,5,4,11,221
2005,5,4,12,330
2005,5,4,13,312
2005,5,4,14,302
2005,5,4,15,301
2005,5,4,16,233
2005,5,4,17,280
2005,5,4,18,294
2005,5,4,19,307
2005,5,4,20,304
2005,5,4,21,320
2005,5,4,22,312
2005,5,4,23,216
2005,5,5,0,284
2005,5,5,1,154
2005,5,5,2,98
2005,5,5,3,99
2005,5,5,4,66
2005,5,5,5,64
2005,5,5,6,83
2005,5,5,7,131
2005,5,5,8,207
2005,5,5,9,276
2005,5,5,10,220
2005,5,5,11,226
2005,5,5,12,357
2005,5,5,13,312
2005,5,5,14,274
2005,5,5,15,308
2005,5,5,16,268
2005,5,5,17,284
2005,5,5,18,269
2005,5,5,19,292
2005,5,5,20,285
2005,5,5,21,302
2005,5,5,22,284
2005,5,5,23,235
2005,5,6,0,279
2005,5,6,1,150
2005,5,6,2,135
2005,5,6,3,104
2005,5,6,4,66
2005,5,6,5,67
2005,5,6,6,90
2005,5,6,7,131
2005,5,6,8,180
2005,5,6,9,203
2005,5,6,10,254
2005,5,6,11,271
2005,5,6,12,340
2005,5,6,13,251
2005,5,6,14,279
2005,5,6,15,342
2005,5,6,16,278
2005,5,6,17,269
2005,5,6,18,281
2005,5,6,19,348
2005,5,6,20,284
2005,5,6,21,321
2005,5,6,22,325
2005,5,6,23,309
2005,5,7,0,297
2005,5,7,1,232
2005,5,7,2,212
2005,5,7,3,164
2005,5,7,4,123
2005,5,7,5,68
2005,5,7,6,80
2005,5,7,7,83
2005,5,7,8,120
2005,5,7,9,162
2005,5,7,10,183
2005,5,7,11,200
2005,5,7,12,250
2005,5,7,13,221
2005,5,7,14,217
2005,5,7,15,223
2005,5,7,16,227
2005,5,7,17,236
2005,5,7,18,254
2005,5,7,19,268
2005,5,7,20,275
2005,5,7,21,300
2005,5,7,22,290
2005,5,7,23,280
2005,6,1,0,353
2005,6,1,1,259
2005,6,1,2,237
2005,6,1,3,204
2005,6,1,4,137
2005,6,1,5,126
2005,6,1,6,83
2005,6,1,7,89
2005,6,1,8,100
2005,6,1,9,108
2005,6,1,10,172
2005,6,1,11,189
2005,6,1,12,244
2005,6,1,13,234
2005,6,1,14,196
2005,6,1,15,246
2005,6,1,16,254
2005,6,1,17,246
2005,6,1,18,232
2005,6,1,19,280
2005,6,1,20,289
2005,6,1,21,324
2005,6,1,22,324
2005,6,1,23,250
2005,6,2,0,341
2005,6,2,1,189
2005,6,2,2,164
2005,6,2,3,95
2005,6,2,4,74
2005,6,2,5,75
2005,6,2,6,97
2005,6,2,7,115
2005,6,2,8,163
2005,6,2,9,203
2005,6,2,10,208
2005,6,2,11,231
2005,6,2,12,291
2005,6,2,13,267
2005,6,2,14,248
2005,6,2,15,267
2005,6,2,16,242
2005,6,2,17,270
2005,6,2,18,284
2005,6,2,19,309
2005,6,2,20,306
2005,6,2,21,310
2005,6,2,22,313
2005,6,2,23,264
2005,6,3,0,331
2005,6,3,1,205
2005,6,3,2,135
2005,6,3,3,99
2005,6,3,4,92
2005,6,3,5,66
2005,6,3,6,95
2005,6,3,7,107
2005,6,3,8,166
2005,6,3,9,246
2005,6,3,10,219
2005,6,3,11,238
2005,6,3,12,350
2005,6,3,13,250
2005,6,3,14,254
2005,6,3,15,265
2005,6,3,16,269
2005,6,3,17,244
2005,6,3,18,279
2005,6,3,19,306
2005,6,3,20,302
2005,6,3,21,384
2005,6,3,22,349
2005,6,3,23,289
2005,6,4,0,467
2005,6,4,1,203
2005,6,4,2,155
2005,6,4,3,113
2005,6,4,4,87
2005,6,4,5,88
2005,6,4,6,118
2005,6,4,7,166
2005,6,4,8,229
2005,6,4,9,289
2005,6,4,10,286
2005,6,4,11,294
2005,6,4,12,436
2005,6,4,13,323
2005,6,4,14,333
2005,6,4,15,324
2005,6,4,16,335
2005,6,4,17,314
2005,6,4,18,388
2005,6,4,19,381
2005,6,4,20,437
2005,6,4,21,382
2005,6,4,22,454
2005,6,4,23,343
2005,6,5,0,342
2005,6,5,1,229
2005,6,5,2,157
2005,6,5,3,133
2005,6,5,4,89
2005,6,5,5,82
2005,6,5,6,100
2005,6,5,7,152
2005,6,5,8,187
2005,6,5,9,248
2005,6,5,10,242
2005,6,5,11,271
2005,6,5,12,356
2005,6,5,13,292
2005,6,5,14,330
2005,6,5,15,324
2005,6,5,16,316
2005,6,5,17,337
2005,6,5,18,322
2005,6,5,19,343
2005,6,5,20,362
2005,6,5,21,377
2005,6,5,22,404
2005,6,5,23,367
2005,6,6,0,316
2005,6,6,1,193
2005,6,6,2,143
2005,6,6,3,107
2005,6,6,4,87
2005,6,6,5,67
2005,6,6,6,75
2005,6,6,7,108
2005,6,6,8,163
2005,6,6,9,221
2005,6,6,10,259
2005,6,6,11,227
2005,6,6,12,313
2005,6,6,13,276
2005,6,6,14,295
2005,6,6,15,302
2005,6,6,16,260
2005,6,6,17,257
2005,6,6,18,324
2005,6,6,19,284
2005,6,6,20,266
2005,6,6,21,308
2005,6,6,22,333
2005,6,6,23,313
2005,6,7,0,323
2005,6,7,1,284
2005,6,7,2,231
2005,6,7,3,177
2005,6,7,4,121
2005,6,7,5,99
2005,6,7,6,74
2005,6,7,7,92
2005,6,7,8,148
2005,6,7,9,165
2005,6,7,10,219
2005,6,7,11,203
2005,6,7,12,271
2005,6,7,13,228
2005,6,7,14,224
2005,6,7,15,211
2005,6,7,16,219
2005,6,7,17,208
2005,6,7,18,250
2005,6,7,19,236
2005,6,7,20,303
2005,6,7,21,282
2005,6,7,22,338
2005,6,7,23,306
2005,7,1,0,393
2005,7,1,1,351
2005,7,1,2,326
2005,7,1,3,263
2005,7,1,4,219
2005,7,1,5,139
2005,7,1,6,99
2005,7,1,7,108
2005,7,1,8,160
2005,7,1,9,178
2005,7,1,10,219
2005,7,1,11,229
2005,7,1,12,306
2005,7,1,13,260
2005,7,1,14,247
2005,7,1,15,315
2005,7,1,16,275
2005,7,1,17,300
2005,7,1,18,306
2005,7,1,19,382
2005,7,1,20,348
2005,7,1,21,359
2005,7,1,22,412
2005,7,1,23,349
2005,7,2,0,345
2005,7,2,1,207
2005,7,2,2,165
2005,7,2,3,119
2005,7,2,4,95
2005,7,2,5,97
2005,7,2,6,112
2005,7,2,7,122
2005,7,2,8,152
2005,7,2,9,198
2005,7,2,10,187
2005,7,2,11,212
2005,7,2,12,251
2005,7,2,13,243
2005,7,2,14,250
2005,7,2,15,255
2005,7,2,16,232
2005,7,2,17,223
2005,7,2,18,282
2005,7,2,19,320
2005,7,2,20,309
2005,7,2,21,324
2005,7,2,22,319
2005,7,2,23,276
2005,7,3,0,339
2005,7,3,1,193
2005,7,3,2,153
2005,7,3,3,124
2005,7,3,4,84
2005,7,3,5,60
2005,7,3,6,97
2005,7,3,7,123
2005,7,3,8,162
2005,7,3,9,209
2005,7,3,10,225
2005,7,3,11,191
2005,7,3,12,282
2005,7,3,13,230
2005,7,3,14,250
2005,7,3,15,271
2005,7,3,16,231
2005,7,3,17,295
2005,7,3,18,273
2005,7,3,19,283
2005,7,3,20,280
2005,7,3,21,341
2005,7,3,22,312
2005,7,3,23,244
2005,7,4,0,315
2005,7,4,1,154
2005,7,4,2,141
2005,7,4,3,96
2005,7,4,4,72
2005,7,4,5,75
2005,7,4,6,91
2005,7,4,7,138
2005,7,4,8,162
2005,7,4,9,231
2005,7,4,10,211
2005,7,4,11,240
2005,7,4,12,313
2005,7,4,13,257
2005,7,4,14,264
2005,7,4,15,235
2005,7,4,16,240
2005,7,4,17,277
2005,7,4,18,305
2005,7,4,19,296
2005,7,4,20,347
2005,7,4,21,297
2005,7,4,22,326
2005,7,4,23,274
2005,7,5,0,323
2005,7,5,1,185
2005,7,5,2,149
2005,7,5,3,108
2005,7,5,4,80
2005,7,5,5,66
2005,7,5,6,92
2005,7,5,7,126
2005,7,5,8,151
2005,7,5,9,220
2005,7,5,10,166
2005,7,5,11,244
2005,7,5,12,313
2005,7,5,13,270
2005,7,5,14,258
2005,7,5,15,225
2005,7,5,16,256
2005,7,5,17,265
2005,7,5,18,267
2005,7,5,19,278
2005,7,5,20,325
2005,7,5,21,349
2005,7,5,22,327
2005,7,5,23,281
2005,7,6,0,455
2005,7,6,1,248
2005,7,6,2,218
2005,7,6,3,156
2005,7,6,4,104
2005,7,6,5,87
2005,7,6,6,104
2005,7,6,7,172
2005,7,6,8,244
2005,7,6,9,306
2005,7,6,10,261
2005,7,6,11,295
2005,7,6,12,422
2005,7,6,13,316
2005,7,6,14,348
2005,7,6,15,377
2005,7,6,16,320
2005,7,6,17,339
2005,7,6,18,349
2005,7,6,19,360
2005,7,6,20,413
2005,7,6,21,388
2005,7,6,22,470
2005,7,6,23,405
2005,7,7,0,458
2005,7,7,1,326
2005,7,7,2,271
2005,7,7,3,242
2005,7,7,4,182
2005,7,7,5,109
2005,7,7,6,105
2005,7,7,7,82
2005,7,7,8,153
2005,7,7,9,253
2005,7,7,10,280
2005,7,7,11,250
2005,7,7,12,368
2005,7,7,13,328
2005,7,7,14,324
2005,7,7,15,311
2005,7,7,16,279
2005,7,7,17,325
2005,7,7,18,343
2005,7,7,19,331
2005,7,7,20,349
2005,7,7,21,394
2005,7,7,22,423
2005,7,7,23,397
2005,8,1,0,340
2005,8,1,1,280
2005,8,1,2,223
2005,8,1,3,193
2005,8,1,4,151
2005,8,1,5,101
2005,8,1,6,86
2005,8,1,7,85
2005,8,1,8,95
2005,8,1,9,154
2005,8,1,10,151
2005,8,1,11,190
2005,8,1,12,279
2005,8,1,13,232
2005,8,1,14,199
2005,8,1,15,236
2005,8,1,16,230
2005,8,1,17,221
2005,8,1,18,228
2005,8,1,19,261
2005,8,1,20,278
2005,8,1,21,334
2005,8,1,22,320
2005,8,1,23,278
2005,8,2,0,486
2005,8,2,1,213
2005,8,2,2,169
2005,8,2,3,118
2005,8,2,4,110
2005,8,2,5,78
2005,8,2,6,98
2005,8,2,7,148
2005,8,2,8,208
2005,8,2,9,257
2005,8,2,10,260
2005,8,2,11,290
2005,8,2,12,422
2005,8,2,13,286
2005,8,2,14,300
2005,8,2,15,318
2005,8,2,16,329
2005,8,2,17,321
2005,8,2,18,392
2005,8,2,19,358
2005,8,2,20,418
2005,8,2,21,417
2005,8,2,22,416
2005,8,2,23,378
2005,8,3,0,400
2005,8,3,1,222
2005,8,3,2,171
2005,8,3,3,122
2005,8,3,4,88
2005,8,3,5,99
2005,8,3,6,119
2005,8,3,7,154
2005,8,3,8,197
2005,8,3,9,235
2005,8,3,10,256
2005,8,3,11,283
2005,8,3,12,370
2005,8,3,13,298
2005,8,3,14,303
2005,8,3,15,326
2005,8,3,16,291
2005,8,3,17,351
2005,8,3,18,346
2005,8,3,19,387
2005,8,3,20,404
2005,8,3,21,433
2005,8,3,22,369
2005,8,3,23,342
2005,8,4,0,382
2005,8,4,1,247
2005,8,4,2,165
2005,8,4,3,132
2005,8,4,4,96
2005,8,4,5,90
2005,8,4,6,107
2005,8,4,7,180
2005,8,4,8,209
2005,8,4,9,265
2005,8,4,10,257
2005,8,4,11,312
2005,8,4,12,400
2005,8,4,13,307
2005,8,4,14,318
2005,8,4,15,306
2005,8,4,16,297
2005,8,4,17,339
2005,8,4,18,392
2005,8,4,19,374
2005,8,4,20,410
2005,8,4,21,408
2005,8,4,22,397
2005,8,4,23,327
2005,8,5,0,317
2005,8,5,1,204
2005,8,5,2,160
2005,8,5,3,122
2005,8,5,4,87
2005,8,5,5,73
2005,8,5,6,88
2005,8,5,7,139
2005,8,5,8,187
2005,8,5,9,197
2005,8,5,10,217
2005,8,5,11,232
2005,8,5,12,323
2005,8,5,13,263
2005,8,5,14,269
2005,8,5,15,253
2005,8,5,16,222
2005,8,5,17,299
2005,8,5,18,295
2005,8,5,19,293
2005,8,5,20,347
2005,8,5,21,288
2005,8,5,22,332
2005,8,5,23,290
2005,8,6,0,288
2005,8,6,1,213
2005,8,6,2,150
2005,8,6,3,134
2005,8,6,4,90
2005,8,6,5,77
2005,8,6,6,91
2005,8,6,7,109
2005,8,6,8,173
2005,8,6,9,212
2005,8,6,10,177
2005,8,6,11,225
2005,8,6,12,291
2005,8,6,13,258
2005,8,6,14,275
2005,8,6,15,268
2005,8,6,16,261
2005,8,6,17,294
2005,8,6,18,307
2005,8,6,19,310
2005,8,6,20,313
2005,8,6,21,320
2005,8,6,22,352
2005,8,6,23,352
2005,8,7,0,342
2005,8,7,1,253
2005,8,7,2,210
2005,8,7,3,203
2005,8,7,4,126
2005,8,7,5,96
2005,8,7,6,71
2005,8,7,7,90
2005,8,7,8,123
2005,8,7,9,169
2005,8,7,10,173
2005,8,7,11,209
2005,8,7,12,239
2005,8,7,13,219
2005,8,7,14,235
2005,8,7,15,223
2005,8,7,16,257
2005,8,7,17,251
2005,8,7,18,266
2005,8,7,19,261
2005,8,7,20,262
2005,8,7,21,336
2005,8,7,22,351
2005,8,7,23,324
2005,9,1,0,326
2005,9,1,1,290
2005,9,1,2,239
2005,9,1,3,254
2005,9,1,4,154
2005,9,1,5,111
2005,9,1,6,82
2005,9,1,7,81
2005,9,1,8,96
2005,9,1,9,164
2005,9,1,10,181
2005,9,1,11,183
2005,9,1,12,220
2005,9,1,13,201
2005,9,1,14,261
2005,9,1,15,239
2005,9,1,16,214
2005,9,1,17,208
2005,9,1,18,289
2005,9,1,19,288
2005,9,1,20,298
2005,9,1,21,270
2005,9,1,22,292
2005,9,1,23,287
2005,9,2,0,272
2005,9,2,1,174
2005,9,2,2,130
2005,9,2,3,99
2005,9,2,4,74
2005,9,2,5,65
2005,9,2,6,103
2005,9,2,7,121
2005,9,2,8,195
2005,9,2,9,265
2005,9,2,10,197
2005,9,2,11,235
2005,9,2,12,273
2005,9,2,13,242
2005,9,2,14,257
2005,9,2,15,278
2005,9,2,16,266
2005,9,2,17,268
2005,9,2,18,275
2005,9,2,19,288
2005,9,2,20,285
2005,9,2,21,287
2005,9,2,22,278
2005,9,2,23,244
2005,9,3,0,273
2005,9,3,1,167
2005,9,3,2,117
2005,9,3,3,91
2005,9,3,4,62
2005,9,3,5,56
2005,9,3,6,89
2005,9,3,7,158
2005,9,3,8,223
2005,9,3,9,235
2005,9,3,10,205
2005,9,3,11,241
2005,9,3,12,299
2005,9,3,13,274
2005,9,3,14,298
2005,9,3,15,292
2005,9,3,16,266
2005,9,3,17,290
2005,9,3,18,287
2005,9,3,19,277
2005,9,3,20,308
2005,9,3,21,304
2005,9,3,22,313
2005,9,3,23,238
2005,9,4,0,245
2005,9,4,1,159
2005,9,4,2,99
2005,9,4,3,83
2005,9,4,4,61
2005,9,4,5,53
2005,9,4,6,75
2005,9,4,7,154
2005,9,4,8,235
2005,9,4,9,248
2005,9,4,10,219
2005,9,4,11,217
2005,9,4,12,316
2005,9,4,13,263
2005,9,4,14,266
2005,9,4,15,266
2005,9,4,16,240
2005,9,4,17,240
2005,9,4,18,279
2005,9,4,19,269
2005,9,4,20,303
2005,9,4,21,324
2005,9,4,22,308
2005,9,4,23,231
2005,9,5,0,415
2005,9,5,1,167
2005,9,5,2,152
2005,9,5,3,90
2005,9,5,4,76
2005,9,5,5,73
2005,9,5,6,136
2005,9,5,7,167
2005,9,5,8,290
2005,9,5,9,344
2005,9,5,10,292
2005,9,5,11,324
2005,9,5,12,398
2005,9,5,13,364
2005,9,5,14,325
2005,9,5,15,339
2005,9,5,16,333
2005,9,5,17,308
2005,9,5,18,363
2005,9,5,19,349
2005,9,5,20,364
2005,9,5,21,339
2005,9,5,22,341
2005,9,5,23,326
2005,9,6,0,342
2005,9,6,1,182
2005,9,6,2,149
2005,9,6,3,115
2005,9,6,4,113
2005,9,6,5,91
2005,9,6,6,103
2005,9,6,7,167
2005,9,6,8,232
2005,9,6,9,309
2005,9,6,10,273
2005,9,6,11,293
2005,9,6,12,360
2005,9,6,13,318
2005,9,6,14,349
2005,9,6,15,379
2005,9,6,16,315
2005,9,6,17,345
2005,9,6,18,349
2005,9,6,19,354
2005,9,6,20,396
2005,9,6,21,386
2005,9,6,22,445
2005,9,6,23,397
2005,9,7,0,389
2005,9,7,1,256
2005,9,7,2,195
2005,9,7,3,172
2005,9,7,4,131
2005,9,7,5,75
2005,9,7,6,82
2005,9,7,7,87
2005,9,7,8,119
2005,9,7,9,191
2005,9,7,10,184
2005,9,7,11,180
2005,9,7,12,259
2005,9,7,13,214
2005,9,7,14,234
2005,9,7,15,241
2005,9,7,16,240
2005,9,7,17,225
2005,9,7,18,262
2005,9,7,19,267
2005,9,7,20,295
2005,9,7,21,300
2005,9,7,22,338
2005,9,7,23,340
2005,10,1,0,386
2005,10,1,1,293
2005,10,1,2,229
2005,10,1,3,239
2005,10,1,4,164
2005,10,1,5,112
2005,10,1,6,80
2005,10,1,7,96
2005,10,1,8,131
2005,10,1,9,195
2005,10,1,10,247
2005,10,1,11,244
2005,10,1,12,293
2005,10,1,13,284
2005,10,1,14,283
2005,10,1,15,301
2005,10,1,16,257
2005,10,1,17,297
2005,10,1,18,286
2005,10,1,19,326
2005,10,1,20,328
2005,10,1,21,332
2005,10,1,22,309
2005,10,1,23,301
2005,10,2,0,328
2005,10,2,1,156
2005,10,2,2,100
2005,10,2,3,91
2005,10,2,4,74
2005,10,2,5,71
2005,10,2,6,98
2005,10,2,7,178
2005,10,2,8,261
2005,10,2,9,336
2005,10,2,10,274
2005,10,2,11,304
2005,10,2,12,378
2005,10,2,13,311
2005,10,2,14,338
2005,10,2,15,392
2005,10,2,16,335
2005,10,2,17,318
2005,10,2,18,399
2005,10,2,19,412
2005,10,2,20,421
2005,10,2,21,383
2005,10,2,22,350
2005,10,2,23,277
2005,10,3,0,267
2005,10,3,1,112
2005,10,3,2,91
2005,10,3,3,69
2005,10,3,4,53
2005,10,3,5,57
2005,10,3,6,86
2005,10,3,7,127
2005,10,3,8,219
2005,10,3,9,244
2005,10,3,10,198
2005,10,3,11,259
2005,10,3,12,324
2005,10,3,13,281
2005,10,3,14,263
2005,10,3,15,315
2005,10,3,16,260
2005,10,3,17,267
2005,10,3,18,284
2005,10,3,19,267
2005,10,3,20,312
2005,10,3,21,294
2005,10,3,22,285
2005,10,3,23,240
2005,10,4,0,261
2005,10,4,1,136
2005,10,4,2,119
2005,10,4,3,77
2005,10,4,4,62
2005,10,4,5,77
2005,10,4,6,85
2005,10,4,7,155
2005,10,4,8,216
2005,10,4,9,209
2005,10,4,10,196
2005,10,4,11,233
2005,10,4,12,318
2005,10,4,13,278
2005,10,4,14,314
2005,10,4,15,296
2005,10,4,16,242
2005,10,4,17,262
2005,10,4,18,281
2005,10,4,19,297
2005,10,4,20,281
2005,10,4,21,249
2005,10,4,22,288
2005,10,4,23,235
2005,10,5,0,295
2005,10,5,1,138
2005,10,5,2,128
2005,10,5,3,87
2005,10,5,4,58
2005,10,5,5,72
2005,10,5,6,76
2005,10,5,7,131
2005,10,5,8,221
2005,10,5,9,258
2005,10,5,10,223
2005,10,5,11,243
2005,10,5,12,285
2005,10,5,13,268
2005,10,5,14,281
2005,10,5,15,249
2005,10,5,16,234
2005,10,5,17,270
2005,10,5,18,266
2005,10,5,19,280
2005,10,5,20,329
2005,10,5,21,295
2005,10,5,22,296
2005,10,5,23,223
2005,10,6,0,265
2005,10,6,1,131
2005,10,6,2,131
2005,10,6,3,61
2005,10,6,4,58
2005,10,6,5,60
2005,10,6,6,55
2005,10,6,7,142
2005,10,6,8,229
2005,10,6,9,246
2005,10,6,10,238
2005,10,6,11,280
2005,10,6,12,307
2005,10,6,13,231
2005,10,6,14,305
2005,10,6,15,291
2005,10,6,16,251
2005,10,6,17,261
2005,10,6,18,265
2005,10,6,19,283
2005,10,6,20,294
2005,10,6,21,300
2005,10,6,22,322
2005,10,6,23,315
2005,10,7,0,455
2005,10,7,1,296
2005,10,7,2,235
2005,10,7,3,174
2005,10,7,4,147
2005,10,7,5,80
2005,10,7,6,82
2005,10,7,7,114
2005,10,7,8,179
2005,10,7,9,228
2005,10,7,10,251
2005,10,7,11,269
2005,10,7,12,386
2005,10,7,13,312
2005,10,7,14,322
2005,10,7,15,303
2005,10,7,16,315
2005,10,7,17,271
2005,10,7,18,314
2005,10,7,19,317
2005,10,7,20,331
2005,10,7,21,366
2005,10,7,22,392
2005,10,7,23,356
2005,11,1,0,336
2005,11,1,1,221
2005,11,1,2,188
2005,11,1,3,147
2005,11,1,4,127
2005,11,1,5,71
2005,11,1,6,72
2005,11,1,7,82
2005,11,1,8,87
2005,11,1,9,140
2005,11,1,10,153
2005,11,1,11,201
2005,11,1,12,213
2005,11,1,13,193
2005,11,1,14,205
2005,11,1,15,210
2005,11,1,16,234
2005,11,1,17,229
2005,11,1,18,225
2005,11,1,19,256
2005,11,1,20,275
2005,11,1,21,258
2005,11,1,22,232
2005,11,1,23,229
2005,11,2,0,224
2005,11,2,1,108
2005,11,2,2,94
2005,11,2,3,69
2005,11,2,4,49
2005,11,2,5,61
2005,11,2,6,88
2005,11,2,7,135
2005,11,2,8,185
2005,11,2,9,243
2005,11,2,10,212
2005,11,2,11,215
2005,11,2,12,312
2005,11,2,13,254
2005,11,2,14,237
2005,11,2,15,297
2005,11,2,16,258
2005,11,2,17,229
2005,11,2,18,277
2005,11,2,19,289
2005,11,2,20,270
2005,11,2,21,271
2005,11,2,22,259
2005,11,2,23,194
2005,11,3,0,393
2005,11,3,1,167
2005,11,3,2,111
2005,11,3,3,79
2005,11,3,4,67
2005,11,3,5,67
2005,11,3,6,113
2005,11,3,7,158
2005,11,3,8,277
2005,11,3,9,328
2005,11,3,10,285
2005,11,3,11,287
2005,11,3,12,408
2005,11,3,13,329
2005,11,3,14,339
2005,11,3,15,330
2005,11,3,16,303
2005,11,3,17,289
2005,11,3,18,364
2005,11,3,19,342
2005,11,3,20,376
2005,11,3,21,329
2005,11,3,22,350
2005,11,3,23,287
2005,11,4,0,322
2005,11,4,1,132
2005,11,4,2,116
2005,11,4,3,79
2005,11,4,4,71
2005,11,4,5,64
2005,11,4,6,92
2005,11,4,7,154
2005,11,4,8,240
2005,11,4,9,277
2005,11,4,10,270
2005,11,4,11,281
2005,11,4,12,385
2005,11,4,13,328
2005,11,4,14,314
2005,11,4,15,308
2005,11,4,16,337
2005,11,4,17,295
2005,11,4,18,366
2005,11,4,19,354
2005,11,4,20,326
2005,11,4,21,306
2005,11,4,22,283
2005,11,4,23,281
2005,11,5,0,201
2005,11,5,1,112
2005,11,5,2,95
2005,11,5,3,96
2005,11,5,4,62
2005,11,5,5,48
2005,11,5,6,82
2005,11,5,7,118
2005,11,5,8,170
2005,11,5,9,196
2005,11,5,10,189
2005,11,5,11,193
2005,11,5,12,238
2005,11,5,13,230
2005,11,5,14,240
2005,11,5,15,235
2005,11,5,16,189
2005,11,5,17,233
2005,11,5,18,231
2005,11,5,19,251
2005,11,5,20,270
2005,11,5,21,285
2005,11,5,22,228
2005,11,5,23,193
2005,11,6,0,254
2005,11,6,1,153
2005,11,6,2,115
2005,11,6,3,92
2005,11,6,4,58
2005,11,6,5,60
2005,11,6,6,71
2005,11,6,7,103
2005,11,6,8,158
2005,11,6,9,194
2005,11,6,10,182
2005,11,6,11,208
2005,11,6,12,284
2005,11,6,13,209
2005,11,6,14,239
2005,11,6,15,242
2005,11,6,16,224
2005,11,6,17,254
2005,11,6,18,302
2005,11,6,19,284
2005,11,6,20,307
2005,11,6,21,308
2005,11,6,22,311
2005,11,6,23,278
2005,11,7,0,341
2005,11,7,1,220
2005,11,7,2,177
2005,11,7,3,137
2005,11,7,4,107
2005,11,7,5,74
2005,11,7,6,56
2005,11,7,7,87
2005,11,7,8,121
2005,11,7,9,149
2005,11,7,10,174
2005,11,7,11,169
2005,11,7,12,282
2005,11,7,13,244
2005,11,7,14,218
2005,11,7,15,238
2005,11,7,16,189
2005,11,7,17,259
2005,11,7,18,247
2005,11,7,19,259
2005,11,7,20,273
2005,11,7,21,290
2005,11,7,22,313
2005,11,7,23,311
2005,12,1,0,221
2005,12,1,1,169
2005,12,1,2,169
2005,12,1,3,154
2005,12,1,4,90
2005,12,1,5,69
2005,12,1,6,44
2005,12,1,7,52
2005,12,1,8,74
2005,12,1,9,107
2005,12,1,10,128
2005,12,1,11,149
2005,12,1,12,195
2005,12,1,13,130
2005,12,1,14,147
2005,12,1,15,150
2005,12,1,16,151
2005,12,1,17,152
2005,12,1,18,171
2005,12,1,19,214
2005,12,1,20,174
2005,12,1,21,197
2005,12,1,22,194
2005,12,1,23,161
2005,12,2,0,198
2005,12,2,1,110
2005,12,2,2,81
2005,12,2,3,62
2005,12,2,4,52
2005,12,2,5,45
2005,12,2,6,57
2005,12,2,7,99
2005,12,2,8,164
2005,12,2,9,177
2005,12,2,10,179
2005,12,2,11,188
2005,12,2,12,275
2005,12,2,13,237
2005,12,2,14,217
2005,12,2,15,246
2005,12,2,16,197
2005,12,2,17,209
2005,12,2,18,202
2005,12,2,19,250
2005,12,2,20,240
2005,12,2,21,210
2005,12,2,22,188
2005,12,2,23,167
2005,12,3,0,211
2005,12,3,1,92
2005,12,3,2,68
2005,12,3,3,63
2005,12,3,4,46
2005,12,3,5,54
2005,12,3,6,54
2005,12,3,7,114
2005,12,3,8,177
2005,12,3,9,176
2005,12,3,10,169
2005,12,3,11,184
2005,12,3,12,288
2005,12,3,13,224
2005,12,3,14,230
2005,12,3,15,229
2005,12,3,16,230
2005,12,3,17,211
2005,12,3,18,212
2005,12,3,19,241
2005,12,3,20,271
2005,12,3,21,228
2005,12,3,22,254
2005,12,3,23,153
2005,12,4,0,200
2005,12,4,1,111
2005,12,4,2,78
2005,12,4,3,69
2005,12,4,4,55
2005,12,4,5,44
2005,12,4,6,69
2005,12,4,7,114
2005,12,4,8,151
2005,12,4,9,214
2005,12,4,10,199
2005,12,4,11,209
2005,12,4,12,275
2005,12,4,13,234
2005,12,4,14,222
2005,12,4,15,263
2005,12,4,16,216
2005,12,4,17,232
2005,12,4,18,236
2005,12,4,19,249
2005,12,4,20,234
2005,12,4,21,252
2005,12,4,22,240
2005,12,4,23,207
2005,12,5,0,322
2005,12,5,1,136
2005,12,5,2,131
2005,12,5,3,84
2005,12,5,4,67
2005,12,5,5,48
2005,12,5,6,73
2005,12,5,7,139
2005,12,5,8,215
2005,12,5,9,277
2005,12,5,10,242
2005,12,5,11,346
2005,12,5,12,434
2005,12,5,13,336
2005,12,5,14,330
2005,12,5,15,333
2005,12,5,16,282
2005,12,5,17,278
2005,12,5,18,319
2005,12,5,19,290
2005,12,5,20,304
2005,12,5,21,296
2005,12,5,22,295
2005,12,5,23,220
2005,12,6,0,279
2005,12,6,1,169
2005,12,6,2,131
2005,12,6,3,97
2005,12,6,4,60
2005,12,6,5,61
2005,12,6,6,66
2005,12,6,7,106
2005,12,6,8,202
2005,12,6,9,230
2005,12,6,10,214
2005,12,6,11,286
2005,12,6,12,362
2005,12,6,13,314
2005,12,6,14,343
2005,12,6,15,359
2005,12,6,16,271
2005,12,6,17,287
2005,12,6,18,295
2005,12,6,19,312
2005,12,6,20,318
2005,12,6,21,352
2005,12,6,22,352
2005,12,6,23,290
2005,12,7,0,334
2005,12,7,1,210
2005,12,7,2,198
2005,12,7,3,163
2005,12,7,4,123
2005,12,7,5,88
2005,12,7,6,65
2005,12,7,7,86
2005,12,7,8,119
2005,12,7,9,197
2005,12,7,10,212
2005,12,7,11,225
2005,12,7,12,276
2005,12,7,13,230
2005,12,7,14,242
2005,12,7,15,240
2005,12,7,16,259
2005,12,7,17,209
2005,12,7,18,226
2005,12,7,19,253
2005,12,7,20,247
2005,12,7,21,276
2005,12,7,22,307
2005,12,7,23,269
2006,1,1,0,848
2006,1,1,1,265
2006,1,1,2,293
2006,1,1,3,223
2006,1,1,4,187
2006,1,1,5,108
2006,1,1,6,88
2006,1,1,7,91
2006,1,1,8,191
2006,1,1,9,263
2006,1,1,10,210
2006,1,1,11,198
2006,1,1,12,317
2006,1,1,13,226
2006,1,1,14,232
2006,1,1,15,255
2006,1,1,16,295
2006,1,1,17,252
2006,1,1,18,272
2006,1,1,19,321
2006,1,1,20,347
2006,1,1,21,308
2006,1,1,22,293
2006,1,1,23,240
2006,1,2,0,276
2006,1,2,1,158
2006,1,2,2,135
2006,1,2,3,101
2006,1,2,4,51
2006,1,2,5,68
2006,1,2,6,79
2006,1,2,7,136
2006,1,2,8,203
2006,1,2,9,224
2006,1,2,10,232
2006,1,2,11,203
2006,1,2,12,342
2006,1,2,13,280
2006,1,2,14,281
2006,1,2,15,332
2006,1,2,16,278
2006,1,2,17,283
2006,1,2,18,302
2006,1,2,19,359
2006,1,2,20,322
2006,1,2,21,326
2006,1,2,22,290
2006,1,2,23,231
2006,1,3,0,275
2006,1,3,1,152
2006,1,3,2,115
2006,1,3,3,85
2006,1,3,4,72
2006,1,3,5,61
2006,1,3,6,106
2006,1,3,7,168
2006,1,3,8,206
2006,1,3,9,251
2006,1,3,10,229
2006,1,3,11,245
2006,1,3,12,333
2006,1,3,13,309
2006,1,3,14,350
2006,1,3,15,358
2006,1,3,16,292
2006,1,3,17,312
2006,1,3,18,351
2006,1,3,19,330
2006,1,3,20,345
2006,1,3,21,335
2006,1,3,22,327
2006,1,3,23,232
2006,1,4,0,213
2006,1,4,1,115
2006,1,4,2,77
2006,1,4,3,56
2006,1,4,4,52
2006,1,4,5,60
2006,1,4,6,82
2006,1,4,7,119
2006,1,4,8,206
2006,1,4,9,212
2006,1,4,10,184
2006,1,4,11,236
2006,1,4,12,279
2006,1,4,13,254
2006,1,4,14,275
2006,1,4,15,279
2006,1,4,16,239
2006,1,4,17,268
2006,1,4,18,248
2006,1,4,19,283
2006,1,4,20,278
2006,1,4,21,272
2006,1,4,22,264
2006,1,4,23,206
2006,1,5,0,214
2006,1,5,1,135
2006,1,5,2,92
2006,1,5,3,69
2006,1,5,4,46
2006,1,5,5,46
2006,1,5,6,74
2006,1,5,7,125
2006,1,5,8,204
2006,1,5,9,233
2006,1,5,10,191
2006,1,5,11,234
2006,1,5,12,296
2006,1,5,13,219
2006,1,5,14,283
2006,1,5,15,287
2006,1,5,16,240
2006,1,5,17,267
2006,1,5,18,296
2006,1,5,19,301
2006,1,5,20,283
2006,1,5,21,268
2006,1,5,22,266
2006,1,5,23,258
2006,1,6,0,238
2006,1,6,1,119
2006,1,6,2,104
2006,1,6,3,93
2006,1,6,4,71
2006,1,6,5,78
2006,1,6,6,98
2006,1,6,7,123
2006,1,6,8,178
2006,1,6,9,214
2006,1,6,10,186
2006,1,6,11,189
2006,1,6,12,308
2006,1,6,13,224
2006,1,6,14,239
2006,1,6,15,265
2006,1,6,16,228
2006,1,6,17,236
2006,1,6,18,256
2006,1,6,19,285
2006,1,6,20,279
2006,1,6,21,303
2006,1,6,22,288
2006,1,6,23,254
2006,1,7,0,277
2006,1,7,1,184
2006,1,7,2,180
2006,1,7,3,135
2006,1,7,4,83
2006,1,7,5,62
2006,1,7,6,58
2006,1,7,7,75
2006,1,7,8,98
2006,1,7,9,128
2006,1,7,10,179
2006,1,7,11,184
2006,1,7,12,243
2006,1,7,13,217
2006,1,7,14,201
2006,1,7,15,208
2006,1,7,16,238
2006,1,7,17,220
2006,1,7,18,263
2006,1,7,19,240
2006,1,7,20,281
2006,1,7,21,293
2006,1,7,22,277
2006,1,7,23,249
2006,2,1,0,249
2006,2,1,1,194
2006,2,1,2,173
2006,2,1,3,130
2006,2,1,4,119
2006,2,1,5,69
2006,2,1,6,58
2006,2,1,7,80
2006,2,1,8,76
2006,2,1,9,127
2006,2,1,10,136
2006,2,1,11,158
2006,2,1,12,173
2006,2,1,13,207
2006,2,1,14,172
2006,2,1,15,153
2006,2,1,16,192
2006,2,1,17,200
2006,2,1,18,208
2006,2,1,19,173
2006,2,1,20,195
2006,2,1,21,201
2006,2,1,22,226
2006,2,1,23,166
2006,2,2,0,207
2006,2,2,1,87
2006,2,2,2,83
2006,2,2,3,67
2006,2,2,4,48
2006,2,2,5,44
2006,2,2,6,86
2006,2,2,7,97
2006,2,2,8,176
2006,2,2,9,180
2006,2,2,10,177
2006,2,2,11,204
2006,2,2,12,263
2006,2,2,13,254
2006,2,2,14,177
2006,2,2,15,235
2006,2,2,16,224
2006,2,2,17,186
2006,2,2,18,243
2006,2,2,19,264
2006,2,2,20,241
2006,2,2,21,256
2006,2,2,22,227
2006,2,2,23,188
2006,2,3,0,202
2006,2,3,1,126
2006,2,3,2,87
2006,2,3,3,57
2006,2,3,4,52
2006,2,3,5,45
2006,2,3,6,73
2006,2,3,7,114
2006,2,3,8,208
2006,2,3,9,209
2006,2,3,10,195
2006,2,3,11,170
2006,2,3,12,300
2006,2,3,13,223
2006,2,3,14,272
2006,2,3,15,293
2006,2,3,16,219
2006,2,3,17,271
2006,2,3,18,249
2006,2,3,19,259
2006,2,3,20,277
2006,2,3,21,256
2006,2,3,22,242
2006,2,3,23,187
2006,2,4,0,288
2006,2,4,1,139
2006,2,4,2,90
2006,2,4,3,70
2006,2,4,4,60
2006,2,4,5,55
2006,2,4,6,76
2006,2,4,7,144
2006,2,4,8,219
2006,2,4,9,273
2006,2,4,10,194
2006,2,4,11,228
2006,2,4,12,318
2006,2,4,13,253
2006,2,4,14,245
2006,2,4,15,270
2006,2,4,16,225
2006,2,4,17,227
2006,2,4,18,268
2006,2,4,19,244
2006,2,4,20,285
2006,2,4,21,269
2006,2,4,22,241
2006,2,4,23,206
2006,2,5,0,233
2006,2,5,1,128
2006,2,5,2,105
2006,2,5,3,70
2006,2,5,4,33
2006,2,5,5,47
2006,2,5,6,62
2006,2,5,7,108
2006,2,5,8,202
2006,2,5,9,219
2006,2,5,10,215
2006,2,5,11,206
2006,2,5,12,262
2006,2,5,13,203
2006,2,5,14,291
2006,2,5,15,269
2006,2,5,16,225
2006,2,5,17,201
2006,2,5,18,244
2006,2,5,19,280
2006,2,5,20,266
2006,2,5,21,248
2006,2,5,22,227
2006,2,5,23,210
2006,2,6,0,212
2006,2,6,1,121
2006,2,6,2,105
2006,2,6,3,91
2006,2,6,4,57
2006,2,6,5,45
2006,2,6,6,67
2006,2,6,7,103
2006,2,6,8,174
2006,2,6,9,200
2006,2,6,10,202
2006,2,6,11,200
2006,2,6,12,318
2006,2,6,13,236
2006,2,6,14,263
2006,2,6,15,271
2006,2,6,16,242
2006,2,6,17,240
2006,2,6,18,281
2006,2,6,19,270
2006,2,6,20,293
2006,2,6,21,258
2006,2,6,22,301
2006,2,6,23,241
2006,2,7,0,268
2006,2,7,1,209
2006,2,7,2,171
2006,2,7,3,135
2006,2,7,4,104
2006,2,7,5,71
2006,2,7,6,77
2006,2,7,7,72
2006,2,7,8,117
2006,2,7,9,152
2006,2,7,10,161
2006,2,7,11,181
2006,2,7,12,234
2006,2,7,13,213
2006,2,7,14,208
2006,2,7,15,238
2006,2,7,16,199
2006,2,7,17,225
2006,2,7,18,203
2006,2,7,19,223
2006,2,7,20,237
2006,2,7,21,240
2006,2,7,22,253
2006,2,7,23,243
2006,3,1,0,258
2006,3,1,1,202
2006,3,1,2,189
2006,3,1,3,166
2006,3,1,4,127
2006,3,1,5,87
2006,3,1,6,59
2006,3,1,7,69
2006,3,1,8,99
2006,3,1,9,138
2006,3,1,10,139
2006,3,1,11,157
2006,3,1,12,232
2006,3,1,13,232
2006,3,1,14,195
2006,3,1,15,209
2006,3,1,16,191
2006,3,1,17,204
2006,3,1,18,225
2006,3,1,19,218
2006,3,1,20,232
2006,3,1,21,242
2006,3,1,22,240
2006,3,1,23,180
2006,3,2,0,233
2006,3,2,1,92
2006,3,2,2,93
2006,3,2,3,68
2006,3,2,4,47
2006,3,2,5,50
2006,3,2,6,71
2006,3,2,7,116
2006,3,2,8,181
2006,3,2,9,208
2006,3,2,10,190
2006,3,2,11,201
2006,3,2,12,272
2006,3,2,13,199
2006,3,2,14,234
2006,3,2,15,247
2006,3,2,16,209
2006,3,2,17,234
2006,3,2,18,249
2006,3,2,19,259
2006,3,2,20,246
2006,3,2,21,241
2006,3,2,22,220
2006,3,2,23,175
2006,3,3,0,187
2006,3,3,1,109
2006,3,3,2,70
2006,3,3,3,60
2006,3,3,4,41
2006,3,3,5,48
2006,3,3,6,80
2006,3,3,7,133
2006,3,3,8,199
2006,3,3,9,237
2006,3,3,10,203
2006,3,3,11,208
2006,3,3,12,275
2006,3,3,13,228
2006,3,3,14,249
2006,3,3,15,263
2006,3,3,16,232
2006,3,3,17,232
2006,3,3,18,254
2006,3,3,19,265
2006,3,3,20,290
2006,3,3,21,288
2006,3,3,22,265
2006,3,3,23,210
2006,3,4,0,345
2006,3,4,1,148
2006,3,4,2,132
2006,3,4,3,92
2006,3,4,4,68
2006,3,4,5,68
2006,3,4,6,107
2006,3,4,7,173
2006,3,4,8,305
2006,3,4,9,299
2006,3,4,10,276
2006,3,4,11,254
2006,3,4,12,403
2006,3,4,13,330
2006,3,4,14,345
2006,3,4,15,407
2006,3,4,16,342
2006,3,4,17,357
2006,3,4,18,316
2006,3,4,19,377
2006,3,4,20,331
2006,3,4,21,368
2006,3,4,22,321
2006,3,4,23,255
2006,3,5,0,277
2006,3,5,1,148
2006,3,5,2,124
2006,3,5,3,92
2006,3,5,4,79
2006,3,5,5,87
2006,3,5,6,126
2006,3,5,7,174
2006,3,5,8,227
2006,3,5,9,308
2006,3,5,10,270
2006,3,5,11,305
2006,3,5,12,398
2006,3,5,13,311
2006,3,5,14,367
2006,3,5,15,355
2006,3,5,16,312
2006,3,5,17,314
2006,3,5,18,311
2006,3,5,19,332
2006,3,5,20,326
2006,3,5,21,324
2006,3,5,22,341
2006,3,5,23,261
2006,3,6,0,291
2006,3,6,1,174
2006,3,6,2,135
2006,3,6,3,118
2006,3,6,4,81
2006,3,6,5,74
2006,3,6,6,109
2006,3,6,7,166
2006,3,6,8,266
2006,3,6,9,310
2006,3,6,10,282
2006,3,6,11,303
2006,3,6,12,401
2006,3,6,13,309
2006,3,6,14,335
2006,3,6,15,383
2006,3,6,16,322
2006,3,6,17,306
2006,3,6,18,333
2006,3,6,19,373
2006,3,6,20,394
2006,3,6,21,366
2006,3,6,22,375
2006,3,6,23,330
2006,3,7,0,284
2006,3,7,1,217
2006,3,7,2,175
2006,3,7,3,134
2006,3,7,4,135
2006,3,7,5,87
2006,3,7,6,71
2006,3,7,7,70
2006,3,7,8,122
2006,3,7,9,161
2006,3,7,10,192
2006,3,7,11,170
2006,3,7,12,201
2006,3,7,13,184
2006,3,7,14,212
2006,3,7,15,206
2006,3,7,16,222
2006,3,7,17,226
2006,3,7,18,249
2006,3,7,19,245
2006,3,7,20,265
2006,3,7,21,302
2006,3,7,22,249
2006,3,7,23,229
2006,4,1,0,385
2006,4,1,1,268
2006,4,1,2,172
2006,4,1,3,218
2006,4,1,4,129
2006,4,1,5,120
2006,4,1,6,79
2006,4,1,7,92
2006,4,1,8,121
2006,4,1,9,169
2006,4,1,10,186
2006,4,1,11,172
2006,4,1,12,253
2006,4,1,13,201
2006,4,1,14,237
2006,4,1,15,241
2006,4,1,16,258
2006,4,1,17,228
2006,4,1,18,290
2006,4,1,19,307
2006,4,1,20,289
2006,4,1,21,291
2006,4,1,22,301
2006,4,1,23,257
2006,4,2,0,244
2006,4,2,1,100
2006,4,2,2,83
2006,4,2,3,78
2006,4,2,4,57
2006,4,2,5,48
2006,4,2,6,80
2006,4,2,7,97
2006,4,2,8,172
2006,4,2,9,219
2006,4,2,10,195
2006,4,2,11,245
2006,4,2,12,287
2006,4,2,13,233
2006,4,2,14,236
2006,4,2,15,234
2006,4,2,16,225
2006,4,2,17,249
2006,4,2,18,282
2006,4,2,19,262
2006,4,2,20,284
2006,4,2,21,294
2006,4,2,22,282
2006,4,2,23,221
2006,4,3,0,273
2006,4,3,1,152
2006,4,3,2,112
2006,4,3,3,80
2006,4,3,4,64
2006,4,3,5,69
2006,4,3,6,81
2006,4,3,7,114
2006,4,3,8,197
2006,4,3,9,212
2006,4,3,10,199
2006,4,3,11,220
2006,4,3,12,275
2006,4,3,13,279
2006,4,3,14,283
2006,4,3,15,251
2006,4,3,16,245
2006,4,3,17,219
2006,4,3,18,280
2006,4,3,19,314
2006,4,3,20,306
2006,4,3,21,318
2006,4,3,22,298
2006,4,3,23,249
2006,4,4,0,269
2006,4,4,1,155
2006,4,4,2,91
2006,4,4,3,66
2006,4,4,4,71
2006,4,4,5,63
2006,4,4,6,63
2006,4,4,7,91
2006,4,4,8,172
2006,4,4,9,178
2006,4,4,10,183
2006,4,4,11,229
2006,4,4,12,262
2006,4,4,13,232
2006,4,4,14,259
2006,4,4,15,247
2006,4,4,16,244
2006,4,4,17,273
2006,4,4,18,294
2006,4,4,19,288
2006,4,4,20,318
2006,4,4,21,325
2006,4,4,22,313
2006,4,4,23,223
2006,4,5,0,284
2006,4,5,1,142
2006,4,5,2,114
2006,4,5,3,94
2006,4,5,4,67
2006,4,5,5,65
2006,4,5,6,88
2006,4,5,7,121
2006,4,5,8,180
2006,4,5,9,204
2006,4,5,10,234
2006,4,5,11,223
2006,4,5,12,300
2006,4,5,13,238
2006,4,5,14,270
2006,4,5,15,270
2006,4,5,16,239
2006,4,5,17,236
2006,4,5,18,286
2006,4,5,19,311
2006,4,5,20,302
2006,4,5,21,282
2006,4,5,22,261
2006,4,5,23,255
2006,4,6,0,305
2006,4,6,1,144
2006,4,6,2,113
2006,4,6,3,109
2006,4,6,4,69
2006,4,6,5,64
2006,4,6,6,81
2006,4,6,7,130
2006,4,6,8,171
2006,4,6,9,203
2006,4,6,10,218
2006,4,6,11,204
2006,4,6,12,312
2006,4,6,13,264
2006,4,6,14,232
2006,4,6,15,294
2006,4,6,16,266
2006,4,6,17,259
2006,4,6,18,262
2006,4,6,19,288
2006,4,6,20,276
2006,4,6,21,303
2006,4,6,22,334
2006,4,6,23,264
2006,4,7,0,467
2006,4,7,1,277
2006,4,7,2,232
2006,4,7,3,215
2006,4,7,4,161
2006,4,7,5,99
2006,4,7,6,94
2006,4,7,7,97
2006,4,7,8,153
2006,4,7,9,227
2006,4,7,10,240
2006,4,7,11,245
2006,4,7,12,355
2006,4,7,13,273
2006,4,7,14,273
2006,4,7,15,293
2006,4,7,16,307
2006,4,7,17,288
2006,4,7,18,296
2006,4,7,19,305
2006,4,7,20,342
2006,4,7,21,353
2006,4,7,22,341
2006,4,7,23,344
2006,5,1,0,271
2006,5,1,1,237
2006,5,1,2,237
2006,5,1,3,185
2006,5,1,4,133
2006,5,1,5,101
2006,5,1,6,68
2006,5,1,7,84
2006,5,1,8,125
2006,5,1,9,163
2006,5,1,10,139
2006,5,1,11,170
2006,5,1,12,218
2006,5,1,13,181
2006,5,1,14,190
2006,5,1,15,168
2006,5,1,16,201
2006,5,1,17,221
2006,5,1,18,216
2006,5,1,19,271
2006,5,1,20,268
2006,5,1,21,268
2006,5,1,22,292
2006,5,1,23,223
2006,5,2,0,391
2006,5,2,1,204
2006,5,2,2,154
2006,5,2,3,111
2006,5,2,4,79
2006,5,2,5,90
2006,5,2,6,92
2006,5,2,7,153
2006,5,2,8,227
2006,5,2,9,273
2006,5,2,10,278
2006,5,2,11,268
2006,5,2,12,366
2006,5,2,13,330
2006,5,2,14,327
2006,5,2,15,344
2006,5,2,16,340
2006,5,2,17,321
2006,5,2,18,346
2006,5,2,19,351
2006,5,2,20,360
2006,5,2,21,389
2006,5,2,22,346
2006,5,2,23,299
2006,5,3,0,340
2006,5,3,1,179
2006,5,3,2,156
2006,5,3,3,110
2006,5,3,4,74
2006,5,3,5,67
2006,5,3,6,106
2006,5,3,7,178
2006,5,3,8,247
2006,5,3,9,286
2006,5,3,10,267
2006,5,3,11,305
2006,5,3,12,396
2006,5,3,13,339
2006,5,3,14,330
2006,5,3,15,377
2006,5,3,16,333
2006,5,3,17,328
2006,5,3,18,355
2006,5,3,19,365
2006,5,3,20,361
2006,5,3,21,401
2006,5,3,22,350
2006,5,3,23,295
2006,5,4,0,316
2006,5,4,1,179
2006,5,4,2,160
2006,5,4,3,98
2006,5,4,4,66
2006,5,4,5,73
2006,5,4,6,114
2006,5,4,7,178
2006,5,4,8,269
2006,5,4,9,304
2006,5,4,10,293
2006,5,4,11,321
2006,5,4,12,400
2006,5,4,13,339
2006,5,4,14,368
2006,5,4,15,322
2006,5,4,16,264
2006,5,4,17,323
2006,5,4,18,365
2006,5,4,19,370
2006,5,4,20,398
2006,5,4,21,406
2006,5,4,22,373
2006,5,4,23,292
2006,5,5,0,238
2006,5,5,1,149
2006,5,5,2,106
2006,5,5,3,75
2006,5,5,4,73
2006,5,5,5,59
2006,5,5,6,86
2006,5,5,7,135
2006,5,5,8,182
2006,5,5,9,247
2006,5,5,10,203
2006,5,5,11,242
2006,5,5,12,303
2006,5,5,13,267
2006,5,5,14,259
2006,5,5,15,270
2006,5,5,16,228
2006,5,5,17,243
2006,5,5,18,250
2006,5,5,19,261
2006,5,5,20,300
2006,5,5,21,280
2006,5,5,22,278
2006,5,5,23,253
2006,5,6,0,235
2006,5,6,1,147
2006,5,6,2,136
2006,5,6,3,78
2006,5,6,4,66
2006,5,6,5,61
2006,5,6,6,92
2006,5,6,7,143
2006,5,6,8,196
2006,5,6,9,247
2006,5,6,10,243
2006,5,6,11,235
2006,5,6,12,320
2006,5,6,13,275
2006,5,6,14,291
2006,5,6,15,303
2006,5,6,16,291
2006,5,6,17,276
2006,5,6,18,272
2006,5,6,19,268
2006,5,6,20,295
2006,5,6,21,312
2006,5,6,22,341
2006,5,6,23,313
2006,5,7,0,306
2006,5,7,1,220
2006,5,7,2,208
2006,5,7,3,186
2006,5,7,4,101
2006,5,7,5,74
2006,5,7,6,71
2006,5,7,7,74
2006,5,7,8,144
2006,5,7,9,161
2006,5,7,10,210
2006,5,7,11,216
2006,5,7,12,263
2006,5,7,13,223
2006,5,7,14,211
2006,5,7,15,189
2006,5,7,16,231
2006,5,7,17,275
2006,5,7,18,244
2006,5,7,19,254
2006,5,7,20,284
2006,5,7,21,270
2006,5,7,22,300
2006,5,7,23,274
2006,6,1,0,346
2006,6,1,1,249
2006,6,1,2,243
2006,6,1,3,209
2006,6,1,4,161
2006,6,1,5,88
2006,6,1,6,84
2006,6,1,7,89
2006,6,1,8,88
2006,6,1,9,154
2006,6,1,10,135
2006,6,1,11,179
2006,6,1,12,231
2006,6,1,13,212
2006,6,1,14,186
2006,6,1,15,226
2006,6,1,16,215
2006,6,1,17,221
2006,6,1,18,269
2006,6,1,19,261
2006,6,1,20,300
2006,6,1,21,261
2006,6,1,22,273
2006,6,1,23,243
2006,6,2,0,279
2006,6,2,1,149
2006,6,2,2,118
2006,6,2,3,84
2006,6,2,4,73
2006,6,2,5,67
2006,6,2,6,73
2006,6,2,7,124
2006,6,2,8,179
2006,6,2,9,207
2006,6,2,10,205
2006,6,2,11,181
2006,6,2,12,299
2006,6,2,13,240
2006,6,2,14,252
2006,6,2,15,242
2006,6,2,16,268
2006,6,2,17,300
2006,6,2,18,281
2006,6,2,19,292
2006,6,2,20,304
2006,6,2,21,265
2006,6,2,22,350
2006,6,2,23,225
2006,6,3,0,278
2006,6,3,1,161
2006,6,3,2,105
2006,6,3,3,101
2006,6,3,4,56
2006,6,3,5,64
2006,6,3,6,87
2006,6,3,7,108
2006,6,3,8,163
2006,6,3,9,201
2006,6,3,10,189
2006,6,3,11,183
2006,6,3,12,283
2006,6,3,13,268
2006,6,3,14,274
2006,6,3,15,244
2006,6,3,16,219
2006,6,3,17,281
2006,6,3,18,280
2006,6,3,19,296
2006,6,3,20,320
2006,6,3,21,332
2006,6,3,22,301
2006,6,3,23,280
2006,6,4,0,308
2006,6,4,1,182
2006,6,4,2,119
2006,6,4,3,84
2006,6,4,4,53
2006,6,4,5,81
2006,6,4,6,79
2006,6,4,7,150
2006,6,4,8,169
2006,6,4,9,195
2006,6,4,10,198
2006,6,4,11,250
2006,6,4,12,319
2006,6,4,13,256
2006,6,4,14,272
2006,6,4,15,271
2006,6,4,16,268
2006,6,4,17,274
2006,6,4,18,317
2006,6,4,19,316
2006,6,4,20,302
2006,6,4,21,325
2006,6,4,22,328
2006,6,4,23,232
2006,6,5,0,422
2006,6,5,1,194
2006,6,5,2,150
2006,6,5,3,113
2006,6,5,4,94
2006,6,5,5,69
2006,6,5,6,120
2006,6,5,7,164
2006,6,5,8,221
2006,6,5,9,297
2006,6,5,10,292
2006,6,5,11,251
2006,6,5,12,384
2006,6,5,13,281
2006,6,5,14,368
2006,6,5,15,359
2006,6,5,16,304
2006,6,5,17,329
2006,6,5,18,342
2006,6,5,19,386
2006,6,5,20,363
2006,6,5,21,422
2006,6,5,22,398
2006,6,5,23,312
2006,6,6,0,406
2006,6,6,1,219
2006,6,6,2,188
2006,6,6,3,148
2006,6,6,4,86
2006,6,6,5,90
2006,6,6,6,97
2006,6,6,7,143
2006,6,6,8,236
2006,6,6,9,274
2006,6,6,10,291
2006,6,6,11,307
2006,6,6,12,410
2006,6,6,13,326
2006,6,6,14,325
2006,6,6,15,346
2006,6,6,16,317
2006,6,6,17,279
2006,6,6,18,308
2006,6,6,19,344
2006,6,6,20,348
2006,6,6,21,372
2006,6,6,22,446
2001,1,1,0,253
2001,1,1,1,202
2001,1,1,2,154
2001,1,1,3,144
2001,1,1,4,150
2001,1,1,5,85
2001,1,1,6,61
2001,1,1,7,62
2001,1,1,8,84
2001,1,1,9,131
2001,1,1,10,169
2001,1,1,11,171
2001,1,1,12,240
2001,1,1,13,188
2001,1,1,14,216
2001,1,1,15,195
2001,1,1,16,199
2001,1,1,17,218
2001,1,1,18,247
2001,1,1,19,226
2001,1,1,20,255
2001,1,1,21,270
2001,1,1,22,264
2001,1,1,23,221
2001,1,2,0,606
2001,1,2,1,215
2001,1,2,2,162
2001,1,2,3,150
2001,1,2,4,108
2001,1,2,5,89
2001,1,2,6,83
2001,1,2,7,136
2001,1,2,8,252
2001,1,2,9,279
2001,1,2,10,282
2001,1,2,11,274
2001,1,2,12,379
2001,1,2,13,333
2001,1,2,14,358
2001,1,2,15,361
2001,1,2,16,296
2001,1,2,17,328
2001,1,2,18,359
2001,1,2,19,343
2001,1,2,20,368
2001,1,2,21,327
2001,1,2,22,306
2001,1,2,23,255
2001,1,3,0,265
2001,1,3,1,157
2001,1,3,2,109
2001,1,3,3,86
2001,1,3,4,81
2001,1,3,5,64
2001,1,3,6,68
2001,1,3,7,143
2001,1,3,8,215
2001,1,3,9,287
2001,1,3,10,236
2001,1,3,11,285
2001,1,3,12,385
2001,1,3,13,338
2001,1,3,14,301
2001,1,3,15,355
2001,1,3,16,348
2001,1,3,17,322
2001,1,3,18,362
2001,1,3,19,375
2001,1,3,20,353
2001,1,3,21,348
2001,1,3,22,304
2001,1,3,23,252
2001,1,4,0,237
2001,1,4,1,125
2001,1,4,2,94
2001,1,4,3,78
2001,1,4,4,52
2001,1,4,5,48
2001,1,4,6,80
2001,1,4,7,134
2001,1,4,8,225
2001,1,4,9,291
2001,1,4,10,258
2001,1,4,11,267
2001,1,4,12,347
2001,1,4,13,318
2001,1,4,14,362
2001,1,4,15,410
2001,1,4,16,322
2001,1,4,17,316
2001,1,4,18,352
2001,1,4,19,373
2001,1,4,20,375
2001,1,4,21,344
2001,1,4,22,305
2001,1,4,23,254
2001,1,5,0,189
2001,1,5,1,141
2001,1,5,2,102
2001,1,5,3,72
2001,1,5,4,59
2001,1,5,5,51
2001,1,5,6,72
2001,1,5,7,129
2001,1,5,8,183
2001,1,5,9,227
2001,1,5,10,208
2001,1,5,11,209
2001,1,5,12,261
2001,1,5,13,233
2001,1,5,14,279
2001,1,5,15,275
2001,1,5,16,254
2001,1,5,17,274
2001,1,5,18,294
2001,1,5,19,298
2001,1,5,20,275
2001,1,5,21,286
2001,1,5,22,274
2001,1,5,23,210
2001,1,6,0,208
2001,1,6,1,137
2001,1,6,2,115
2001,1,6,3,89
2001,1,6,4,67
2001,1,6,5,58
2001,1,6,6,65
2001,1,6,7,121
2001,1,6,8,147
2001,1,6,9,187
2001,1,6,10,211
2001,1,6,11,237
2001,1,6,12,275
2001,1,6,13,255
2001,1,6,14,274
2001,1,6,15,303
2001,1,6,16,268
2001,1,6,17,279
2001,1,6,18,334
2001,1,6,19,314
2001,1,6,20,309
2001,1,6,21,305
2001,1,6,22,309
2001,1,6,23,263
2001,1,7,0,266
2001,1,7,1,197
2001,1,7,2,175
2001,1,7,3,157
2001,1,7,4,94
2001,1,7,5,69
2001,1,7,6,69
2001,1,7,7,67
2001,1,7,8,124
2001,1,7,9,146
2001,1,7,10,195
2001,1,7,11,213
2001,1,7,12,268
2001,1,7,13,223
2001,1,7,14,254
2001,1,7,15,255
2001,1,7,16,256
2001,1,7,17,246
2001,1,7,18,290
2001,1,7,19,286
2001,1,7,20,326
2001,1,7,21,333
2001,1,7,22,288
2001,1,7,23,278
2001,2,1,0,227
2001,2,1,1,224
2001,2,1,2,178
2001,2,1,3,187
2001,2,1,4,123
2001,2,1,5,89
2001,2,1,6,71
2001,2,1,7,70
2001,2,1,8,82
2001,2,1,9,107
2001,2,1,10,165
2001,2,1,11,194
2001,2,1,12,224
2001,2,1,13,193
2001,2,1,14,207
2001,2,1,15,209
2001,2,1,16,219
2001,2,1,17,206
2001,2,1,18,244
2001,2,1,19,233
2001,2,1,20,274
2001,2,1,21,266
2001,2,1,22,270
2001,2,1,23,178
2001,2,2,0,192
2001,2,2,1,119
2001,2,2,2,111
2001,2,2,3,67
2001,2,2,4,57
2001,2,2,5,59
2001,2,2,6,62
2001,2,2,7,124
2001,2,2,8,186
2001,2,2,9,209
2001,2,2,10,247
2001,2,2,11,225
2001,2,2,12,315
2001,2,2,13,235
2001,2,2,14,271
2001,2,2,15,239
2001,2,2,16,277
2001,2,2,17,260
2001,2,2,18,325
2001,2,2,19,327
2001,2,2,20,294
2001,2,2,21,273
2001,2,2,22,282
2001,2,2,23,207
2001,2,3,0,181
2001,2,3,1,128
2001,2,3,2,104
2001,2,3,3,69
2001,2,3,4,49
2001,2,3,5,50
2001,2,3,6,70
2001,2,3,7,143
2001,2,3,8,177
2001,2,3,9,206
2001,2,3,10,216
2001,2,3,11,248
2001,2,3,12,303
2001,2,3,13,282
2001,2,3,14,299
2001,2,3,15,294
2001,2,3,16,276
2001,2,3,17,266
2001,2,3,18,291
2001,2,3,19,280
2001,2,3,20,289
2001,2,3,21,297
2001,2,3,22,247
2001,2,3,23,176
2001,2,4,0,192
2001,2,4,1,114
2001,2,4,2,109
2001,2,4,3,82
2001,2,4,4,36
2001,2,4,5,45
2001,2,4,6,77
2001,2,4,7,89
2001,2,4,8,171
2001,2,4,9,231
2001,2,4,10,217
2001,2,4,11,229
2001,2,4,12,300
2001,2,4,13,261
2001,2,4,14,288
2001,2,4,15,317
2001,2,4,16,277
2001,2,4,17,293
2001,2,4,18,282
2001,2,4,19,321
2001,2,4,20,287
2001,2,4,21,264
2001,2,4,22,254
2001,2,4,23,186
2001,2,5,0,235
2001,2,5,1,130
2001,2,5,2,108
2001,2,5,3,74
2001,2,5,4,55
2001,2,5,5,46
2001,2,5,6,69
2001,2,5,7,101
2001,2,5,8,211
2001,2,5,9,230
2001,2,5,10,255
2001,2,5,11,227
2001,2,5,12,329
2001,2,5,13,251
2001,2,5,14,312
2001,2,5,15,267
2001,2,5,16,308
2001,2,5,17,273
2001,2,5,18,288
2001,2,5,19,272
2001,2,5,20,288
2001,2,5,21,243
2001,2,5,22,237
2001,2,5,23,186
2001,2,6,0,219
2001,2,6,1,112
2001,2,6,2,92
2001,2,6,3,78
2001,2,6,4,65
2001,2,6,5,48
2001,2,6,6,79
2001,2,6,7,121
2001,2,6,8,173
2001,2,6,9,217
2001,2,6,10,237
2001,2,6,11,220
2001,2,6,12,285
2001,2,6,13,226
2001,2,6,14,276
2001,2,6,15,254
2001,2,6,16,299
2001,2,6,17,312
2001,2,6,18,277
2001,2,6,19,283
2001,2,6,20,299
2001,2,6,21,273
2001,2,6,22,266
2001,2,6,23,224
2001,2,7,0,233
2001,2,7,1,185
2001,2,7,2,155
2001,2,7,3,110
2001,2,7,4,100
2001,2,7,5,58
2001,2,7,6,61
2001,2,7,7,83
2001,2,7,8,84
2001,2,7,9,167
2001,2,7,10,194
2001,2,7,11,199
2001,2,7,12,245
2001,2,7,13,222
2001,2,7,14,236
2001,2,7,15,187
2001,2,7,16,237
2001,2,7,17,263
2001,2,7,18,253
2001,2,7,19,241
2001,2,7,20,298
2001,2,7,21,259
2001,2,7,22,258
2001,2,7,23,261
2001,3,1,0,260
2001,3,1,1,224
2001,3,1,2,190
2001,3,1,3,161
2001,3,1,4,108
2001,3,1,5,106
2001,3,1,6,62
2001,3,1,7,84
2001,3,1,8,97
2001,3,1,9,140
2001,3,1,10,155
2001,3,1,11,196
2001,3,1,12,258
2001,3,1,13,223
2001,3,1,14,214
2001,3,1,15,227
2001,3,1,16,234
2001,3,1,17,223
2001,3,1,18,259
2001,3,1,19,228
2001,3,1,20,269
2001,3,1,21,250
2001,3,1,22,240
2001,3,1,23,192
2001,3,2,0,201
2001,3,2,1,106
2001,3,2,2,104
2001,3,2,3,71
2001,3,2,4,62
2001,3,2,5,54
2001,3,2,6,66
2001,3,2,7,109
2001,3,2,8,198
2001,3,2,9,231
2001,3,2,10,227
2001,3,2,11,293
2001,3,2,12,331
2001,3,2,13,285
2001,3,2,14,282
2001,3,2,15,306
2001,3,2,16,248
2001,3,2,17,287
2001,3,2,18,306
2001,3,2,19,301
2001,3,2,20,284
2001,3,2,21,286
2001,3,2,22,226
2001,3,2,23,192
2001,3,3,0,215
2001,3,3,1,97
2001,3,3,2,96
2001,3,3,3,73
2001,3,3,4,54
2001,3,3,5,49
2001,3,3,6,66
2001,3,3,7,106
2001,3,3,8,232
2001,3,3,9,270
2001,3,3,10,236
2001,3,3,11,240
2001,3,3,12,310
2001,3,3,13,304
2001,3,3,14,311
2001,3,3,15,329
2001,3,3,16,289
2001,3,3,17,282
2001,3,3,18,325
2001,3,3,19,341
2001,3,3,20,337
2001,3,3,21,312
2001,3,3,22,292
2001,3,3,23,215
2001,3,4,0,219
2001,3,4,1,142
2001,3,4,2,86
2001,3,4,3,63
2001,3,4,4,56
2001,3,4,5,57
2001,3,4,6,87
2001,3,4,7,140
2001,3,4,8,215
2001,3,4,9,270
2001,3,4,10,254
2001,3,4,11,239
2001,3,4,12,315
2001,3,4,13,311
2001,3,4,14,325
2001,3,4,15,324
2001,3,4,16,295
2001,3,4,17,301
2001,3,4,18,305
2001,3,4,19,304
2001,3,4,20,314
2001,3,4,21,275
2001,3,4,22,271
2001,3,4,23,212
2001,3,5,0,326
2001,3,5,1,165
2001,3,5,2,124
2001,3,5,3,109
2001,3,5,4,62
2001,3,5,5,72
2001,3,5,6,88
2001,3,5,7,159
2001,3,5,8,300
2001,3,5,9,347
2001,3,5,10,351
2001,3,5,11,350
2001,3,5,12,478
2001,3,5,13,359
2001,3,5,14,404
2001,3,5,15,374
2001,3,5,16,382
2001,3,5,17,381
2001,3,5,18,378
2001,3,5,19,335
2001,3,5,20,407
2001,3,5,21,358
2001,3,5,22,344
2001,3,5,23,267
2001,3,6,0,271
2001,3,6,1,168
2001,3,6,2,120
2001,3,6,3,117
2001,3,6,4,75
2001,3,6,5,84
2001,3,6,6,107
2001,3,6,7,158
2001,3,6,8,246
2001,3,6,9,292
2001,3,6,10,308
2001,3,6,11,312
2001,3,6,12,410
2001,3,6,13,357
2001,3,6,14,399
2001,3,6,15,396
2001,3,6,16,359
2001,3,6,17,438
2001,3,6,18,386
2001,3,6,19,379
2001,3,6,20,382
2001,3,6,21,383
2001,3,6,22,403
2001,3,6,23,357
2001,3,7,0,314
2001,3,7,1,246
2001,3,7,2,245
2001,3,7,3,176
2001,3,7,4,115
2001,3,7,5,91
2001,3,7,6,102
2001,3,7,7,112
2001,3,7,8,150
2001,3,7,9,216
2001,3,7,10,263
2001,3,7,11,281
2001,3,7,12,366
2001,3,7,13,304
2001,3,7,14,301
2001,3,7,15,339
2001,3,7,16,336
2001,3,7,17,281
2001,3,7,18,303
2001,3,7,19,369
2001,3,7,20,383
2001,3,7,21,338
2001,3,7,22,346
2001,3,7,23,345
2001,4,1,0,465
2001,4,1,1,338
2001,4,1,2,254
2001,4,1,3,265
2001,4,1,4,203
2001,4,1,5,117
2001,4,1,6,81
2001,4,1,7,89
2001,4,1,8,135
2001,4,1,9,220
2001,4,1,10,202
2001,4,1,11,223
2001,4,1,12,326
2001,4,1,13,270
2001,4,1,14,263
2001,4,1,15,288
2001,4,1,16,292
2001,4,1,17,318
2001,4,1,18,353
2001,4,1,19,345
2001,4,1,20,373
2001,4,1,21,402
2001,4,1,22,400
2001,4,1,23,334
2001,4,2,0,336
2001,4,2,1,204
2001,4,2,2,152
2001,4,2,3,109
2001,4,2,4,81
2001,4,2,5,72
2001,4,2,6,102
2001,4,2,7,156
2001,4,2,8,218
2001,4,2,9,260
2001,4,2,10,309
2001,4,2,11,277
2001,4,2,12,404
2001,4,2,13,320
2001,4,2,14,370
2001,4,2,15,356
2001,4,2,16,363
2001,4,2,17,353
2001,4,2,18,399
2001,4,2,19,387
2001,4,2,20,370
2001,4,2,21,338
2001,4,2,22,355
2001,4,2,23,287
2001,4,3,0,218
2001,4,3,1,121
2001,4,3,2,99
2001,4,3,3,58
2001,4,3,4,49
2001,4,3,5,46
2001,4,3,6,73
2001,4,3,7,118
2001,4,3,8,188
2001,4,3,9,198
2001,4,3,10,224
2001,4,3,11,253
2001,4,3,12,303
2001,4,3,13,281
2001,4,3,14,286
2001,4,3,15,297
2001,4,3,16,294
2001,4,3,17,297
2001,4,3,18,331
2001,4,3,19,312
2001,4,3,20,305
2001,4,3,21,311
2001,4,3,22,290
2001,4,3,23,230
2001,4,4,0,249
2001,4,4,1,153
2001,4,4,2,106
2001,4,4,3,85
2001,4,4,4,69
2001,4,4,5,56
2001,4,4,6,63
2001,4,4,7,118
2001,4,4,8,173
2001,4,4,9,197
2001,4,4,10,243
2001,4,4,11,246
2001,4,4,12,269
2001,4,4,13,258
2001,4,4,14,262
2001,4,4,15,325
2001,4,4,16,306
2001,4,4,17,321
2001,4,4,18,346
2001,4,4,19,330
2001,4,4,20,283
2001,4,4,21,308
2001,4,4,22,291
2001,4,4,23,236
2001,4,5,0,230
2001,4,5,1,145
2001,4,5,2,120
2001,4,5,3,93
2001,4,5,4,71
2001,4,5,5,60
2001,4,5,6,84
2001,4,5,7,121
2001,4,5,8,190
2001,4,5,9,211
2001,4,5,10,214
2001,4,5,11,253
2001,4,5,12,260
2001,4,5,13,255
2001,4,5,14,283
2001,4,5,15,322
2001,4,5,16,292
2001,4,5,17,305
2001,4,5,18,354
2001,4,5,19,298
2001,4,5,20,338
2001,4,5,21,333
2001,4,5,22,336
2001,4,5,23,244
2001,4,6,0,275
2001,4,6,1,178
2001,4,6,2,136
2001,4,6,3,121
2001,4,6,4,71
2001,4,6,5,84
2001,4,6,6,72
2001,4,6,7,115
2001,4,6,8,161
2001,4,6,9,209
2001,4,6,10,234
2001,4,6,11,231
2001,4,6,12,311
2001,4,6,13,272
2001,4,6,14,300
2001,4,6,15,305
2001,4,6,16,268
2001,4,6,17,313
2001,4,6,18,323
2001,4,6,19,319
2001,4,6,20,353
2001,4,6,21,349
2001,4,6,22,360
2001,4,6,23,337
2001,4,7,0,323
2001,4,7,1,257
2001,4,7,2,198
2001,4,7,3,139
2001,4,7,4,111
2001,4,7,5,99
2001,4,7,6,64
2001,4,7,7,65
2001,4,7,8,104
2001,4,7,9,193
2001,4,7,10,215
2001,4,7,11,192
2001,4,7,12,281
2001,4,7,13,248
2001,4,7,14,238
2001,4,7,15,260
2001,4,7,16,238
2001,4,7,17,267
2001,4,7,18,287
2001,4,7,19,314
2001,4,7,20,282
2001,4,7,21,330
2001,4,7,22,361
2001,4,7,23,306
2001,5,1,0,317
2001,5,1,1,208
2001,5,1,2,203
2001,5,1,3,156
2001,5,1,4,119
2001,5,1,5,79
2001,5,1,6,60
2001,5,1,7,57
2001,5,1,8,93
2001,5,1,9,126
2001,5,1,10,163
2001,5,1,11,170
2001,5,1,12,261
2001,5,1,13,196
2001,5,1,14,197
2001,5,1,15,201
2001,5,1,16,238
2001,5,1,17,264
2001,5,1,18,268
2001,5,1,19,310
2001,5,1,20,291
2001,5,1,21,303
2001,5,1,22,314
2001,5,1,23,271
2001,5,2,0,266
2001,5,2,1,161
2001,5,2,2,128
2001,5,2,3,104
2001,5,2,4,83
2001,5,2,5,66
2001,5,2,6,65
2001,5,2,7,130
2001,5,2,8,214
2001,5,2,9,226
2001,5,2,10,236
2001,5,2,11,259
2001,5,2,12,285
2001,5,2,13,243
2001,5,2,14,263
2001,5,2,15,300
2001,5,2,16,287
2001,5,2,17,304
2001,5,2,18,314
2001,5,2,19,304
2001,5,2,20,331
2001,5,2,21,337
2001,5,2,22,312
2001,5,2,23,236
2001,5,3,0,346
2001,5,3,1,194
2001,5,3,2,146
2001,5,3,3,81
2001,5,3,4,73
2001,5,3,5,66
2001,5,3,6,94
2001,5,3,7,149
2001,5,3,8,260
2001,5,3,9,308
2001,5,3,10,295
2001,5,3,11,354
2001,5,3,12,441
2001,5,3,13,335
2001,5,3,14,408
2001,5,3,15,411
2001,5,3,16,402
2001,5,3,17,379
2001,5,3,18,419
2001,5,3,19,403
2001,5,3,20,424
2001,5,3,21,356
2001,5,3,22,399
2001,5,3,23,324
2001,5,4,0,328
2001,5,4,1,187
2001,5,4,2,158
2001,5,4,3,111
2001,5,4,4,70
2001,5,4,5,72
2001,5,4,6,97
2001,5,4,7,155
2001,5,4,8,277
2001,5,4,9,317
2001,5,4,10,289
2001,5,4,11,294
2001,5,4,12,400
2001,5,4,13,381
2001,5,4,14,343
2001,5,4,15,369
2001,5,4,16,343
2001,5,4,17,387
2001,5,4,18,409
2001,5,4,19,374
2001,5,4,20,393
2001,5,4,21,412
2001,5,4,22,403
2001,5,4,23,320
2001,5,5,0,300
2001,5,5,1,185
2001,5,5,2,146
2001,5,5,3,103
2001,5,5,4,90
2001,5,5,5,61
2001,5,5,6,92
2001,5,5,7,157
2001,5,5,8,248
2001,5,5,9,314
2001,5,5,10,299
2001,5,5,11,322
2001,5,5,12,386
2001,5,5,13,377
2001,5,5,14,375
2001,5,5,15,390
2001,5,5,16,357
2001,5,5,17,376
2001,5,5,18,393
2001,5,5,19,370
2001,5,5,20,383
2001,5,5,21,372
2001,5,5,22,396
2001,5,5,23,301
2001,5,6,0,259
2001,5,6,1,161
2001,5,6,2,121
2001,5,6,3,87
2001,5,6,4,70
2001,5,6,5,59
2001,5,6,6,91
2001,5,6,7,125
2001,5,6,8,194
2001,5,6,9,232
2001,5,6,10,235
2001,5,6,11,242
2001,5,6,12,331
2001,5,6,13,286
2001,5,6,14,327
2001,5,6,15,327
2001,5,6,16,310
2001,5,6,17,317
2001,5,6,18,349
2001,5,6,19,310
2001,5,6,20,324
2001,5,6,21,294
2001,5,6,22,355
2001,5,6,23,274
2001,5,7,0,285
2001,5,7,1,214
2001,5,7,2,196
2001,5,7,3,133
2001,5,7,4,119
2001,5,7,5,72
2001,5,7,6,59
2001,5,7,7,85
2001,5,7,8,120
2001,5,7,9,170
2001,5,7,10,199
2001,5,7,11,233
2001,5,7,12,288
2001,5,7,13,215
2001,5,7,14,218
2001,5,7,15,234
2001,5,7,16,253
2001,5,7,17,253
2001,5,7,18,312
2001,5,7,19,286
2001,5,7,20,291
2001,5,7,21,259
2001,5,7,22,308
2001,5,7,23,286
2001,6,1,0,304
2001,6,1,1,254
2001,6,1,2,229
2001,6,1,3,203
2001,6,1,4,166
2001,6,1,5,94
2001,6,1,6,80
2001,6,1,7,73
2001,6,1,8,96
2001,6,1,9,118
2001,6,1,10,165
2001,6,1,11,189
2001,6,1,12,258
2001,6,1,13,203
2001,6,1,14,210
2001,6,1,15,213
2001,6,1,16,243
2001,6,1,17,287
2001,6,1,18,296
2001,6,1,19,316
2001,6,1,20,334
2001,6,1,21,347
2001,6,1,22,353
2001,6,1,23,288
2001,6,2,0,306
2001,6,2,1,190
2001,6,2,2,156
2001,6,2,3,132
2001,6,2,4,101
2001,6,2,5,78
2001,6,2,6,95
2001,6,2,7,123
2001,6,2,8,166
2001,6,2,9,202
2001,6,2,10,189
2001,6,2,11,225
2001,6,2,12,336
2001,6,2,13,265
2001,6,2,14,270
2001,6,2,15,291
2001,6,2,16,286
2001,6,2,17,286
2001,6,2,18,380
2001,6,2,19,350
2001,6,2,20,347
2001,6,2,21,335
2001,6,2,22,335
2001,6,2,23,280
2001,6,3,0,291
2001,6,3,1,154
2001,6,3,2,145
2001,6,3,3,87
2001,6,3,4,83
2001,6,3,5,57
2001,6,3,6,78
2001,6,3,7,113
2001,6,3,8,184
2001,6,3,9,198
2001,6,3,10,241
2001,6,3,11,229
2001,6,3,12,290
2001,6,3,13,261
2001,6,3,14,255
2001,6,3,15,271
2001,6,3,16,319
2001,6,3,17,320
2001,6,3,18,363
2001,6,3,19,351
2001,6,3,20,306
2001,6,3,21,355
2001,6,3,22,342
2001,6,3,23,266
2001,6,4,0,281
2001,6,4,1,178
2001,6,4,2,125
2001,6,4,3,91
2001,6,4,4,63
2001,6,4,5,73
2001,6,4,6,75
2001,6,4,7,104
2001,6,4,8,178
2001,6,4,9,191
2001,6,4,10,223
2001,6,4,11,200
2001,6,4,12,297
2001,6,4,13,319
2001,6,4,14,261
2001,6,4,15,261
2001,6,4,16,286
2001,6,4,17,302
2001,6,4,18,356
2001,6,4,19,361
2001,6,4,20,359
2001,6,4,21,327
2001,6,4,22,347
2001,6,4,23,284
2001,6,5,0,314
2001,6,5,1,184
2001,6,5,2,140
2001,6,5,3,114
2001,6,5,4,81
2001,6,5,5,72
2001,6,5,6,60
2001,6,5,7,105
2001,6,5,8,154
2001,6,5,9,180
2001,6,5,10,212
2001,6,5,11,247
2001,6,5,12,292
2001,6,5,13,262
2001,6,5,14,272
2001,6,5,15,239
2001,6,5,16,273
2001,6,5,17,293
2001,6,5,18,316
2001,6,5,19,335
2001,6,5,20,325
2001,6,5,21,332
2001,6,5,22,339
2001,6,5,23,279
2001,6,6,0,463
2001,6,6,1,201
2001,6,6,2,169
2001,6,6,3,130
2001,6,6,4,113
2001,6,6,5,90
2001,6,6,6,105
2001,6,6,7,160
2001,6,6,8,254
2001,6,6,9,296
2001,6,6,10,310
2001,6,6,11,282
2001,6,6,12,432
2001,6,6,13,339
2001,6,6,14,365
2001,6,6,15,368
2001,6,6,16,345
2001,6,6,17,386
2001,6,6,18,448
2001,6,6,19,428
2001,6,6,20,404
2001,6,6,21,393
2001,6,6,22,416
2001,6,6,23,384
2001,6,7,0,392
2001,6,7,1,318
2001,6,7,2,298
2001,6,7,3,211
2001,6,7,4,173
2001,6,7,5,120
2001,6,7,6,102
2001,6,7,7,84
2001,6,7,8,142
2001,6,7,9,214
2001,6,7,10,257
2001,6,7,11,271
2001,6,7,12,349
2001,6,7,13,299
2001,6,7,14,289
2001,6,7,15,329
2001,6,7,16,340
2001,6,7,17,332
2001,6,7,18,381
2001,6,7,19,377
2001,6,7,20,380
2001,6,7,21,402
2001,6,7,22,416
2001,6,7,23,414
2001,7,1,0,492
2001,7,1,1,388
2001,7,1,2,291
2001,7,1,3,270
2001,7,1,4,253
2001,7,1,5,129
2001,7,1,6,121
2001,7,1,7,109
2001,7,1,8,175
2001,7,1,9,215
2001,7,1,10,250
2001,7,1,11,250
2001,7,1,12,342
2001,7,1,13,285
2001,7,1,14,324
2001,7,1,15,340
2001,7,1,16,293
2001,7,1,17,329
2001,7,1,18,424
2001,7,1,19,347
2001,7,1,20,409
2001,7,1,21,427
2001,7,1,22,407
2001,7,1,23,361
2001,7,2,0,362
2001,7,2,1,220
2001,7,2,2,168
2001,7,2,3,129
2001,7,2,4,101
2001,7,2,5,102
2001,7,2,6,114
2001,7,2,7,174
2001,7,2,8,243
2001,7,2,9,278
2001,7,2,10,298
2001,7,2,11,288
2001,7,2,12,428
2001,7,2,13,332
2001,7,2,14,357
2001,7,2,15,397
2001,7,2,16,333
2001,7,2,17,397
2001,7,2,18,419
2001,7,2,19,432
2001,7,2,20,429
2001,7,2,21,427
2001,7,2,22,455
2001,7,2,23,363
2001,7,3,0,333
2001,7,3,1,231
2001,7,3,2,191
2001,7,3,3,137
2001,7,3,4,118
2001,7,3,5,99
2001,7,3,6,121
2001,7,3,7,169
2001,7,3,8,207
2001,7,3,9,247
2001,7,3,10,268
2001,7,3,11,302
2001,7,3,12,407
2001,7,3,13,336
2001,7,3,14,324
2001,7,3,15,355
2001,7,3,16,332
2001,7,3,17,347
2001,7,3,18,445
2001,7,3,19,439
2001,7,3,20,409
2001,7,3,21,403
2001,7,3,22,451
2001,7,3,23,396
2001,7,4,0,312
2001,7,4,1,195
2001,7,4,2,146
2001,7,4,3,133
2001,7,4,4,80
2001,7,4,5,71
2001,7,4,6,76
2001,7,4,7,114
2001,7,4,8,186
2001,7,4,9,217
2001,7,4,10,226
2001,7,4,11,205
2001,7,4,12,334
2001,7,4,13,236
2001,7,4,14,255
2001,7,4,15,275
2001,7,4,16,290
2001,7,4,17,301
2001,7,4,18,335
2001,7,4,19,325
2001,7,4,20,337
2001,7,4,21,381
2001,7,4,22,357
2001,7,4,23,301
2001,7,5,0,313
2001,7,5,1,221
2001,7,5,2,164
2001,7,5,3,123
2001,7,5,4,87
2001,7,5,5,72
2001,7,5,6,96
2001,7,5,7,137
2001,7,5,8,185
2001,7,5,9,192
2001,7,5,10,211
2001,7,5,11,235
2001,7,5,12,309
2001,7,5,13,261
2001,7,5,14,255
2001,7,5,15,304
2001,7,5,16,266
2001,7,5,17,292
2001,7,5,18,331
2001,7,5,19,318
2001,7,5,20,370
2001,7,5,21,318
2001,7,5,22,312
2001,7,5,23,261
2001,7,6,0,311
2001,7,6,1,171
2001,7,6,2,147
2001,7,6,3,98
2001,7,6,4,100
2001,7,6,5,87
2001,7,6,6,75
2001,7,6,7,141
2001,7,6,8,182
2001,7,6,9,223
2001,7,6,10,251
2001,7,6,11,233
2001,7,6,12,341
2001,7,6,13,273
2001,7,6,14,267
2001,7,6,15,285
2001,7,6,16,288
2001,7,6,17,340
2001,7,6,18,351
2001,7,6,19,360
2001,7,6,20,360
2001,7,6,21,355
2001,7,6,22,393
2001,7,6,23,354
2001,7,7,0,381
2001,7,7,1,281
2001,7,7,2,236
2001,7,7,3,187
2001,7,7,4,154
2001,7,7,5,108
2001,7,7,6,85
2001,7,7,7,106
2001,7,7,8,122
2001,7,7,9,180
2001,7,7,10,206
2001,7,7,11,228
2001,7,7,12,288
2001,7,7,13,241
2001,7,7,14,240
2001,7,7,15,306
2001,7,7,16,288
2001,7,7,17,277
2001,7,7,18,302
2001,7,7,19,325
2001,7,7,20,319
2001,7,7,21,319
2001,7,7,22,364
2001,7,7,23,307
2001,8,1,0,348
2001,8,1,1,294
2001,8,1,2,224
2001,8,1,3,212
2001,8,1,4,144
2001,8,1,5,106
2001,8,1,6,81
2001,8,1,7,78
2001,8,1,8,100
2001,8,1,9,168
2001,8,1,10,203
2001,8,1,11,192
2001,8,1,12,236
2001,8,1,13,219
2001,8,1,14,218
2001,8,1,15,257
2001,8,1,16,277
2001,8,1,17,263
2001,8,1,18,318
2001,8,1,19,312
2001,8,1,20,319
2001,8,1,21,340
2001,8,1,22,372
2001,8,1,23,261
2001,8,2,0,330
2001,8,2,1,196
2001,8,2,2,146
2001,8,2,3,130
2001,8,2,4,96
2001,8,2,5,66
2001,8,2,6,90
2001,8,2,7,157
2001,8,2,8,182
2001,8,2,9,215
2001,8,2,10,233
2001,8,2,11,229
2001,8,2,12,292
2001,8,2,13,273
2001,8,2,14,272
2001,8,2,15,302
2001,8,2,16,297
2001,8,2,17,310
2001,8,2,18,368
2001,8,2,19,358
2001,8,2,20,341
2001,8,2,21,367
2001,8,2,22,322
2001,8,2,23,294
2001,8,3,0,284
2001,8,3,1,170
2001,8,3,2,134
2001,8,3,3,108
2001,8,3,4,81
2001,8,3,5,85
2001,8,3,6,83
2001,8,3,7,118
2001,8,3,8,164
2001,8,3,9,214
2001,8,3,10,197
2001,8,3,11,208
2001,8,3,12,312
2001,8,3,13,298
2001,8,3,14,280
2001,8,3,15,252
2001,8,3,16,307
2001,8,3,17,304
2001,8,3,18,318
2001,8,3,19,362
2001,8,3,20,318
2001,8,3,21,352
2001,8,3,22,358
2001,8,3,23,304
2001,8,4,0,468
2001,8,4,1,209
2001,8,4,2,149
2001,8,4,3,141
2001,8,4,4,108
2001,8,4,5,80
2001,8,4,6,93
2001,8,4,7,151
2001,8,4,8,246
2001,8,4,9,262
2001,8,4,10,296
2001,8,4,11,297
2001,8,4,12,414
2001,8,4,13,364
2001,8,4,14,337
2001,8,4,15,337
2001,8,4,16,374
2001,8,4,17,397
2001,8,4,18,441
2001,8,4,19,483
2001,8,4,20,452
2001,8,4,21,456
2001,8,4,22,457
2001,8,4,23,364
2001,8,5,0,355
2001,8,5,1,224
2001,8,5,2,195
2001,8,5,3,148
2001,8,5,4,124
2001,8,5,5,90
2001,8,5,6,113
2001,8,5,7,145
2001,8,5,8,181
2001,8,5,9,235
2001,8,5,10,256
2001,8,5,11,286
2001,8,5,12,355
2001,8,5,13,297
2001,8,5,14,322
2001,8,5,15,310
2001,8,5,16,323
2001,8,5,17,384
2001,8,5,18,402
2001,8,5,19,421
2001,8,5,20,417
2001,8,5,21,443
2001,8,5,22,432
2001,8,5,23,366
2001,8,6,0,394
2001,8,6,1,236
2001,8,6,2,196
2001,8,6,3,154
2001,8,6,4,98
2001,8,6,5,95
2001,8,6,6,112
2001,8,6,7,142
2001,8,6,8,186
2001,8,6,9,261
2001,8,6,10,304
2001,8,6,11,301
2001,8,6,12,398
2001,8,6,13,297
2001,8,6,14,323
2001,8,6,15,346
2001,8,6,16,396
2001,8,6,17,403
2001,8,6,18,478
2001,8,6,19,456
2001,8,6,20,361
2001,8,6,21,417
2001,8,6,22,414
2001,8,6,23,438
2001,8,7,0,343
2001,8,7,1,269
2001,8,7,2,260
2001,8,7,3,201
2001,8,7,4,167
2001,8,7,5,103
2001,8,7,6,79
2001,8,7,7,101
2001,8,7,8,131
2001,8,7,9,171
2001,8,7,10,210
2001,8,7,11,191
2001,8,7,12,275
2001,8,7,13,227
2001,8,7,14,220
2001,8,7,15,261
2001,8,7,16,268
2001,8,7,17,245
2001,8,7,18,325
2001,8,7,19,306
2001,8,7,20,291
2001,8,7,21,316
2001,8,7,22,342
2001,8,7,23,313
2001,9,1,0,400
2001,9,1,1,353
2001,9,1,2,269
2001,9,1,3,255
2001,9,1,4,175
2001,9,1,5,121
2001,9,1,6,100
2001,9,1,7,74
2001,9,1,8,130
2001,9,1,9,190
2001,9,1,10,235
2001,9,1,11,289
2001,9,1,12,301
2001,9,1,13,252
2001,9,1,14,248
2001,9,1,15,334
2001,9,1,16,333
2001,9,1,17,361
2001,9,1,18,367
2001,9,1,19,381
2001,9,1,20,374
2001,9,1,21,400
2001,9,1,22,347
2001,9,1,23,311
2001,9,2,0,263
2001,9,2,1,175
2001,9,2,2,113
2001,9,2,3,89
2001,9,2,4,91
2001,9,2,5,52
2001,9,2,6,65
2001,9,2,7,110
2001,9,2,8,179
2001,9,2,9,236
2001,9,2,10,247
2001,9,2,11,232
2001,9,2,12,259
2001,9,2,13,250
2001,9,2,14,291
2001,9,2,15,290
2001,9,2,16,294
2001,9,2,17,324
2001,9,2,18,316
2001,9,2,19,267
2001,9,2,20,318
2001,9,2,21,307
2001,9,2,22,299
2001,9,2,23,215
2001,9,3,0,222
2001,9,3,1,151
2001,9,3,2,108
2001,9,3,3,80
2001,9,3,4,81
2001,9,3,5,65
2001,9,3,6,78
2001,9,3,7,135
2001,9,3,8,207
2001,9,3,9,228
2001,9,3,10,224
2001,9,3,11,218
2001,9,3,12,288
2001,9,3,13,254
2001,9,3,14,284
2001,9,3,15,291
2001,9,3,16,304
2001,9,3,17,277
2001,9,3,18,339
2001,9,3,19,303
2001,9,3,20,346
2001,9,3,21,325
2001,9,3,22,327
2001,9,3,23,237
2001,9,4,0,242
2001,9,4,1,134
2001,9,4,2,92
2001,9,4,3,82
2001,9,4,4,57
2001,9,4,5,57
2001,9,4,6,79
2001,9,4,7,128
2001,9,4,8,196
2001,9,4,9,233
2001,9,4,10,260
2001,9,4,11,221
2001,9,4,12,277
2001,9,4,13,245
2001,9,4,14,290
2001,9,4,15,310
2001,9,4,16,256
2001,9,4,17,286
2001,9,4,18,312
2001,9,4,19,338
2001,9,4,20,345
2001,9,4,21,347
2001,9,4,22,317
2001,9,4,23,231
2001,9,5,0,246
2001,9,5,1,157
2001,9,5,2,144
2001,9,5,3,99
2001,9,5,4,43
2001,9,5,5,66
2001,9,5,6,81
2001,9,5,7,137
2001,9,5,8,219
2001,9,5,9,233
2001,9,5,10,251
2001,9,5,11,246
2001,9,5,12,280
2001,9,5,13,255
2001,9,5,14,266
2001,9,5,15,308
2001,9,5,16,260
2001,9,5,17,311
2001,9,5,18,349
2001,9,5,19,328
2001,9,5,20,328
2001,9,5,21,311
2001,9,5,22,329
2001,9,5,23,268
2001,9,6,0,249
2001,9,6,1,147
2001,9,6,2,132
2001,9,6,3,99
2001,9,6,4,68
2001,9,6,5,74
2001,9,6,6,91
2001,9,6,7,156
2001,9,6,8,207
2001,9,6,9,254
2001,9,6,10,255
2001,9,6,11,263
2001,9,6,12,317
2001,9,6,13,267
2001,9,6,14,308
2001,9,6,15,330
2001,9,6,16,308
2001,9,6,17,333
2001,9,6,18,358
2001,9,6,19,358
2001,9,6,20,345
2001,9,6,21,338
2001,9,6,22,354
2001,9,6,23,324
2001,9,7,0,530
2001,9,7,1,309
2001,9,7,2,329
2001,9,7,3,249
2001,9,7,4,186
2001,9,7,5,109
2001,9,7,6,103
2001,9,7,7,121
2001,9,7,8,187
2001,9,7,9,283
2001,9,7,10,270
2001,9,7,11,303
2001,9,7,12,423
2001,9,7,13,288
2001,9,7,14,318
2001,9,7,15,316
2001,9,7,16,388
2001,9,7,17,374
2001,9,7,18,372
2001,9,7,19,409
2001,9,7,20,386
2001,9,7,21,403
2001,9,7,22,446
2001,9,7,23,373
2001,10,1,0,320
2001,10,1,1,271
2001,10,1,2,201
2001,10,1,3,188
2001,10,1,4,120
2001,10,1,5,91
2001,10,1,6,57
2001,10,1,7,68
2001,10,1,8,109
2001,10,1,9,149
2001,10,1,10,173
2001,10,1,11,191
2001,10,1,12,237
2001,10,1,13,224
2001,10,1,14,202
2001,10,1,15,260
2001,10,1,16,238
2001,10,1,17,264
2001,10,1,18,295
2001,10,1,19,306
2001,10,1,20,299
2001,10,1,21,343
2001,10,1,22,303
2001,10,1,23,215
2001,10,2,0,371
2001,10,2,1,181
2001,10,2,2,147
2001,10,2,3,107
2001,10,2,4,71
2001,10,2,5,73
2001,10,2,6,97
2001,10,2,7,194
2001,10,2,8,308
2001,10,2,9,360
2001,10,2,10,315
2001,10,2,11,298
2001,10,2,12,430
2001,10,2,13,327
2001,10,2,14,395
2001,10,2,15,401
2001,10,2,16,356
2001,10,2,17,390
2001,10,2,18,366
2001,10,2,19,427
2001,10,2,20,420
2001,10,2,21,389
2001,10,2,22,396
2001,10,2,23,290
2001,10,3,0,325
2001,10,3,1,198
2001,10,3,2,151
2001,10,3,3,109
2001,10,3,4,79
2001,10,3,5,74
2001,10,3,6,86
2001,10,3,7,163
2001,10,3,8,290
2001,10,3,9,309
2001,10,3,10,289
2001,10,3,11,300
2001,10,3,12,387
2001,10,3,13,335
2001,10,3,14,350
2001,10,3,15,418
2001,10,3,16,409
2001,10,3,17,372
2001,10,3,18,378
2001,10,3,19,416
2001,10,3,20,423
2001,10,3,21,405
2001,10,3,22,394
2001,10,3,23,313
2001,10,4,0,333
2001,10,4,1,164
2001,10,4,2,131
2001,10,4,3,91
2001,10,4,4,83
2001,10,4,5,69
2001,10,4,6,98
2001,10,4,7,148
2001,10,4,8,280
2001,10,4,9,320
2001,10,4,10,308
2001,10,4,11,337
2001,10,4,12,400
2001,10,4,13,312
2001,10,4,14,364
2001,10,4,15,425
2001,10,4,16,367
2001,10,4,17,381
2001,10,4,18,409
2001,10,4,19,457
2001,10,4,20,477
2001,10,4,21,391
2001,10,4,22,424
2001,10,4,23,330
2001,10,5,0,260
2001,10,5,1,130
2001,10,5,2,101
2001,10,5,3,76
2001,10,5,4,60
2001,10,5,5,53
2001,10,5,6,82
2001,10,5,7,142
2001,10,5,8,205
2001,10,5,9,234
2001,10,5,10,256
2001,10,5,11,287
2001,10,5,12,330
2001,10,5,13,267
2001,10,5,14,343
2001,10,5,15,298
2001,10,5,16,257
2001,10,5,17,307
2001,10,5,18,327
2001,10,5,19,273
2001,10,5,20,308
2001,10,5,21,315
2001,10,5,22,276
2001,10,5,23,230
2001,10,6,0,257
2001,10,6,1,163
2001,10,6,2,115
2001,10,6,3,79
2001,10,6,4,73
2001,10,6,5,69
2001,10,6,6,87
2001,10,6,7,135
2001,10,6,8,200
2001,10,6,9,228
2001,10,6,10,242
2001,10,6,11,233
2001,10,6,12,309
2001,10,6,13,280
2001,10,6,14,296
2001,10,6,15,323
2001,10,6,16,305
2001,10,6,17,329
2001,10,6,18,333
2001,10,6,19,367
2001,10,6,20,336
2001,10,6,21,352
2001,10,6,22,376
2001,10,6,23,315
2001,10,7,0,346
2001,10,7,1,282
2001,10,7,2,231
2001,10,7,3,200
2001,10,7,4,125
2001,10,7,5,74
2001,10,7,6,68
2001,10,7,7,85
2001,10,7,8,124
2001,10,7,9,195
2001,10,7,10,189
2001,10,7,11,236
2001,10,7,12,263
2001,10,7,13,234
2001,10,7,14,248
2001,10,7,15,259
2001,10,7,16,254
2001,10,7,17,248
2001,10,7,18,308
2001,10,7,19,292
2001,10,7,20,314
2001,10,7,21,311
2001,10,7,22,312
2001,10,7,23,313
2001,11,1,0,343
2001,11,1,1,241
2001,11,1,2,222
2001,11,1,3,171
2001,11,1,4,141
2001,11,1,5,104
2001,11,1,6,66
2001,11,1,7,74
2001,11,1,8,101
2001,11,1,9,152
2001,11,1,10,186
2001,11,1,11,205
2001,11,1,12,231
2001,11,1,13,203
2001,11,1,14,227
2001,11,1,15,234
2001,11,1,16,201
2001,11,1,17,236
2001,11,1,18,270
2001,11,1,19,290
2001,11,1,20,286
2001,11,1,21,280
2001,11,1,22,289
2001,11,1,23,210
2001,11,2,0,217
2001,11,2,1,127
2001,11,2,2,84
2001,11,2,3,68
2001,11,2,4,63
2001,11,2,5,51
2001,11,2,6,69
2001,11,2,7,135
2001,11,2,8,245
2001,11,2,9,262
2001,11,2,10,248
2001,11,2,11,229
2001,11,2,12,300
2001,11,2,13,268
2001,11,2,14,277
2001,11,2,15,258
2001,11,2,16,274
2001,11,2,17,316
2001,11,2,18,286
2001,11,2,19,334
2001,11,2,20,297
2001,11,2,21,272
2001,11,2,22,261
2001,11,2,23,209
2001,11,3,0,234
2001,11,3,1,120
2001,11,3,2,106
2001,11,3,3,73
2001,11,3,4,59
2001,11,3,5,61
2001,11,3,6,74
2001,11,3,7,134
2001,11,3,8,199
2001,11,3,9,226
2001,11,3,10,214
2001,11,3,11,264
2001,11,3,12,314
2001,11,3,13,248
2001,11,3,14,286
2001,11,3,15,317
2001,11,3,16,252
2001,11,3,17,279
2001,11,3,18,334
2001,11,3,19,320
2001,11,3,20,341
2001,11,3,21,306
2001,11,3,22,269
2001,11,3,23,220
2001,11,4,0,220
2001,11,4,1,135
2001,11,4,2,102
2001,11,4,3,77
2001,11,4,4,71
2001,11,4,5,57
2001,11,4,6,104
2001,11,4,7,144
2001,11,4,8,204
2001,11,4,9,255
2001,11,4,10,248
2001,11,4,11,218
2001,11,4,12,298
2001,11,4,13,277
2001,11,4,14,292
2001,11,4,15,292
2001,11,4,16,261
2001,11,4,17,270
2001,11,4,18,312
2001,11,4,19,317
2001,11,4,20,334
2001,11,4,21,317
2001,11,4,22,285
2001,11,4,23,231
2001,11,5,0,399
2001,11,5,1,177
2001,11,5,2,164
2001,11,5,3,116
2001,11,5,4,107
2001,11,5,5,65
2001,11,5,6,94
2001,11,5,7,162
2001,11,5,8,264
2001,11,5,9,295
2001,11,5,10,293
2001,11,5,11,311
2001,11,5,12,426
2001,11,5,13,313
2001,11,5,14,374
2001,11,5,15,342
2001,11,5,16,311
2001,11,5,17,296
2001,11,5,18,378
2001,11,5,19,365
2001,11,5,20,388
2001,11,5,21,350
2001,11,5,22,380
2001,11,5,23,299
2001,11,6,0,303
2001,11,6,1,199
2001,11,6,2,156
2001,11,6,3,115
2001,11,6,4,88
2001,11,6,5,74
2001,11,6,6,96
2001,11,6,7,157
2001,11,6,8,228
2001,11,6,9,299
2001,11,6,10,270
2001,11,6,11,322
2001,11,6,12,357
2001,11,6,13,301
2001,11,6,14,360
2001,11,6,15,384
2001,11,6,16,362
2001,11,6,17,372
2001,11,6,18,371
2001,11,6,19,386
2001,11,6,20,408
2001,11,6,21,410
2001,11,6,22,427
2001,11,6,23,366
2001,11,7,0,338
2001,11,7,1,225
2001,11,7,2,204
2001,11,7,3,161
2001,11,7,4,102
2001,11,7,5,69
2001,11,7,6,50
2001,11,7,7,65
2001,11,7,8,134
2001,11,7,9,149
2001,11,7,10,211
2001,11,7,11,232
2001,11,7,12,286
2001,11,7,13,261
2001,11,7,14,238
2001,11,7,15,234
2001,11,7,16,262
2001,11,7,17,279
2001,11,7,18,301
2001,11,7,19,332
2001,11,7,20,347
2001,11,7,21,328
2001,11,7,22,311
2001,11,7,23,325
2001,12,1,0,318
2001,12,1,1,224
2001,12,1,2,201
2001,12,1,3,203
2001,12,1,4,148
2001,12,1,5,107
2001,12,1,6,63
2001,12,1,7,81
2001,12,1,8,110
2001,12,1,9,178
2001,12,1,10,219
2001,12,1,11,240
2001,12,1,12,274
2001,12,1,13,221
2001,12,1,14,223
2001,12,1,15,247
2001,12,1,16,255
2001,12,1,17,269
2001,12,1,18,305
2001,12,1,19,340
2001,12,1,20,339
2001,12,1,21,302
2001,12,1,22,311
2001,12,1,23,253
2001,12,2,0,256
2001,12,2,1,154
2001,12,2,2,128
2001,12,2,3,93
2001,12,2,4,70
2001,12,2,5,78
2001,12,2,6,69
2001,12,2,7,153
2001,12,2,8,205
2001,12,2,9,279
2001,12,2,10,219
2001,12,2,11,249
2001,12,2,12,351
2001,12,2,13,292
2001,12,2,14,301
2001,12,2,15,325
2001,12,2,16,298
2001,12,2,17,313
2001,12,2,18,329
2001,12,2,19,342
2001,12,2,20,336
2001,12,2,21,319
2001,12,2,22,332
2001,12,2,23,273
2001,12,3,0,217
2001,12,3,1,123
2001,12,3,2,105
2001,12,3,3,80
2001,12,3,4,65
2001,12,3,5,77
2001,12,3,6,104
2001,12,3,7,114
2001,12,3,8,184
2001,12,3,9,186
2001,12,3,10,210
2001,12,3,11,188
2001,12,3,12,256
2001,12,3,13,219
2001,12,3,14,227
2001,12,3,15,221
2001,12,3,16,246
2001,12,3,17,235
2001,12,3,18,307
2001,12,3,19,264
2001,12,3,20,262
2001,12,3,21,278
2001,12,3,22,231
2001,12,3,23,193
2001,12,4,0,238
2001,12,4,1,120
2001,12,4,2,110
2001,12,4,3,82
2001,12,4,4,58
2001,12,4,5,30
2001,12,4,6,63
2001,12,4,7,128
2001,12,4,8,184
2001,12,4,9,202
2001,12,4,10,207
2001,12,4,11,237
2001,12,4,12,252
2001,12,4,13,265
2001,12,4,14,249
2001,12,4,15,268
2001,12,4,16,235
2001,12,4,17,259
2001,12,4,18,306
2001,12,4,19,310
2001,12,4,20,286
2001,12,4,21,274
2001,12,4,22,241
2001,12,4,23,163
2001,12,5,0,212
2001,12,5,1,123
2001,12,5,2,101
2001,12,5,3,79
2001,12,5,4,49
2001,12,5,5,67
2001,12,5,6,59
2001,12,5,7,96
2001,12,5,8,186
2001,12,5,9,232
2001,12,5,10,233
2001,12,5,11,247
2001,12,5,12,297
2001,12,5,13,295
2001,12,5,14,274
2001,12,5,15,244
2001,12,5,16,267
2001,12,5,17,257
2001,12,5,18,269
2001,12,5,19,271
2001,12,5,20,279
2001,12,5,21,268
2001,12,5,22,269
2001,12,5,23,209
2001,12,6,0,220
2001,12,6,1,142
2001,12,6,2,106
2001,12,6,3,76
2001,12,6,4,63
2001,12,6,5,63
2001,12,6,6,64
2001,12,6,7,107
2001,12,6,8,191
2001,12,6,9,214
2001,12,6,10,195
2001,12,6,11,270
2001,12,6,12,276
2001,12,6,13,252
2001,12,6,14,260
2001,12,6,15,264
2001,12,6,16,283
2001,12,6,17,283
2001,12,6,18,279
2001,12,6,19,312
2001,12,6,20,340
2001,12,6,21,330
2001,12,6,22,300
2001,12,6,23,282
2001,12,7,0,398
2001,12,7,1,239
2001,12,7,2,244
2001,12,7,3,168
2001,12,7,4,133
2001,12,7,5,108
2001,12,7,6,67
2001,12,7,7,86
2001,12,7,8,143
2001,12,7,9,237
2001,12,7,10,249
2001,12,7,11,287
2001,12,7,12,367
2001,12,7,13,287
2001,12,7,14,289
2001,12,7,15,315
2001,12,7,16,294
2001,12,7,17,300
2001,12,7,18,333
2001,12,7,19,328
2001,12,7,20,369
2001,12,7,21,371
2001,12,7,22,321
2001,12,7,23,306
2002,1,1,0,274
2002,1,1,1,212
2002,1,1,2,202
2002,1,1,3,160
2002,1,1,4,116
2002,1,1,5,74
2002,1,1,6,70
2002,1,1,7,63
2002,1,1,8,84
2002,1,1,9,135
2002,1,1,10,167
2002,1,1,11,179
2002,1,1,12,217
2002,1,1,13,173
2002,1,1,14,214
2002,1,1,15,229
2002,1,1,16,237
2002,1,1,17,231
2002,1,1,18,285
2002,1,1,19,280
2002,1,1,20,273
2002,1,1,21,293
2002,1,1,22,254
2002,1,1,23,210
2002,1,2,0,220
2002,1,2,1,109
2002,1,2,2,98
2002,1,2,3,73
2002,1,2,4,47
2002,1,2,5,50
2002,1,2,6,74
2002,1,2,7,114
2002,1,2,8,181
2002,1,2,9,195
2002,1,2,10,242
2002,1,2,11,197
2002,1,2,12,277
2002,1,2,13,233
2002,1,2,14,272
2002,1,2,15,281
2002,1,2,16,257
2002,1,2,17,257
2002,1,2,18,261
2002,1,2,19,303
2002,1,2,20,277
2002,1,2,21,256
2002,1,2,22,251
2002,1,2,23,199
2002,1,3,0,670
2002,1,3,1,234
2002,1,3,2,184
2002,1,3,3,155
2002,1,3,4,99
2002,1,3,5,85
2002,1,3,6,79
2002,1,3,7,195
2002,1,3,8,265
2002,1,3,9,317
2002,1,3,10,272
2002,1,3,11,280
2002,1,3,12,442
2002,1,3,13,300
2002,1,3,14,367
2002,1,3,15,356
2002,1,3,16,323
2002,1,3,17,335
2002,1,3,18,354
2002,1,3,19,365
2002,1,3,20,371
2002,1,3,21,323
2002,1,3,22,311
2002,1,3,23,255
2002,1,4,0,310
2002,1,4,1,156
2002,1,4,2,123
2002,1,4,3,89
2002,1,4,4,84
2002,1,4,5,46
2002,1,4,6,78
2002,1,4,7,165
2002,1,4,8,209
2002,1,4,9,282
2002,1,4,10,239
2002,1,4,11,290
2002,1,4,12,394
2002,1,4,13,319
2002,1,4,14,321
2002,1,4,15,356
2002,1,4,16,342
2002,1,4,17,314
2002,1,4,18,335
2002,1,4,19,359
2002,1,4,20,403
2002,1,4,21,334
2002,1,4,22,298
2002,1,4,23,239
2002,1,5,0,298
2002,1,5,1,136
2002,1,5,2,90
2002,1,5,3,95
2002,1,5,4,63
2002,1,5,5,64
2002,1,5,6,93
2002,1,5,7,120
2002,1,5,8,193
2002,1,5,9,223
2002,1,5,10,279
2002,1,5,11,284
2002,1,5,12,370
2002,1,5,13,289
2002,1,5,14,370
2002,1,5,15,365
2002,1,5,16,321
2002,1,5,17,287
2002,1,5,18,382
2002,1,5,19,324
2002,1,5,20,359
2002,1,5,21,319
2002,1,5,22,327
2002,1,5,23,251
2002,1,6,0,234
2002,1,6,1,142
2002,1,6,2,108
2002,1,6,3,59
2002,1,6,4,60
2002,1,6,5,64
2002,1,6,6,65
2002,1,6,7,117
2002,1,6,8,187
2002,1,6,9,173
2002,1,6,10,195
2002,1,6,11,239
2002,1,6,12,276
2002,1,6,13,258
2002,1,6,14,294
2002,1,6,15,313
2002,1,6,16,263
2002,1,6,17,290
2002,1,6,18,291
2002,1,6,19,338
2002,1,6,20,298
2002,1,6,21,284
2002,1,6,22,314
2002,1,6,23,264
2002,1,7,0,294
2002,1,7,1,219
2002,1,7,2,185
2002,1,7,3,142
2002,1,7,4,112
2002,1,7,5,84
2002,1,7,6,58
2002,1,7,7,75
2002,1,7,8,121
2002,1,7,9,162
2002,1,7,10,227
2002,1,7,11,223
2002,1,7,12,260
2002,1,7,13,272
2002,1,7,14,218
2002,1,7,15,234
2002,1,7,16,218
2002,1,7,17,215
2002,1,7,18,275
2002,1,7,19,273
2002,1,7,20,300
2002,1,7,21,306
2002,1,7,22,282
2002,1,7,23,258
2002,2,1,0,251
2002,2,1,1,217
2002,2,1,2,194
2002,2,1,3,183
2002,2,1,4,130
2002,2,1,5,83
2002,2,1,6,64
2002,2,1,7,70
2002,2,1,8,97
2002,2,1,9,144
2002,2,1,10,196
2002,2,1,11,186
2002,2,1,12,212
2002,2,1,13,177
2002,2,1,14,193
2002,2,1,15,219
2002,2,1,16,210
2002,2,1,17,217
2002,2,1,18,207
2002,2,1,19,237
2002,2,1,20,257
2002,2,1,21,235
2002,2,1,22,237
2002,2,1,23,186
2002,2,2,0,221
2002,2,2,1,114
2002,2,2,2,92
2002,2,2,3,71
2002,2,2,4,56
2002,2,2,5,46
2002,2,2,6,44
2002,2,2,7,104
2002,2,2,8,189
2002,2,2,9,206
2002,2,2,10,238
2002,2,2,11,201
2002,2,2,12,274
2002,2,2,13,211
2002,2,2,14,271
2002,2,2,15,299
2002,2,2,16,259
2002,2,2,17,260
2002,2,2,18,258
2002,2,2,19,275
2002,2,2,20,292
2002,2,2,21,282
2002,2,2,22,251
2002,2,2,23,220
2002,2,3,0,216
2002,2,3,1,107
2002,2,3,2,88
2002,2,3,3,70
2002,2,3,4,46
2002,2,3,5,62
2002,2,3,6,67
2002,2,3,7,107
2002,2,3,8,180
2002,2,3,9,205
2002,2,3,10,210
2002,2,3,11,235
2002,2,3,12,289
2002,2,3,13,256
2002,2,3,14,296
2002,2,3,15,268
2002,2,3,16,234
2002,2,3,17,240
2002,2,3,18,284
2002,2,3,19,291
2002,2,3,20,277
2002,2,3,21,266
2002,2,3,22,258
2002,2,3,23,209
2002,2,4,0,210
2002,2,4,1,102
2002,2,4,2,104
2002,2,4,3,61
2002,2,4,4,47
2002,2,4,5,45
2002,2,4,6,72
2002,2,4,7,122
2002,2,4,8,173
2002,2,4,9,248
2002,2,4,10,247
2002,2,4,11,194
2002,2,4,12,287
2002,2,4,13,281
2002,2,4,14,297
2002,2,4,15,275
2002,2,4,16,223
2002,2,4,17,239
2002,2,4,18,260
2002,2,4,19,283
2002,2,4,20,284
2002,2,4,21,261
2002,2,4,22,280
2002,2,4,23,202
2002,2,5,0,213
2002,2,5,1,113
2002,2,5,2,85
2002,2,5,3,72
2002,2,5,4,64
2002,2,5,5,48
2002,2,5,6,64
2002,2,5,7,135
2002,2,5,8,215
2002,2,5,9,256
2002,2,5,10,233
2002,2,5,11,262
2002,2,5,12,292
2002,2,5,13,252
2002,2,5,14,296
2002,2,5,15,275
2002,2,5,16,253
2002,2,5,17,226
2002,2,5,18,271
2002,2,5,19,270
2002,2,5,20,285
2002,2,5,21,273
2002,2,5,22,248
2002,2,5,23,188
2002,2,6,0,312
2002,2,6,1,120
2002,2,6,2,108
2002,2,6,3,73
2002,2,6,4,56
2002,2,6,5,57
2002,2,6,6,65
2002,2,6,7,133
2002,2,6,8,186
2002,2,6,9,263
2002,2,6,10,258
2002,2,6,11,217
2002,2,6,12,324
2002,2,6,13,276
2002,2,6,14,305
2002,2,6,15,277
2002,2,6,16,250
2002,2,6,17,288
2002,2,6,18,312
2002,2,6,19,295
2002,2,6,20,312
2002,2,6,21,314
2002,2,6,22,292
2002,2,6,23,254
2002,2,7,0,287
2002,2,7,1,216
2002,2,7,2,169
2002,2,7,3,167
2002,2,7,4,109
2002,2,7,5,69
2002,2,7,6,67
2002,2,7,7,57
2002,2,7,8,139
2002,2,7,9,160
2002,2,7,10,204
2002,2,7,11,224
2002,2,7,12,282
2002,2,7,13,226
2002,2,7,14,213
2002,2,7,15,249
2002,2,7,16,224
2002,2,7,17,264
2002,2,7,18,257
2002,2,7,19,265
2002,2,7,20,306
2002,2,7,21,272
2002,2,7,22,308
2002,2,7,23,244
2002,3,1,0,346
2002,3,1,1,210
2002,3,1,2,223
2002,3,1,3,201
2002,3,1,4,157
2002,3,1,5,90
2002,3,1,6,81
2002,3,1,7,79
2002,3,1,8,134
2002,3,1,9,164
2002,3,1,10,214
2002,3,1,11,223
2002,3,1,12,270
2002,3,1,13,236
2002,3,1,14,280
2002,3,1,15,264
2002,3,1,16,263
2002,3,1,17,283
2002,3,1,18,285
2002,3,1,19,303
2002,3,1,20,333
2002,3,1,21,330
2002,3,1,22,282
2002,3,1,23,239
2002,3,2,0,207
2002,3,2,1,120
2002,3,2,2,93
2002,3,2,3,81
2002,3,2,4,54
2002,3,2,5,45
2002,3,2,6,72
2002,3,2,7,109
2002,3,2,8,187
2002,3,2,9,199
2002,3,2,10,215
2002,3,2,11,222
2002,3,2,12,272
2002,3,2,13,251
2002,3,2,14,269
2002,3,2,15,250
2002,3,2,16,258
2002,3,2,17,247
2002,3,2,18,248
2002,3,2,19,302
2002,3,2,20,274
2002,3,2,21,247
2002,3,2,22,232
2002,3,2,23,195
2002,3,3,0,217
2002,3,3,1,121
2002,3,3,2,100
2002,3,3,3,64
2002,3,3,4,49
2002,3,3,5,59
2002,3,3,6,66
2002,3,3,7,113
2002,3,3,8,180
2002,3,3,9,236
2002,3,3,10,230
2002,3,3,11,233
2002,3,3,12,309
2002,3,3,13,255
2002,3,3,14,300
2002,3,3,15,272
2002,3,3,16,248
2002,3,3,17,261
2002,3,3,18,269
2002,3,3,19,270
2002,3,3,20,312
2002,3,3,21,267
2002,3,3,22,244
2002,3,3,23,160
2002,3,4,0,217
2002,3,4,1,117
2002,3,4,2,102
2002,3,4,3,69
2002,3,4,4,57
2002,3,4,5,51
2002,3,4,6,66
2002,3,4,7,152
2002,3,4,8,205
2002,3,4,9,273
2002,3,4,10,254
2002,3,4,11,240
2002,3,4,12,293
2002,3,4,13,283
2002,3,4,14,304
2002,3,4,15,290
2002,3,4,16,295
2002,3,4,17,294
2002,3,4,18,301
2002,3,4,19,312
2002,3,4,20,306
2002,3,4,21,325
2002,3,4,22,273
2002,3,4,23,199
2002,3,5,0,243
2002,3,5,1,120
2002,3,5,2,114
2002,3,5,3,92
2002,3,5,4,68
2002,3,5,5,49
2002,3,5,6,88
2002,3,5,7,108
2002,3,5,8,205
2002,3,5,9,223
2002,3,5,10,238
2002,3,5,11,229
2002,3,5,12,313
2002,3,5,13,257
2002,3,5,14,315
2002,3,5,15,316
2002,3,5,16,293
2002,3,5,17,256
2002,3,5,18,281
2002,3,5,19,318
2002,3,5,20,299
2002,3,5,21,298
2002,3,5,22,277
2002,3,5,23,250
2002,3,6,0,421
2002,3,6,1,177
2002,3,6,2,131
2002,3,6,3,106
2002,3,6,4,77
2002,3,6,5,74
2002,3,6,6,83
2002,3,6,7,140
2002,3,6,8,251
2002,3,6,9,315
2002,3,6,10,299
2002,3,6,11,317
2002,3,6,12,435
2002,3,6,13,313
2002,3,6,14,378
2002,3,6,15,350
2002,3,6,16,375
2002,3,6,17,371
2002,3,6,18,392
2002,3,6,19,407
2002,3,6,20,412
2002,3,6,21,422
2002,3,6,22,405
2002,3,6,23,314
2002,3,7,0,380
2002,3,7,1,267
2002,3,7,2,243
2002,3,7,3,163
2002,3,7,4,130
2002,3,7,5,94
2002,3,7,6,77
2002,3,7,7,87
2002,3,7,8,166
2002,3,7,9,197
2002,3,7,10,290
2002,3,7,11,266
2002,3,7,12,332
2002,3,7,13,323
2002,3,7,14,264
2002,3,7,15,285
2002,3,7,16,279
2002,3,7,17,321
2002,3,7,18,312
2002,3,7,19,328
2002,3,7,20,355
2002,3,7,21,324
2002,3,7,22,335
2002,3,7,23,303
2002,4,1,0,283
2002,4,1,1,185
2002,4,1,2,140
2002,4,1,3,195
2002,4,1,4,116
2002,4,1,5,95
2002,4,1,6,75
2002,4,1,7,59
2002,4,1,8,94
2002,4,1,9,131
2002,4,1,10,181
2002,4,1,11,182
2002,4,1,12,228
2002,4,1,13,200
2002,4,1,14,205
2002,4,1,15,218
2002,4,1,16,225
2002,4,1,17,245
2002,4,1,18,250
2002,4,1,19,251
2002,4,1,20,275
2002,4,1,21,289
2002,4,1,22,312
2002,4,1,23,226
2002,4,2,0,435
2002,4,2,1,213
2002,4,2,2,151
2002,4,2,3,100
2002,4,2,4,83
2002,4,2,5,77
2002,4,2,6,81
2002,4,2,7,161
2002,4,2,8,291
2002,4,2,9,376
2002,4,2,10,323
2002,4,2,11,267
2002,4,2,12,409
2002,4,2,13,356
2002,4,2,14,390
2002,4,2,15,308
2002,4,2,16,357
2002,4,2,17,399
2002,4,2,18,370
2002,4,2,19,371
2002,4,2,20,383
2002,4,2,21,387
2002,4,2,22,335
2002,4,2,23,279
2002,4,3,0,332
2002,4,3,1,184
2002,4,3,2,132
2002,4,3,3,107
2002,4,3,4,67
2002,4,3,5,71
2002,4,3,6,115
2002,4,3,7,167
2002,4,3,8,249
2002,4,3,9,325
2002,4,3,10,294
2002,4,3,11,269
2002,4,3,12,370
2002,4,3,13,299
2002,4,3,14,356
2002,4,3,15,368
2002,4,3,16,332
2002,4,3,17,346
2002,4,3,18,381
2002,4,3,19,399
2002,4,3,20,400
2002,4,3,21,382
2002,4,3,22,386
2002,4,3,23,286
2002,4,4,0,262
2002,4,4,1,179
2002,4,4,2,123
2002,4,4,3,90
2002,4,4,4,58
2002,4,4,5,55
2002,4,4,6,80
2002,4,4,7,124
2002,4,4,8,190
2002,4,4,9,248
2002,4,4,10,245
2002,4,4,11,220
2002,4,4,12,299
2002,4,4,13,273
2002,4,4,14,318
2002,4,4,15,314
2002,4,4,16,239
2002,4,4,17,292
2002,4,4,18,326
2002,4,4,19,300
2002,4,4,20,331
2002,4,4,21,325
2002,4,4,22,286
2002,4,4,23,248
2002,4,5,0,269
2002,4,5,1,165
2002,4,5,2,135
2002,4,5,3,77
2002,4,5,4,69
2002,4,5,5,58
2002,4,5,6,71
2002,4,5,7,120
2002,4,5,8,203
2002,4,5,9,221
2002,4,5,10,227
2002,4,5,11,242
2002,4,5,12,320
2002,4,5,13,269
2002,4,5,14,276
2002,4,5,15,257
2002,4,5,16,283
2002,4,5,17,291
2002,4,5,18,270
2002,4,5,19,332
2002,4,5,20,373
2002,4,5,21,345
2002,4,5,22,350
2002,4,5,23,238
2002,4,6,0,275
2002,4,6,1,174
2002,4,6,2,140
2002,4,6,3,105
2002,4,6,4,81
2002,4,6,5,71
2002,4,6,6,97
2002,4,6,7,116
2002,4,6,8,216
2002,4,6,9,212
2002,4,6,10,235
2002,4,6,11,239
2002,4,6,12,291
2002,4,6,13,285
2002,4,6,14,301
2002,4,6,15,297
2002,4,6,16,275
2002,4,6,17,306
2002,4,6,18,345
2002,4,6,19,345
2002,4,6,20,335
2002,4,6,21,317
2002,4,6,22,323
2002,4,6,23,295
2002,4,7,0,310
2002,4,7,1,184
2002,4,7,2,190
2002,4,7,3,130
2002,4,7,4,103
2002,4,7,5,77
2002,4,7,6,64
2002,4,7,7,83
2002,4,7,8,145
2002,4,7,9,215
2002,4,7,10,239
2002,4,7,11,271
2002,4,7,12,284
2002,4,7,13,219
2002,4,7,14,237
2002,4,7,15,268
2002,4,7,16,259
2002,4,7,17,280
2002,4,7,18,265
2002,4,7,19,277
2002,4,7,20,306
2002,4,7,21,313
2002,4,7,22,290
2002,4,7,23,287
2002,5,1,0,333
2002,5,1,1,229
2002,5,1,2,202
2002,5,1,3,192
2002,5,1,4,123
2002,5,1,5,97
2002,5,1,6,80
2002,5,1,7,75
2002,5,1,8,100
2002,5,1,9,148
2002,5,1,10,188
2002,5,1,11,190
2002,5,1,12,253
2002,5,1,13,231
2002,5,1,14,181
2002,5,1,15,221
2002,5,1,16,224
2002,5,1,17,235
2002,5,1,18,264
2002,5,1,19,261
2002,5,1,20,325
2002,5,1,21,305
2002,5,1,22,290
2002,5,1,23,274
2002,5,2,0,342
2002,5,2,1,168
2002,5,2,2,111
2002,5,2,3,111
2002,5,2,4,63
2002,5,2,5,67
2002,5,2,6,80
2002,5,2,7,136
2002,5,2,8,185
2002,5,2,9,230
2002,5,2,10,199
2002,5,2,11,209
2002,5,2,12,281
2002,5,2,13,230
2002,5,2,14,296
2002,5,2,15,263
2002,5,2,16,274
2002,5,2,17,306
2002,5,2,18,300
2002,5,2,19,313
2002,5,2,20,314
2002,5,2,21,314
2002,5,2,22,321
2002,5,2,23,251
2002,5,3,0,305
2002,5,3,1,138
2002,5,3,2,135
2002,5,3,3,94
2002,5,3,4,71
2002,5,3,5,56
2002,5,3,6,89
2002,5,3,7,144
2002,5,3,8,229
2002,5,3,9,233
2002,5,3,10,247
2002,5,3,11,275
2002,5,3,12,292
2002,5,3,13,287
2002,5,3,14,340
2002,5,3,15,310
2002,5,3,16,272
2002,5,3,17,290
2002,5,3,18,325
2002,5,3,19,330
2002,5,3,20,344
2002,5,3,21,324
2002,5,3,22,281
2002,5,3,23,241
2002,5,4,0,422
2002,5,4,1,158
2002,5,4,2,128
2002,5,4,3,98
2002,5,4,4,107
2002,5,4,5,81
2002,5,4,6,121
2002,5,4,7,157
2002,5,4,8,253
2002,5,4,9,343
2002,5,4,10,312
2002,5,4,11,314
2002,5,4,12,414
2002,5,4,13,371
2002,5,4,14,369
2002,5,4,15,365
2002,5,4,16,345
2002,5,4,17,402
2002,5,4,18,435
2002,5,4,19,447
2002,5,4,20,395
2002,5,4,21,424
2002,5,4,22,426
2002,5,4,23,338
2002,5,5,0,353
2002,5,5,1,182
2002,5,5,2,152
2002,5,5,3,108
2002,5,5,4,87
2002,5,5,5,80
2002,5,5,6,122
2002,5,5,7,173
2002,5,5,8,266
2002,5,5,9,342
2002,5,5,10,299
2002,5,5,11,331
2002,5,5,12,408
2002,5,5,13,316
2002,5,5,14,392
2002,5,5,15,385
2002,5,5,16,360
2002,5,5,17,362
2002,5,5,18,384
2002,5,5,19,424
2002,5,5,20,395
2002,5,5,21,386
2002,5,5,22,383
2002,5,5,23,321
2002,5,6,0,357
2002,5,6,1,198
2002,5,6,2,163
2002,5,6,3,115
2002,5,6,4,98
2002,5,6,5,87
2002,5,6,6,97
2002,5,6,7,194
2002,5,6,8,277
2002,5,6,9,299
2002,5,6,10,300
2002,5,6,11,322
2002,5,6,12,433
2002,5,6,13,359
2002,5,6,14,433
2002,5,6,15,386
2002,5,6,16,395
2002,5,6,17,393
2002,5,6,18,469
2002,5,6,19,425
2002,5,6,20,356
2002,5,6,21,367
2002,5,6,22,424
2002,5,6,23,355
2002,5,7,0,347
2002,5,7,1,226
2002,5,7,2,214
2002,5,7,3,145
2002,5,7,4,134
2002,5,7,5,84
2002,5,7,6,98
2002,5,7,7,88
2002,5,7,8,129
2002,5,7,9,166
2002,5,7,10,197
2002,5,7,11,233
2002,5,7,12,274
2002,5,7,13,235
2002,5,7,14,230
2002,5,7,15,240
2002,5,7,16,247
2002,5,7,17,279
2002,5,7,18,290
2002,5,7,19,289
2002,5,7,20,302
2002,5,7,21,294
2002,5,7,22,293
2002,5,7,23,304
2002,6,1,0,488
2002,6,1,1,366
2002,6,1,2,355
2002,6,1,3,304
2002,6,1,4,221
2002,6,1,5,137
2002,6,1,6,105
2002,6,1,7,109
2002,6,1,8,137
2002,6,1,9,205
2002,6,1,10,243
2002,6,1,11,231
2002,6,1,12,330
2002,6,1,13,267
2002,6,1,14,285
2002,6,1,15,302
2002,6,1,16,311
2002,6,1,17,335
2002,6,1,18,396
2002,6,1,19,396
2002,6,1,20,393
2002,6,1,21,394
2002,6,1,22,422
2002,6,1,23,361
2002,6,2,0,338
2002,6,2,1,175
2002,6,2,2,136
2002,6,2,3,108
2002,6,2,4,86
2002,6,2,5,89
2002,6,2,6,94
2002,6,2,7,133
2002,6,2,8,219
2002,6,2,9,233
2002,6,2,10,239
2002,6,2,11,231
2002,6,2,12,277
2002,6,2,13,272
2002,6,2,14,283
2002,6,2,15,292
2002,6,2,16,268
2002,6,2,17,245
2002,6,2,18,312
2002,6,2,19,316
2002,6,2,20,297
2002,6,2,21,316
2002,6,2,22,319
2002,6,2,23,277
2002,6,3,0,271
2002,6,3,1,161
2002,6,3,2,128
2002,6,3,3,107
2002,6,3,4,85
2002,6,3,5,59
2002,6,3,6,86
2002,6,3,7,155
2002,6,3,8,184
2002,6,3,9,239
2002,6,3,10,223
2002,6,3,11,247
2002,6,3,12,326
2002,6,3,13,291
2002,6,3,14,305
2002,6,3,15,256
2002,6,3,16,269
2002,6,3,17,308
2002,6,3,18,352
2002,6,3,19,340
2002,6,3,20,348
2002,6,3,21,348
2002,6,3,22,346
2002,6,3,23,264
2002,6,4,0,289
2002,6,4,1,164
2002,6,4,2,138
2002,6,4,3,94
2002,6,4,4,74
2002,6,4,5,76
2002,6,4,6,100
2002,6,4,7,143
2002,6,4,8,209
2002,6,4,9,217
2002,6,4,10,209
2002,6,4,11,226
2002,6,4,12,314
2002,6,4,13,286
2002,6,4,14,290
2002,6,4,15,292
2002,6,4,16,265
2002,6,4,17,302
2002,6,4,18,328
2002,6,4,19,355
2002,6,4,20,341
2002,6,4,21,370
2002,6,4,22,317
2002,6,4,23,286
2002,6,5,0,304
2002,6,5,1,154
2002,6,5,2,150
2002,6,5,3,114
2002,6,5,4,95
2002,6,5,5,62
2002,6,5,6,99
2002,6,5,7,126
2002,6,5,8,221
2002,6,5,9,240
2002,6,5,10,223
2002,6,5,11,258
2002,6,5,12,313
2002,6,5,13,259
2002,6,5,14,285
2002,6,5,15,272
2002,6,5,16,265
2002,6,5,17,277
2002,6,5,18,307
2002,6,5,19,342
2002,6,5,20,352
2002,6,5,21,330
2002,6,5,22,355
2002,6,5,23,281
2002,6,6,0,319
2002,6,6,1,158
2002,6,6,2,132
2002,6,6,3,100
2002,6,6,4,90
2002,6,6,5,75
2002,6,6,6,77
2002,6,6,7,145
2002,6,6,8,204
2002,6,6,9,224
2002,6,6,10,260
2002,6,6,11,217
2002,6,6,12,311
2002,6,6,13,252
2002,6,6,14,242
2002,6,6,15,289
2002,6,6,16,287
2002,6,6,17,262
2002,6,6,18,338
2002,6,6,19,303
2002,6,6,20,316
2002,6,6,21,353
2002,6,6,22,384
2002,6,6,23,349
2002,6,7,0,533
2002,6,7,1,339
2002,6,7,2,287
2002,6,7,3,238
2002,6,7,4,177
2002,6,7,5,112
2002,6,7,6,115
2002,6,7,7,119
2002,6,7,8,167
2002,6,7,9,272
2002,6,7,10,327
2002,6,7,11,360
2002,6,7,12,405
2002,6,7,13,314
2002,6,7,14,313
2002,6,7,15,346
2002,6,7,16,344
2002,6,7,17,327
2002,6,7,18,347
2002,6,7,19,419
2002,6,7,20,363
2002,6,7,21,379
2002,6,7,22,428
2002,6,7,23,407
2002,7,1,0,396
2002,7,1,1,287
2002,7,1,2,285
2002,7,1,3,238
2002,7,1,4,170
2002,7,1,5,111
2002,7,1,6,94
2002,7,1,7,81
2002,7,1,8,123
2002,7,1,9,173
2002,7,1,10,169
2002,7,1,11,197
2002,7,1,12,243
2002,7,1,13,224
2002,7,1,14,223
2002,7,1,15,248
2002,7,1,16,252
2002,7,1,17,271
2002,7,1,18,312
2002,7,1,19,277
2002,7,1,20,343
2002,7,1,21,349
2002,7,1,22,358
2002,7,1,23,302
2002,7,2,0,497
2002,7,2,1,273
2002,7,2,2,183
2002,7,2,3,162
2002,7,2,4,122
2002,7,2,5,102
2002,7,2,6,126
2002,7,2,7,183
2002,7,2,8,255
2002,7,2,9,341
2002,7,2,10,321
2002,7,2,11,316
2002,7,2,12,450
2002,7,2,13,393
2002,7,2,14,300
2002,7,2,15,389
2002,7,2,16,360
2002,7,2,17,367
2002,7,2,18,448
2002,7,2,19,435
2002,7,2,20,442
2002,7,2,21,448
2002,7,2,22,479
2002,7,2,23,385
2002,7,3,0,381
2002,7,3,1,263
2002,7,3,2,191
2002,7,3,3,132
2002,7,3,4,103
2002,7,3,5,105
2002,7,3,6,125
2002,7,3,7,170
2002,7,3,8,257
2002,7,3,9,286
2002,7,3,10,291
2002,7,3,11,309
2002,7,3,12,376
2002,7,3,13,321
2002,7,3,14,337
2002,7,3,15,356
2002,7,3,16,368
2002,7,3,17,417
2002,7,3,18,451
2002,7,3,19,439
2002,7,3,20,447
2002,7,3,21,459
2002,7,3,22,440
2002,7,3,23,365
2002,7,4,0,400
2002,7,4,1,218
2002,7,4,2,191
2002,7,4,3,157
2002,7,4,4,111
2002,7,4,5,103
2002,7,4,6,121
2002,7,4,7,194
2002,7,4,8,227
2002,7,4,9,262
2002,7,4,10,245
2002,7,4,11,303
2002,7,4,12,414
2002,7,4,13,322
2002,7,4,14,337
2002,7,4,15,376
2002,7,4,16,364
2002,7,4,17,375
2002,7,4,18,392
2002,7,4,19,459
2002,7,4,20,419
2002,7,4,21,445
2002,7,4,22,401
2002,7,4,23,384
2002,7,5,0,306
2002,7,5,1,229
2002,7,5,2,182
2002,7,5,3,155
2002,7,5,4,103
2002,7,5,5,81
2002,7,5,6,80
2002,7,5,7,122
2002,7,5,8,168
2002,7,5,9,210
2002,7,5,10,265
2002,7,5,11,257
2002,7,5,12,309
2002,7,5,13,251
2002,7,5,14,266
2002,7,5,15,271
2002,7,5,16,255
2002,7,5,17,288
2002,7,5,18,315
2002,7,5,19,329
2002,7,5,20,326
2002,7,5,21,306
2002,7,5,22,394
2002,7,5,23,292
2002,7,6,0,353
2002,7,6,1,257
2002,7,6,2,174
2002,7,6,3,158
2002,7,6,4,95
2002,7,6,5,86
2002,7,6,6,95
2002,7,6,7,133
2002,7,6,8,169
2002,7,6,9,229
2002,7,6,10,234
2002,7,6,11,258
2002,7,6,12,317
2002,7,6,13,287
2002,7,6,14,283
2002,7,6,15,317
2002,7,6,16,267
2002,7,6,17,337
2002,7,6,18,326
2002,7,6,19,332
2002,7,6,20,323
2002,7,6,21,347
2002,7,6,22,390
2002,7,6,23,346
2002,7,7,0,372
2002,7,7,1,287
2002,7,7,2,254
2002,7,7,3,239
2002,7,7,4,171
2002,7,7,5,96
2002,7,7,6,78
2002,7,7,7,106
2002,7,7,8,144
2002,7,7,9,200
2002,7,7,10,229
2002,7,7,11,237
2002,7,7,12,264
2002,7,7,13,275
2002,7,7,14,262
2002,7,7,15,270
2002,7,7,16,267
2002,7,7,17,290
2002,7,7,18,307
2002,7,7,19,308
2002,7,7,20,299
2002,7,7,21,316
2002,7,7,22,423
2002,7,7,23,334
2002,8,1,0,383
2002,8,1,1,249
2002,8,1,2,240
2002,8,1,3,240
2002,8,1,4,184
2002,8,1,5,130
2002,8,1,6,71
2002,8,1,7,82
2002,8,1,8,113
2002,8,1,9,161
2002,8,1,10,171
2002,8,1,11,212
2002,8,1,12,273
2002,8,1,13,215
2002,8,1,14,237
2002,8,1,15,232
2002,8,1,16,251
2002,8,1,17,284
2002,8,1,18,272
2002,8,1,19,293
2002,8,1,20,351
2002,8,1,21,367
2002,8,1,22,338
2002,8,1,23,267
2002,8,2,0,324
2002,8,2,1,159
2002,8,2,2,145
2002,8,2,3,101
2002,8,2,4,87
2002,8,2,5,77
2002,8,2,6,94
2002,8,2,7,134
2002,8,2,8,177
2002,8,2,9,220
2002,8,2,10,205
2002,8,2,11,244
2002,8,2,12,300
2002,8,2,13,277
2002,8,2,14,306
2002,8,2,15,295
2002,8,2,16,264
2002,8,2,17,315
2002,8,2,18,310
2002,8,2,19,350
2002,8,2,20,310
2002,8,2,21,307
2002,8,2,22,346
2002,8,2,23,310
2002,8,3,0,324
2002,8,3,1,185
2002,8,3,2,150
2002,8,3,3,104
2002,8,3,4,80
2002,8,3,5,65
2002,8,3,6,82
2002,8,3,7,132
2002,8,3,8,184
2002,8,3,9,205
2002,8,3,10,207
2002,8,3,11,276
2002,8,3,12,300
2002,8,3,13,289
2002,8,3,14,285
2002,8,3,15,264
2002,8,3,16,287
2002,8,3,17,342
2002,8,3,18,345
2002,8,3,19,340
2002,8,3,20,352
2002,8,3,21,347
2002,8,3,22,330
2002,8,3,23,233
2002,8,4,0,301
2002,8,4,1,172
2002,8,4,2,138
2002,8,4,3,89
2002,8,4,4,81
2002,8,4,5,58
2002,8,4,6,84
2002,8,4,7,128
2002,8,4,8,206
2002,8,4,9,199
2002,8,4,10,213
2002,8,4,11,228
2002,8,4,12,292
2002,8,4,13,272
2002,8,4,14,253
2002,8,4,15,274
2002,8,4,16,295
2002,8,4,17,299
2002,8,4,18,331
2002,8,4,19,337
2002,8,4,20,345
2002,8,4,21,360
2002,8,4,22,348
2002,8,4,23,277
2002,8,5,0,503
2002,8,5,1,263
2002,8,5,2,178
2002,8,5,3,118
2002,8,5,4,103
2002,8,5,5,84
2002,8,5,6,114
2002,8,5,7,178
2002,8,5,8,228
2002,8,5,9,295
2002,8,5,10,271
2002,8,5,11,294
2002,8,5,12,420
2002,8,5,13,342
2002,8,5,14,311
2002,8,5,15,329
2002,8,5,16,314
2002,8,5,17,328
2002,8,5,18,440
2002,8,5,19,402
2002,8,5,20,421
2002,8,5,21,413
2002,8,5,22,409
2002,8,5,23,377
2002,8,6,0,445
2002,8,6,1,241
2002,8,6,2,213
2002,8,6,3,175
2002,8,6,4,121
2002,8,6,5,99
2002,8,6,6,143
2002,8,6,7,129
2002,8,6,8,217
2002,8,6,9,278
2002,8,6,10,260
2002,8,6,11,294
2002,8,6,12,408
2002,8,6,13,313
2002,8,6,14,365
2002,8,6,15,336
2002,8,6,16,359
2002,8,6,17,382
2002,8,6,18,404
2002,8,6,19,423
2002,8,6,20,371
2002,8,6,21,431
2002,8,6,22,447
2002,8,6,23,422
2002,8,7,0,469
2002,8,7,1,317
2002,8,7,2,314
2002,8,7,3,242
2002,8,7,4,178
2002,8,7,5,142
2002,8,7,6,116
2002,8,7,7,127
2002,8,7,8,158
2002,8,7,9,217
2002,8,7,10,282
2002,8,7,11,280
2002,8,7,12,352
2002,8,7,13,286
2002,8,7,14,323
2002,8,7,15,346
2002,8,7,16,340
2002,8,7,17,325
2002,8,7,18,373
2002,8,7,19,350
2002,8,7,20,400
2002,8,7,21,411
2002,8,7,22,454
2002,8,7,23,442
2002,9,1,0,558
2002,9,1,1,347
2002,9,1,2,315
2002,9,1,3,265
2002,9,1,4,199
2002,9,1,5,143
2002,9,1,6,112
2002,9,1,7,93
2002,9,1,8,166
2002,9,1,9,248
2002,9,1,10,247
2002,9,1,11,288
2002,9,1,12,369
2002,9,1,13,279
2002,9,1,14,263
2002,9,1,15,286
2002,9,1,16,337
2002,9,1,17,314
2002,9,1,18,375
2002,9,1,19,351
2002,9,1,20,400
2002,9,1,21,417
2002,9,1,22,415
2002,9,1,23,335
2002,9,2,0,339
2002,9,2,1,169
2002,9,2,2,154
2002,9,2,3,116
2002,9,2,4,96
2002,9,2,5,91
2002,9,2,6,96
2002,9,2,7,190
2002,9,2,8,265
2002,9,2,9,314
2002,9,2,10,279
2002,9,2,11,281
2002,9,2,12,387
2002,9,2,13,272
2002,9,2,14,345
2002,9,2,15,333
2002,9,2,16,328
2002,9,2,17,356
2002,9,2,18,437
2002,9,2,19,372
2002,9,2,20,414
2002,9,2,21,394
2002,9,2,22,442
2002,9,2,23,314
2002,9,3,0,272
2002,9,3,1,149
2002,9,3,2,110
2002,9,3,3,92
2002,9,3,4,62
2002,9,3,5,70
2002,9,3,6,90
2002,9,3,7,161
2002,9,3,8,229
2002,9,3,9,284
2002,9,3,10,257
2002,9,3,11,248
2002,9,3,12,295
2002,9,3,13,256
2002,9,3,14,288
2002,9,3,15,300
2002,9,3,16,254
2002,9,3,17,282
2002,9,3,18,325
2002,9,3,19,335
2002,9,3,20,330
2002,9,3,21,322
2002,9,3,22,311
2002,9,3,23,246
2002,9,4,0,307
2002,9,4,1,127
2002,9,4,2,108
2002,9,4,3,98
2002,9,4,4,63
2002,9,4,5,78
2002,9,4,6,93
2002,9,4,7,133
2002,9,4,8,216
2002,9,4,9,221
2002,9,4,10,259
2002,9,4,11,228
2002,9,4,12,304
2002,9,4,13,268
2002,9,4,14,276
2002,9,4,15,303
2002,9,4,16,255
2002,9,4,17,283
2002,9,4,18,324
2002,9,4,19,331
2002,9,4,20,350
2002,9,4,21,350
2002,9,4,22,350
2002,9,4,23,236
2002,9,5,0,250
2002,9,5,1,146
2002,9,5,2,142
2002,9,5,3,102
2002,9,5,4,79
2002,9,5,5,64
2002,9,5,6,75
2002,9,5,7,141
2002,9,5,8,229
2002,9,5,9,242
2002,9,5,10,234
2002,9,5,11,217
2002,9,5,12,300
2002,9,5,13,253
2002,9,5,14,339
2002,9,5,15,344
2002,9,5,16,303
2002,9,5,17,297
2002,9,5,18,327
2002,9,5,19,277
2002,9,5,20,320
2002,9,5,21,307
2002,9,5,22,330
2002,9,5,23,251
2002,9,6,0,332
2002,9,6,1,155
2002,9,6,2,154
2002,9,6,3,91
2002,9,6,4,82
2002,9,6,5,83
2002,9,6,6,84
2002,9,6,7,141
2002,9,6,8,224
2002,9,6,9,256
2002,9,6,10,243
2002,9,6,11,207
2002,9,6,12,307
2002,9,6,13,268
2002,9,6,14,338
2002,9,6,15,335
2002,9,6,16,290
2002,9,6,17,289
2002,9,6,18,381
2002,9,6,19,354
2002,9,6,20,397
2002,9,6,21,372
2002,9,6,22,369
2002,9,6,23,339
2002,9,7,0,351
2002,9,7,1,252
2002,9,7,2,209
2002,9,7,3,199
2002,9,7,4,138
2002,9,7,5,103
2002,9,7,6,81
2002,9,7,7,113
2002,9,7,8,135
2002,9,7,9,174
2002,9,7,10,226
2002,9,7,11,216
2002,9,7,12,243
2002,9,7,13,229
2002,9,7,14,272
2002,9,7,15,283
2002,9,7,16,252
2002,9,7,17,260
2002,9,7,18,284
2002,9,7,19,303
2002,9,7,20,354
2002,9,7,21,326
2002,9,7,22,361
2002,9,7,23,332
2002,10,1,0,366
2002,10,1,1,291
2002,10,1,2,210
2002,10,1,3,197
2002,10,1,4,160
2002,10,1,5,80
2002,10,1,6,79
2002,10,1,7,74
2002,10,1,8,90
2002,10,1,9,146
2002,10,1,10,193
2002,10,1,11,190
2002,10,1,12,248
2002,10,1,13,187
2002,10,1,14,229
2002,10,1,15,233
2002,10,1,16,252
2002,10,1,17,233
2002,10,1,18,319
2002,10,1,19,275
2002,10,1,20,307
2002,10,1,21,313
2002,10,1,22,259
2002,10,1,23,219
2002,10,2,0,247
2002,10,2,1,123
2002,10,2,2,105
2002,10,2,3,70
2002,10,2,4,51
2002,10,2,5,67
2002,10,2,6,74
2002,10,2,7,152
2002,10,2,8,216
2002,10,2,9,249
2002,10,2,10,225
2002,10,2,11,256
2002,10,2,12,325
2002,10,2,13,252
2002,10,2,14,295
2002,10,2,15,289
2002,10,2,16,237
2002,10,2,17,304
2002,10,2,18,339
2002,10,2,19,311
2002,10,2,20,305
2002,10,2,21,305
2002,10,2,22,284
2002,10,2,23,224
2002,10,3,0,450
2002,10,3,1,168
2002,10,3,2,129
2002,10,3,3,94
2002,10,3,4,73
2002,10,3,5,78
2002,10,3,6,92
2002,10,3,7,184
2002,10,3,8,290
2002,10,3,9,325
2002,10,3,10,334
2002,10,3,11,310
2002,10,3,12,439
2002,10,3,13,353
2002,10,3,14,438
2002,10,3,15,398
2002,10,3,16,389
2002,10,3,17,379
2002,10,3,18,394
2002,10,3,19,419
2002,10,3,20,414
2002,10,3,21,440
2002,10,3,22,383
2002,10,3,23,292
2002,10,4,0,316
2002,10,4,1,189
2002,10,4,2,144
2002,10,4,3,107
2002,10,4,4,66
2002,10,4,5,65
2002,10,4,6,114
2002,10,4,7,192
2002,10,4,8,269
2002,10,4,9,319
2002,10,4,10,321
2002,10,4,11,283
2002,10,4,12,401
2002,10,4,13,363
2002,10,4,14,387
2002,10,4,15,363
2002,10,4,16,308
2002,10,4,17,379
2002,10,4,18,421
2002,10,4,19,428
2002,10,4,20,435
2002,10,4,21,411
2002,10,4,22,394
2002,10,4,23,278
2002,10,5,0,308
2002,10,5,1,165
2002,10,5,2,152
2002,10,5,3,95
2002,10,5,4,79
2002,10,5,5,67
2002,10,5,6,97
2002,10,5,7,199
2002,10,5,8,279
2002,10,5,9,294
2002,10,5,10,286
2002,10,5,11,297
2002,10,5,12,395
2002,10,5,13,346
2002,10,5,14,391
2002,10,5,15,387
2002,10,5,16,351
2002,10,5,17,371
2002,10,5,18,413
2002,10,5,19,458
2002,10,5,20,429
2002,10,5,21,405
2002,10,5,22,369
2002,10,5,23,329
2002,10,6,0,318
2002,10,6,1,159
2002,10,6,2,140
2002,10,6,3,81
2002,10,6,4,64
2002,10,6,5,86
2002,10,6,6,87
2002,10,6,7,159
2002,10,6,8,219
2002,10,6,9,265
2002,10,6,10,253
2002,10,6,11,238
2002,10,6,12,326
2002,10,6,13,290
2002,10,6,14,275
2002,10,6,15,323
2002,10,6,16,262
2002,10,6,17,284
2002,10,6,18,359
2002,10,6,19,361
2002,10,6,20,344
2002,10,6,21,336
2002,10,6,22,381
2002,10,6,23,321
2002,10,7,0,370
2002,10,7,1,247
2002,10,7,2,214
2002,10,7,3,182
2002,10,7,4,128
2002,10,7,5,87
2002,10,7,6,81
2002,10,7,7,91
2002,10,7,8,111
2002,10,7,9,185
2002,10,7,10,215
2002,10,7,11,216
2002,10,7,12,273
2002,10,7,13,237
2002,10,7,14,255
2002,10,7,15,259
2002,10,7,16,241
2002,10,7,17,268
2002,10,7,18,310
2002,10,7,19,325
2002,10,7,20,318
2002,10,7,21,344
2002,10,7,22,325
2002,10,7,23,298
2002,11,1,0,310
2002,11,1,1,218
2002,11,1,2,176
2002,11,1,3,175
2002,11,1,4,116
2002,11,1,5,82
2002,11,1,6,63
2002,11,1,7,72
2002,11,1,8,105
2002,11,1,9,143
2002,11,1,10,168
2002,11,1,11,203
2002,11,1,12,216
2002,11,1,13,187
2002,11,1,14,191
2002,11,1,15,212
2002,11,1,16,227
2002,11,1,17,224
2002,11,1,18,301
2002,11,1,19,240
2002,11,1,20,281
2002,11,1,21,257
2002,11,1,22,272
2002,11,1,23,198
2002,11,2,0,228
2002,11,2,1,114
2002,11,2,2,99
2002,11,2,3,66
2002,11,2,4,61
2002,11,2,5,49
2002,11,2,6,55
2002,11,2,7,123
2002,11,2,8,209
2002,11,2,9,242
2002,11,2,10,228
2002,11,2,11,247
2002,11,2,12,282
2002,11,2,13,245
2002,11,2,14,312
2002,11,2,15,305
2002,11,2,16,240
2002,11,2,17,276
2002,11,2,18,291
2002,11,2,19,283
2002,11,2,20,298
2002,11,2,21,274
2002,11,2,22,278
2002,11,2,23,208
2002,11,3,0,236
2002,11,3,1,109
2002,11,3,2,76
2002,11,3,3,61
2002,11,3,4,48
2002,11,3,5,46
2002,11,3,6,73
2002,11,3,7,120
2002,11,3,8,206
2002,11,3,9,234
2002,11,3,10,215
2002,11,3,11,229
2002,11,3,12,279
2002,11,3,13,257
2002,11,3,14,261
2002,11,3,15,274
2002,11,3,16,254
2002,11,3,17,252
2002,11,3,18,318
2002,11,3,19,284
2002,11,3,20,311
2002,11,3,21,276
2002,11,3,22,260
2002,11,3,23,194
2002,11,4,0,242
2002,11,4,1,115
2002,11,4,2,94
2002,11,4,3,62
2002,11,4,4,54
2002,11,4,5,56
2002,11,4,6,85
2002,11,4,7,132
2002,11,4,8,201
2002,11,4,9,232
2002,11,4,10,219
2002,11,4,11,236
2002,11,4,12,306
2002,11,4,13,254
2002,11,4,14,285
2002,11,4,15,282
2002,11,4,16,253
2002,11,4,17,285
2002,11,4,18,309
2002,11,4,19,314
2002,11,4,20,300
2002,11,4,21,279
2002,11,4,22,310
2002,11,4,23,231
2002,11,5,0,254
2002,11,5,1,126
2002,11,5,2,99
2002,11,5,3,82
2002,11,5,4,62
2002,11,5,5,65
2002,11,5,6,59
2002,11,5,7,123
2002,11,5,8,180
2002,11,5,9,193
2002,11,5,10,185
2002,11,5,11,206
2002,11,5,12,252
2002,11,5,13,202
2002,11,5,14,222
2002,11,5,15,245
2002,11,5,16,192
2002,11,5,17,237
2002,11,5,18,277
2002,11,5,19,262
2002,11,5,20,245
2002,11,5,21,237
2002,11,5,22,232
2002,11,5,23,228
2002,11,6,0,396
2002,11,6,1,148
2002,11,6,2,155
2002,11,6,3,109
2002,11,6,4,75
2002,11,6,5,55
2002,11,6,6,106
2002,11,6,7,132
2002,11,6,8,243
2002,11,6,9,292
2002,11,6,10,256
2002,11,6,11,300
2002,11,6,12,413
2002,11,6,13,309
2002,11,6,14,386
2002,11,6,15,326
2002,11,6,16,325
2002,11,6,17,333
2002,11,6,18,409
2002,11,6,19,429
2002,11,6,20,364
2002,11,6,21,368
2002,11,6,22,368
2002,11,6,23,339
2002,11,7,0,386
2002,11,7,1,273
2002,11,7,2,206
2002,11,7,3,191
2002,11,7,4,139
2002,11,7,5,77
2002,11,7,6,85
2002,11,7,7,98
2002,11,7,8,142
2002,11,7,9,200
2002,11,7,10,272
2002,11,7,11,297
2002,11,7,12,364
2002,11,7,13,273
2002,11,7,14,266
2002,11,7,15,267
2002,11,7,16,301
2002,11,7,17,296
2002,11,7,18,388
2002,11,7,19,372
2002,11,7,20,392
2002,11,7,21,381
2002,11,7,22,384
2002,11,7,23,344
2002,12,1,0,440
2002,12,1,1,246
2002,12,1,2,225
2002,12,1,3,174
2002,12,1,4,144
2002,12,1,5,91
2002,12,1,6,67
2002,12,1,7,92
2002,12,1,8,116
2002,12,1,9,211
2002,12,1,10,234
2002,12,1,11,217
2002,12,1,12,303
2002,12,1,13,231
2002,12,1,14,260
2002,12,1,15,262
2002,12,1,16,259
2002,12,1,17,296
2002,12,1,18,344
2002,12,1,19,350
2002,12,1,20,379
2002,12,1,21,341
2002,12,1,22,332
2002,12,1,23,210
2002,12,2,0,290
2002,12,2,1,168
2002,12,2,2,122
2002,12,2,3,114
2002,12,2,4,72
2002,12,2,5,60
2002,12,2,6,78
2002,12,2,7,136
2002,12,2,8,223
2002,12,2,9,326
2002,12,2,10,248
2002,12,2,11,267
2002,12,2,12,323
2002,12,2,13,310
2002,12,2,14,329
2002,12,2,15,328
2002,12,2,16,336
2002,12,2,17,309
2002,12,2,18,373
2002,12,2,19,368
2002,12,2,20,370
2002,12,2,21,338
2002,12,2,22,344
2002,12,2,23,271
2002,12,3,0,283
2002,12,3,1,157
2002,12,3,2,125
2002,12,3,3,95
2002,12,3,4,66
2002,12,3,5,64
2002,12,3,6,95
2002,12,3,7,123
2002,12,3,8,202
2002,12,3,9,280
2002,12,3,10,267
2002,12,3,11,255
2002,12,3,12,355
2002,12,3,13,279
2002,12,3,14,355
2002,12,3,15,293
2002,12,3,16,291
2002,12,3,17,309
2002,12,3,18,360
2002,12,3,19,364
2002,12,3,20,358
2002,12,3,21,364
2002,12,3,22,342
2002,12,3,23,275
2002,12,4,0,219
2002,12,4,1,116
2002,12,4,2,95
2002,12,4,3,71
2002,12,4,4,54
2002,12,4,5,52
2002,12,4,6,72
2002,12,4,7,105
2002,12,4,8,157
2002,12,4,9,207
2002,12,4,10,179
2002,12,4,11,175
2002,12,4,12,266
2002,12,4,13,220
2002,12,4,14,273
2002,12,4,15,249
2002,12,4,16,242
2002,12,4,17,225
2002,12,4,18,254
2002,12,4,19,297
2002,12,4,20,246
2002,12,4,21,247
2002,12,4,22,241
2002,12,4,23,171
2002,12,5,0,231
2002,12,5,1,111
2002,12,5,2,91
2002,12,5,3,73
2002,12,5,4,56
2002,12,5,5,64
2002,12,5,6,68
2002,12,5,7,111
2002,12,5,8,192
2002,12,5,9,209
2002,12,5,10,216
2002,12,5,11,231
2002,12,5,12,259
2002,12,5,13,246
2002,12,5,14,266
2002,12,5,15,248
2002,12,5,16,251
2002,12,5,17,221
2002,12,5,18,260
2002,12,5,19,310
2002,12,5,20,323
2002,12,5,21,282
2002,12,5,22,245
2002,12,5,23,208
2002,12,6,0,223
2002,12,6,1,129
2002,12,6,2,123
2002,12,6,3,70
2002,12,6,4,65
2002,12,6,5,47
2002,12,6,6,90
2002,12,6,7,136
2002,12,6,8,167
2002,12,6,9,188
2002,12,6,10,206
2002,12,6,11,249
2002,12,6,12,307
2002,12,6,13,282
2002,12,6,14,307
2002,12,6,15,293
2002,12,6,16,231
2002,12,6,17,252
2002,12,6,18,335
2002,12,6,19,301
2002,12,6,20,329
2002,12,6,21,322
2002,12,6,22,263
2002,12,6,23,265
2002,12,7,0,317
2002,12,7,1,169
2002,12,7,2,175
2002,12,7,3,127
2002,12,7,4,102
2002,12,7,5,77
2002,12,7,6,70
2002,12,7,7,75
2002,12,7,8,105
2002,12,7,9,146
2002,12,7,10,174
2002,12,7,11,234
2002,12,7,12,278
2002,12,7,13,231
2002,12,7,14,206
2002,12,7,15,240
2002,12,7,16,219
2002,12,7,17,223
2002,12,7,18,272
2002,12,7,19,279
2002,12,7,20,272
2002,12,7,21,333
2002,12,7,22,325
2002,12,7,23,259
2003,1,1,0,237
2003,1,1,1,195
2003,1,1,2,183
2003,1,1,3,159
2003,1,1,4,100
2003,1,1,5,67
2003,1,1,6,68
2003,1,1,7,49
2003,1,1,8,89
2003,1,1,9,132
2003,1,1,10,154
2003,1,1,11,146
2003,1,1,12,230
2003,1,1,13,192
2003,1,1,14,194
2003,1,1,15,194
2003,1,1,16,193
2003,1,1,17,188
2003,1,1,18,196
2003,1,1,19,242
2003,1,1,20,245
2003,1,1,21,202
2003,1,1,22,234
2003,1,1,23,171
2003,1,2,0,209
2003,1,2,1,134
2003,1,2,2,80
2003,1,2,3,96
2003,1,2,4,54
2003,1,2,5,53
2003,1,2,6,70
2003,1,2,7,102
2003,1,2,8,168
2003,1,2,9,183
2003,1,2,10,197
2003,1,2,11,226
2003,1,2,12,248
2003,1,2,13,236
2003,1,2,14,280
2003,1,2,15,280
2003,1,2,16,227
2003,1,2,17,252
2003,1,2,18,283
2003,1,2,19,291
2003,1,2,20,300
2003,1,2,21,255
2003,1,2,22,256
2003,1,2,23,183
2003,1,3,0,200
2003,1,3,1,110
2003,1,3,2,77
2003,1,3,3,64
2003,1,3,4,64
2003,1,3,5,44
2003,1,3,6,54
2003,1,3,7,119
2003,1,3,8,188
2003,1,3,9,230
2003,1,3,10,196
2003,1,3,11,208
2003,1,3,12,279
2003,1,3,13,221
2003,1,3,14,258
2003,1,3,15,248
2003,1,3,16,237
2003,1,3,17,245
2003,1,3,18,217
2003,1,3,19,311
2003,1,3,20,297
2003,1,3,21,287
2003,1,3,22,256
2003,1,3,23,192
2003,1,4,0,772
2003,1,4,1,209
2003,1,4,2,159
2003,1,4,3,136
2003,1,4,4,105
2003,1,4,5,83
2003,1,4,6,95
2003,1,4,7,165
2003,1,4,8,233
2003,1,4,9,337
2003,1,4,10,249
2003,1,4,11,246
2003,1,4,12,466
2003,1,4,13,308
2003,1,4,14,333
2003,1,4,15,350
2003,1,4,16,307
2003,1,4,17,306
2003,1,4,18,335
2003,1,4,19,353
2003,1,4,20,401
2003,1,4,21,332
2003,1,4,22,309
2003,1,4,23,216
2003,1,5,0,293
2003,1,5,1,144
2003,1,5,2,102
2003,1,5,3,94
2003,1,5,4,63
2003,1,5,5,60
2003,1,5,6,92
2003,1,5,7,155
2003,1,5,8,237
2003,1,5,9,260
2003,1,5,10,249
2003,1,5,11,258
2003,1,5,12,390
2003,1,5,13,304
2003,1,5,14,352
2003,1,5,15,331
2003,1,5,16,311
2003,1,5,17,310
2003,1,5,18,327
2003,1,5,19,348
2003,1,5,20,347
2003,1,5,21,347
2003,1,5,22,322
2003,1,5,23,227
2003,1,6,0,326
2003,1,6,1,143
2003,1,6,2,113
2003,1,6,3,105
2003,1,6,4,77
2003,1,6,5,76
2003,1,6,6,82
2003,1,6,7,139
2003,1,6,8,211
2003,1,6,9,235
2003,1,6,10,232
2003,1,6,11,296
2003,1,6,12,379
2003,1,6,13,309
2003,1,6,14,328
2003,1,6,15,338
2003,1,6,16,338
2003,1,6,17,340
2003,1,6,18,342
2003,1,6,19,367
2003,1,6,20,343
2003,1,6,21,345
2003,1,6,22,396
2003,1,6,23,288
2003,1,7,0,258
2003,1,7,1,151
2003,1,7,2,163
2003,1,7,3,142
2003,1,7,4,96
2003,1,7,5,53
2003,1,7,6,54
2003,1,7,7,85
2003,1,7,8,93
2003,1,7,9,163
2003,1,7,10,184
2003,1,7,11,173
2003,1,7,12,242
2003,1,7,13,212
2003,1,7,14,210
2003,1,7,15,242
2003,1,7,16,224
2003,1,7,17,249
2003,1,7,18,245
2003,1,7,19,243
2003,1,7,20,262
2003,1,7,21,281
2003,1,7,22,266
2003,1,7,23,229
2003,2,1,0,271
2003,2,1,1,193
2003,2,1,2,180
2003,2,1,3,164
2003,2,1,4,121
2003,2,1,5,78
2003,2,1,6,56
2003,2,1,7,48
2003,2,1,8,87
2003,2,1,9,126
2003,2,1,10,160
2003,2,1,11,167
2003,2,1,12,216
2003,2,1,13,188
2003,2,1,14,197
2003,2,1,15,208
2003,2,1,16,211
2003,2,1,17,221
2003,2,1,18,228
2003,2,1,19,224
2003,2,1,20,289
2003,2,1,21,258
2003,2,1,22,248
2003,2,1,23,210
2003,2,2,0,217
2003,2,2,1,104
2003,2,2,2,90
2003,2,2,3,57
2003,2,2,4,46
2003,2,2,5,56
2003,2,2,6,57
2003,2,2,7,103
2003,2,2,8,179
2003,2,2,9,224
2003,2,2,10,195
2003,2,2,11,207
2003,2,2,12,286
2003,2,2,13,273
2003,2,2,14,281
2003,2,2,15,245
2003,2,2,16,226
2003,2,2,17,223
2003,2,2,18,262
2003,2,2,19,290
2003,2,2,20,285
2003,2,2,21,282
2003,2,2,22,241
2003,2,2,23,191
2003,2,3,0,197
2003,2,3,1,97
2003,2,3,2,84
2003,2,3,3,56
2003,2,3,4,46
2003,2,3,5,52
2003,2,3,6,62
2003,2,3,7,121
2003,2,3,8,180
2003,2,3,9,213
2003,2,3,10,190
2003,2,3,11,216
2003,2,3,12,280
2003,2,3,13,240
2003,2,3,14,284
2003,2,3,15,269
2003,2,3,16,214
2003,2,3,17,226
2003,2,3,18,255
2003,2,3,19,230
2003,2,3,20,281
2003,2,3,21,248
2003,2,3,22,237
2003,2,3,23,178
2003,2,4,0,202
2003,2,4,1,96
2003,2,4,2,69
2003,2,4,3,68
2003,2,4,4,54
2003,2,4,5,40
2003,2,4,6,69
2003,2,4,7,128
2003,2,4,8,179
2003,2,4,9,162
2003,2,4,10,190
2003,2,4,11,204
2003,2,4,12,261
2003,2,4,13,258
2003,2,4,14,267
2003,2,4,15,241
2003,2,4,16,249
2003,2,4,17,229
2003,2,4,18,258
2003,2,4,19,327
2003,2,4,20,309
2003,2,4,21,281
2003,2,4,22,251
2003,2,4,23,195
2003,2,5,0,220
2003,2,5,1,113
2003,2,5,2,80
2003,2,5,3,55
2003,2,5,4,53
2003,2,5,5,52
2003,2,5,6,82
2003,2,5,7,122
2003,2,5,8,226
2003,2,5,9,237
2003,2,5,10,171
2003,2,5,11,223
2003,2,5,12,314
2003,2,5,13,250
2003,2,5,14,271
2003,2,5,15,258
2003,2,5,16,253
2003,2,5,17,227
2003,2,5,18,265
2003,2,5,19,297
2003,2,5,20,308
2003,2,5,21,309
2003,2,5,22,258
2003,2,5,23,194
2003,2,6,0,224
2003,2,6,1,129
2003,2,6,2,116
2003,2,6,3,61
2003,2,6,4,49
2003,2,6,5,46
2003,2,6,6,61
2003,2,6,7,132
2003,2,6,8,183
2003,2,6,9,195
2003,2,6,10,206
2003,2,6,11,242
2003,2,6,12,291
2003,2,6,13,266
2003,2,6,14,303
2003,2,6,15,289
2003,2,6,16,274
2003,2,6,17,268
2003,2,6,18,288
2003,2,6,19,304
2003,2,6,20,302
2003,2,6,21,273
2003,2,6,22,294
2003,2,6,23,233
2003,2,7,0,353
2003,2,7,1,187
2003,2,7,2,178
2003,2,7,3,135
2003,2,7,4,58
2003,2,7,5,70
2003,2,7,6,59
2003,2,7,7,65
2003,2,7,8,112
2003,2,7,9,180
2003,2,7,10,189
2003,2,7,11,202
2003,2,7,12,274
2003,2,7,13,184
2003,2,7,14,214
2003,2,7,15,226
2003,2,7,16,203
2003,2,7,17,248
2003,2,7,18,254
2003,2,7,19,257
2003,2,7,20,274
2003,2,7,21,251
2003,2,7,22,263
2003,2,7,23,195
2003,3,1,0,383
2003,3,1,1,236
2003,3,1,2,262
2003,3,1,3,204
2003,3,1,4,154
2003,3,1,5,118
2003,3,1,6,89
2003,3,1,7,68
2003,3,1,8,109
2003,3,1,9,179
2003,3,1,10,171
2003,3,1,11,191
2003,3,1,12,293
2003,3,1,13,245
2003,3,1,14,262
2003,3,1,15,255
2003,3,1,16,281
2003,3,1,17,278
2003,3,1,18,322
2003,3,1,19,351
2003,3,1,20,378
2003,3,1,21,322
2003,3,1,22,350
2003,3,1,23,243
2003,3,2,0,318
2003,3,2,1,164
2003,3,2,2,126
2003,3,2,3,85
2003,3,2,4,82
2003,3,2,5,59
2003,3,2,6,89
2003,3,2,7,163
2003,3,2,8,236
2003,3,2,9,294
2003,3,2,10,273
2003,3,2,11,275
2003,3,2,12,460
2003,3,2,13,329
2003,3,2,14,329
2003,3,2,15,357
2003,3,2,16,298
2003,3,2,17,339
2003,3,2,18,374
2003,3,2,19,361
2003,3,2,20,390
2003,3,2,21,304
2003,3,2,22,311
2003,3,2,23,254
2003,3,3,0,197
2003,3,3,1,118
2003,3,3,2,86
2003,3,3,3,61
2003,3,3,4,34
2003,3,3,5,43
2003,3,3,6,81
2003,3,3,7,139
2003,3,3,8,209
2003,3,3,9,251
2003,3,3,10,208
2003,3,3,11,240
2003,3,3,12,313
2003,3,3,13,269
2003,3,3,14,308
2003,3,3,15,299
2003,3,3,16,278
2003,3,3,17,286
2003,3,3,18,292
2003,3,3,19,302
2003,3,3,20,324
2003,3,3,21,275
2003,3,3,22,264
2003,3,3,23,201
2003,3,4,0,243
2003,3,4,1,101
2003,3,4,2,82
2003,3,4,3,64
2003,3,4,4,51
2003,3,4,5,50
2003,3,4,6,77
2003,3,4,7,122
2003,3,4,8,242
2003,3,4,9,253
2003,3,4,10,208
2003,3,4,11,227
2003,3,4,12,283
2003,3,4,13,233
2003,3,4,14,303
2003,3,4,15,241
2003,3,4,16,244
2003,3,4,17,253
2003,3,4,18,285
2003,3,4,19,288
2003,3,4,20,321
2003,3,4,21,287
2003,3,4,22,283
2003,3,4,23,211
2003,3,5,0,221
2003,3,5,1,130
2003,3,5,2,69
2003,3,5,3,72
2003,3,5,4,47
2003,3,5,5,62
2003,3,5,6,78
2003,3,5,7,144
2003,3,5,8,219
2003,3,5,9,234
2003,3,5,10,239
2003,3,5,11,268
2003,3,5,12,311
2003,3,5,13,231
2003,3,5,14,299
2003,3,5,15,290
2003,3,5,16,242
2003,3,5,17,279
2003,3,5,18,281
2003,3,5,19,277
2003,3,5,20,305
2003,3,5,21,258
2003,3,5,22,253
2003,3,5,23,222
2003,3,6,0,215
2003,3,6,1,149
2003,3,6,2,110
2003,3,6,3,96
2003,3,6,4,49
2003,3,6,5,65
2003,3,6,6,76
2003,3,6,7,145
2003,3,6,8,171
2003,3,6,9,261
2003,3,6,10,214
2003,3,6,11,230
2003,3,6,12,272
2003,3,6,13,246
2003,3,6,14,290
2003,3,6,15,275
2003,3,6,16,276
2003,3,6,17,274
2003,3,6,18,300
2003,3,6,19,326
2003,3,6,20,294
2003,3,6,21,315
2003,3,6,22,328
2003,3,6,23,261
2003,3,7,0,459
2003,3,7,1,227
2003,3,7,2,235
2003,3,7,3,168
2003,3,7,4,145
2003,3,7,5,69
2003,3,7,6,90
2003,3,7,7,116
2003,3,7,8,167
2003,3,7,9,224
2003,3,7,10,238
2003,3,7,11,227
2003,3,7,12,365
2003,3,7,13,269
2003,3,7,14,300
2003,3,7,15,311
2003,3,7,16,289
2003,3,7,17,296
2003,3,7,18,338
2003,3,7,19,340
2003,3,7,20,372
2003,3,7,21,366
2003,3,7,22,378
2003,3,7,23,350
2003,4,1,0,315
2003,4,1,1,253
2003,4,1,2,150
2003,4,1,3,186
2003,4,1,4,143
2003,4,1,5,92
2003,4,1,6,75
2003,4,1,7,68
2003,4,1,8,84
2003,4,1,9,138
2003,4,1,10,157
2003,4,1,11,184
2003,4,1,12,224
2003,4,1,13,213
2003,4,1,14,189
2003,4,1,15,225
2003,4,1,16,230
2003,4,1,17,243
2003,4,1,18,290
2003,4,1,19,302
2003,4,1,20,312
2003,4,1,21,311
2003,4,1,22,288
2003,4,1,23,265
2003,4,2,0,277
2003,4,2,1,151
2003,4,2,2,115
2003,4,2,3,87
2003,4,2,4,54
2003,4,2,5,67
2003,4,2,6,68
2003,4,2,7,102
2003,4,2,8,179
2003,4,2,9,204
2003,4,2,10,196
2003,4,2,11,220
2003,4,2,12,323
2003,4,2,13,260
2003,4,2,14,295
2003,4,2,15,313
2003,4,2,16,281
2003,4,2,17,284
2003,4,2,18,304
2003,4,2,19,297
2003,4,2,20,302
2003,4,2,21,308
2003,4,2,22,304
2003,4,2,23,240
2003,4,3,0,402
2003,4,3,1,157
2003,4,3,2,120
2003,4,3,3,114
2003,4,3,4,73
2003,4,3,5,63
2003,4,3,6,120
2003,4,3,7,172
2003,4,3,8,246
2003,4,3,9,341
2003,4,3,10,293
2003,4,3,11,277
2003,4,3,12,462
2003,4,3,13,343
2003,4,3,14,365
2003,4,3,15,408
2003,4,3,16,339
2003,4,3,17,393
2003,4,3,18,377
2003,4,3,19,411
2003,4,3,20,421
2003,4,3,21,403
2003,4,3,22,412
2003,4,3,23,290
2003,4,4,0,348
2003,4,4,1,186
2003,4,4,2,170
2003,4,4,3,107
2003,4,4,4,83
2003,4,4,5,70
2003,4,4,6,110
2003,4,4,7,166
2003,4,4,8,285
2003,4,4,9,243
2003,4,4,10,277
2003,4,4,11,309
2003,4,4,12,402
2003,4,4,13,327
2003,4,4,14,367
2003,4,4,15,345
2003,4,4,16,344
2003,4,4,17,359
2003,4,4,18,410
2003,4,4,19,442
2003,4,4,20,429
2003,4,4,21,349
2003,4,4,22,365
2003,4,4,23,279
2003,4,5,0,278
2003,4,5,1,110
2003,4,5,2,99
2003,4,5,3,74
2003,4,5,4,63
2003,4,5,5,48
2003,4,5,6,79
2003,4,5,7,120
2003,4,5,8,185
2003,4,5,9,238
2003,4,5,10,189
2003,4,5,11,233
2003,4,5,12,331
2003,4,5,13,270
2003,4,5,14,317
2003,4,5,15,288
2003,4,5,16,280
2003,4,5,17,293
2003,4,5,18,303
2003,4,5,19,304
2003,4,5,20,339
2003,4,5,21,304
2003,4,5,22,303
2003,4,5,23,248
2003,4,6,0,264
2003,4,6,1,150
2003,4,6,2,114
2003,4,6,3,85
2003,4,6,4,68
2003,4,6,5,75
2003,4,6,6,88
2003,4,6,7,126
2003,4,6,8,188
2003,4,6,9,194
2003,4,6,10,198
2003,4,6,11,225
2003,4,6,12,293
2003,4,6,13,236
2003,4,6,14,270
2003,4,6,15,300
2003,4,6,16,271
2003,4,6,17,312
2003,4,6,18,348
2003,4,6,19,349
2003,4,6,20,313
2003,4,6,21,321
2003,4,6,22,296
2003,4,6,23,278
2003,4,7,0,305
2003,4,7,1,216
2003,4,7,2,208
2003,4,7,3,160
2003,4,7,4,119
2003,4,7,5,86
2003,4,7,6,68
2003,4,7,7,91
2003,4,7,8,128
2003,4,7,9,171
2003,4,7,10,189
2003,4,7,11,220
2003,4,7,12,282
2003,4,7,13,217
2003,4,7,14,249
2003,4,7,15,237
2003,4,7,16,263
2003,4,7,17,264
2003,4,7,18,259
2003,4,7,19,296
2003,4,7,20,265
2003,4,7,21,292
2003,4,7,22,305
2003,4,7,23,299
2003,5,1,0,331
2003,5,1,1,244
2003,5,1,2,220
2003,5,1,3,168
2003,5,1,4,120
2003,5,1,5,81
2003,5,1,6,52
2003,5,1,7,80
2003,5,1,8,93
2003,5,1,9,118
2003,5,1,10,176
2003,5,1,11,192
2003,5,1,12,251
2003,5,1,13,212
2003,5,1,14,215
2003,5,1,15,199
2003,5,1,16,215
2003,5,1,17,229
2003,5,1,18,244
2003,5,1,19,269
2003,5,1,20,236
2003,5,1,21,298
2003,5,1,22,262
2003,5,1,23,216
2003,5,2,0,276
2003,5,2,1,148
2003,5,2,2,117
2003,5,2,3,83
2003,5,2,4,69
2003,5,2,5,61
2003,5,2,6,70
2003,5,2,7,106
2003,5,2,8,172
2003,5,2,9,222
2003,5,2,10,203
2003,5,2,11,224
2003,5,2,12,313
2003,5,2,13,276
2003,5,2,14,317
2003,5,2,15,274
2003,5,2,16,295
2003,5,2,17,309
2003,5,2,18,300
2003,5,2,19,318
2003,5,2,20,292
2003,5,2,21,329
2003,5,2,22,306
2003,5,2,23,249
2003,5,3,0,298
2003,5,3,1,146
2003,5,3,2,111
2003,5,3,3,80
2003,5,3,4,66
2003,5,3,5,44
2003,5,3,6,74
2003,5,3,7,139
2003,5,3,8,198
2003,5,3,9,213
2003,5,3,10,228
2003,5,3,11,236
2003,5,3,12,319
2003,5,3,13,294
2003,5,3,14,310
2003,5,3,15,314
2003,5,3,16,305
2003,5,3,17,289
2003,5,3,18,307
2003,5,3,19,378
2003,5,3,20,329
2003,5,3,21,293
2003,5,3,22,301
2003,5,3,23,251
2003,5,4,0,275
2003,5,4,1,137
2003,5,4,2,95
2003,5,4,3,76
2003,5,4,4,73
2003,5,4,5,51
2003,5,4,6,82
2003,5,4,7,125
2003,5,4,8,231
2003,5,4,9,237
2003,5,4,10,238
2003,5,4,11,245
2003,5,4,12,309
2003,5,4,13,287
2003,5,4,14,309
2003,5,4,15,288
2003,5,4,16,295
2003,5,4,17,295
2003,5,4,18,287
2003,5,4,19,314
2003,5,4,20,324
2003,5,4,21,286
2003,5,4,22,276
2003,5,4,23,204
2003,5,5,0,367
2003,5,5,1,166
2003,5,5,2,125
2003,5,5,3,122
2003,5,5,4,74
2003,5,5,5,62
2003,5,5,6,107
2003,5,5,7,158
2003,5,5,8,287
2003,5,5,9,327
2003,5,5,10,291
2003,5,5,11,307
2003,5,5,12,434
2003,5,5,13,313
2003,5,5,14,391
2003,5,5,15,376
2003,5,5,16,344
2003,5,5,17,359
2003,5,5,18,349
2003,5,5,19,407
2003,5,5,20,343
2003,5,5,21,360
2003,5,5,22,360
2003,5,5,23,294
2003,5,6,0,351
2003,5,6,1,174
2003,5,6,2,134
2003,5,6,3,124
2003,5,6,4,111
2003,5,6,5,59
2003,5,6,6,95
2003,5,6,7,162
2003,5,6,8,245
2003,5,6,9,286
2003,5,6,10,301
2003,5,6,11,331
2003,5,6,12,411
2003,5,6,13,347
2003,5,6,14,394
2003,5,6,15,385
2003,5,6,16,351
2003,5,6,17,398
2003,5,6,18,447
2003,5,6,19,416
2003,5,6,20,391
2003,5,6,21,383
2003,5,6,22,411
2003,5,6,23,360
2003,5,7,0,396
2003,5,7,1,282
2003,5,7,2,263
2003,5,7,3,180
2003,5,7,4,140
2003,5,7,5,106
2003,5,7,6,70
2003,5,7,7,100
2003,5,7,8,138
2003,5,7,9,208
2003,5,7,10,248
2003,5,7,11,254
2003,5,7,12,342
2003,5,7,13,280
2003,5,7,14,316
2003,5,7,15,355
2003,5,7,16,297
2003,5,7,17,303
2003,5,7,18,363
2003,5,7,19,368
2003,5,7,20,377
2003,5,7,21,363
2003,5,7,22,402
2003,5,7,23,343
2003,6,1,0,555
2003,6,1,1,271
2003,6,1,2,287
2003,6,1,3,234
2003,6,1,4,183
2003,6,1,5,109
2003,6,1,6,105
2003,6,1,7,100
2003,6,1,8,132
2003,6,1,9,204
2003,6,1,10,225
2003,6,1,11,258
2003,6,1,12,364
2003,6,1,13,267
2003,6,1,14,272
2003,6,1,15,301
2003,6,1,16,308
2003,6,1,17,334
2003,6,1,18,344
2003,6,1,19,385
2003,6,1,20,386
2003,6,1,21,364
2003,6,1,22,420
2003,6,1,23,346
2003,6,2,0,420
2003,6,2,1,208
2003,6,2,2,175
2003,6,2,3,142
2003,6,2,4,88
2003,6,2,5,89
2003,6,2,6,107
2003,6,2,7,151
2003,6,2,8,224
2003,6,2,9,289
2003,6,2,10,260
2003,6,2,11,275
2003,6,2,12,385
2003,6,2,13,336
2003,6,2,14,323
2003,6,2,15,340
2003,6,2,16,341
2003,6,2,17,326
2003,6,2,18,412
2003,6,2,19,395
2003,6,2,20,404
2003,6,2,21,409
2003,6,2,22,384
2003,6,2,23,303
2003,6,3,0,304
2003,6,3,1,155
2003,6,3,2,124
2003,6,3,3,94
2003,6,3,4,73
2003,6,3,5,62
2003,6,3,6,74
2003,6,3,7,148
2003,6,3,8,184
2003,6,3,9,225
2003,6,3,10,230
2003,6,3,11,263
2003,6,3,12,292
2003,6,3,13,251
2003,6,3,14,323
2003,6,3,15,289
2003,6,3,16,282
2003,6,3,17,291
2003,6,3,18,306
2003,6,3,19,334
2003,6,3,20,352
2003,6,3,21,340
2003,6,3,22,314
2003,6,3,23,266
2003,6,4,0,290
2003,6,4,1,170
2003,6,4,2,119
2003,6,4,3,100
2003,6,4,4,92
2003,6,4,5,55
2003,6,4,6,84
2003,6,4,7,133
2003,6,4,8,170
2003,6,4,9,199
2003,6,4,10,227
2003,6,4,11,226
2003,6,4,12,320
2003,6,4,13,256
2003,6,4,14,271
2003,6,4,15,277
2003,6,4,16,271
2003,6,4,17,270
2003,6,4,18,317
2003,6,4,19,321
2003,6,4,20,330
2003,6,4,21,321
2003,6,4,22,330
2003,6,4,23,261
2003,6,5,0,290
2003,6,5,1,150
2003,6,5,2,140
2003,6,5,3,96
2003,6,5,4,54
2003,6,5,5,52
2003,6,5,6,86
2003,6,5,7,119
2003,6,5,8,197
2003,6,5,9,204
2003,6,5,10,198
2003,6,5,11,242
2003,6,5,12,278
2003,6,5,13,241
2003,6,5,14,280
2003,6,5,15,260
2003,6,5,16,267
2003,6,5,17,274
2003,6,5,18,289
2003,6,5,19,344
2003,6,5,20,333
2003,6,5,21,314
2003,6,5,22,301
2003,6,5,23,276
2003,6,6,0,293
2003,6,6,1,175
2003,6,6,2,144
2003,6,6,3,112
2003,6,6,4,71
2003,6,6,5,64
2003,6,6,6,93
2003,6,6,7,112
2003,6,6,8,159
2003,6,6,9,213
2003,6,6,10,223
2003,6,6,11,248
2003,6,6,12,292
2003,6,6,13,250
2003,6,6,14,276
2003,6,6,15,294
2003,6,6,16,291
2003,6,6,17,285
2003,6,6,18,299
2003,6,6,19,337
2003,6,6,20,322
2003,6,6,21,323
2003,6,6,22,368
2003,6,6,23,347
2003,6,7,0,351
2003,6,7,1,257
2003,6,7,2,213
2003,6,7,3,199
2003,6,7,4,138
2003,6,7,5,78
2003,6,7,6,75
2003,6,7,7,96
2003,6,7,8,111
2003,6,7,9,183
2003,6,7,10,196
2003,6,7,11,192
2003,6,7,12,236
2003,6,7,13,208
2003,6,7,14,236
2003,6,7,15,248
2003,6,7,16,261
2003,6,7,17,272
2003,6,7,18,287
2003,6,7,19,300
2003,6,7,20,324
2003,6,7,21,290
2003,6,7,22,330
2003,6,7,23,336
2003,7,1,0,378
2003,7,1,1,252
2003,7,1,2,278
2003,7,1,3,214
2003,7,1,4,175
2003,7,1,5,114
2003,7,1,6,89
2003,7,1,7,96
2003,7,1,8,102
2003,7,1,9,144
2003,7,1,10,183
2003,7,1,11,200
2003,7,1,12,251
2003,7,1,13,219
2003,7,1,14,231
2003,7,1,15,239
2003,7,1,16,243
2003,7,1,17,251
2003,7,1,18,250
2003,7,1,19,287
2003,7,1,20,290
2003,7,1,21,333
2003,7,1,22,316
2003,7,1,23,278
2003,7,2,0,308
2003,7,2,1,178
2003,7,2,2,131
2003,7,2,3,100
2003,7,2,4,81
2003,7,2,5,64
2003,7,2,6,80
2003,7,2,7,118
2003,7,2,8,177
2003,7,2,9,233
2003,7,2,10,216
2003,7,2,11,244
2003,7,2,12,336
2003,7,2,13,260
2003,7,2,14,263
2003,7,2,15,268
2003,7,2,16,303
2003,7,2,17,314
2003,7,2,18,322
2003,7,2,19,355
2003,7,2,20,340
2003,7,2,21,369
2003,7,2,22,357
2003,7,2,23,299
2003,7,3,0,477
2003,7,3,1,211
2003,7,3,2,169
2003,7,3,3,130
2003,7,3,4,96
2003,7,3,5,87
2003,7,3,6,101
2003,7,3,7,168
2003,7,3,8,235
2003,7,3,9,260
2003,7,3,10,274
2003,7,3,11,308
2003,7,3,12,422
2003,7,3,13,353
2003,7,3,14,352
2003,7,3,15,323
2003,7,3,16,354
2003,7,3,17,360
2003,7,3,18,409
2003,7,3,19,429
2003,7,3,20,415
2003,7,3,21,421
2003,7,3,22,436
2003,7,3,23,324
2003,7,4,0,402
2003,7,4,1,252
2003,7,4,2,167
2003,7,4,3,136
2003,7,4,4,108
2003,7,4,5,91
2003,7,4,6,118
2003,7,4,7,170
2003,7,4,8,232
2003,7,4,9,250
2003,7,4,10,273
2003,7,4,11,282
2003,7,4,12,405
2003,7,4,13,318
2003,7,4,14,307
2003,7,4,15,319
2003,7,4,16,286
2003,7,4,17,362
2003,7,4,18,336
2003,7,4,19,425
2003,7,4,20,431
2003,7,4,21,412
2003,7,4,22,465
2003,7,4,23,333
2003,7,5,0,430
2003,7,5,1,248
2003,7,5,2,165
2003,7,5,3,136
2003,7,5,4,89
2003,7,5,5,96
2003,7,5,6,128
2003,7,5,7,149
2003,7,5,8,221
2003,7,5,9,224
2003,7,5,10,268
2003,7,5,11,261
2003,7,5,12,366
2003,7,5,13,322
2003,7,5,14,317
2003,7,5,15,321
2003,7,5,16,340
2003,7,5,17,377
2003,7,5,18,378
2003,7,5,19,383
2003,7,5,20,387
2003,7,5,21,397
2003,7,5,22,426
2003,7,5,23,388
2003,7,6,0,314
2003,7,6,1,197
2003,7,6,2,151
2003,7,6,3,118
2003,7,6,4,99
2003,7,6,5,86
2003,7,6,6,97
2003,7,6,7,133
2003,7,6,8,172
2003,7,6,9,194
2003,7,6,10,193
2003,7,6,11,231
2003,7,6,12,318
2003,7,6,13,243
2003,7,6,14,241
2003,7,6,15,285
2003,7,6,16,303
2003,7,6,17,271
2003,7,6,18,294
2003,7,6,19,319
2003,7,6,20,333
2003,7,6,21,330
2003,7,6,22,374
2003,7,6,23,353
2003,7,7,0,376
2003,7,7,1,317
2003,7,7,2,248
2003,7,7,3,206
2003,7,7,4,132
2003,7,7,5,105
2003,7,7,6,79
2003,7,7,7,96
2003,7,7,8,132
2003,7,7,9,168
2003,7,7,10,210
2003,7,7,11,228
2003,7,7,12,330
2003,7,7,13,282
2003,7,7,14,262
2003,7,7,15,259
2003,7,7,16,256
2003,7,7,17,274
2003,7,7,18,274
2003,7,7,19,302
2003,7,7,20,309
2003,7,7,21,310
2003,7,7,22,351
2003,7,7,23,323
2003,8,1,0,500
2003,8,1,1,363
2003,8,1,2,276
2003,8,1,3,269
2003,8,1,4,214
2003,8,1,5,143
2003,8,1,6,111
2003,8,1,7,101
2003,8,1,8,124
2003,8,1,9,166
2003,8,1,10,235
2003,8,1,11,243
2003,8,1,12,280
2003,8,1,13,263
2003,8,1,14,269
2003,8,1,15,267
2003,8,1,16,315
2003,8,1,17,300
2003,8,1,18,351
2003,8,1,19,368
2003,8,1,20,381
2003,8,1,21,377
2003,8,1,22,387
2003,8,1,23,331
2003,8,2,0,364
2003,8,2,1,191
2003,8,2,2,151
2003,8,2,3,105
2003,8,2,4,84
2003,8,2,5,67
2003,8,2,6,80
2003,8,2,7,142
2003,8,2,8,197
2003,8,2,9,232
2003,8,2,10,226
2003,8,2,11,228
2003,8,2,12,308
2003,8,2,13,254
2003,8,2,14,248
2003,8,2,15,280
2003,8,2,16,290
2003,8,2,17,268
2003,8,2,18,291
2003,8,2,19,370
2003,8,2,20,337
2003,8,2,21,323
2003,8,2,22,304
2003,8,2,23,276
2003,8,3,0,329
2003,8,3,1,186
2003,8,3,2,137
2003,8,3,3,132
2003,8,3,4,99
2003,8,3,5,74
2003,8,3,6,93
2003,8,3,7,115
2003,8,3,8,181
2003,8,3,9,208
2003,8,3,10,199
2003,8,3,11,254
2003,8,3,12,307
2003,8,3,13,249
2003,8,3,14,298
2003,8,3,15,257
2003,8,3,16,290
2003,8,3,17,317
2003,8,3,18,332
2003,8,3,19,328
2003,8,3,20,347
2003,8,3,21,362
2003,8,3,22,343
2003,8,3,23,298
2003,8,4,0,359
2003,8,4,1,173
2003,8,4,2,150
2003,8,4,3,136
2003,8,4,4,89
2003,8,4,5,84
2003,8,4,6,103
2003,8,4,7,120
2003,8,4,8,193
2003,8,4,9,207
2003,8,4,10,227
2003,8,4,11,252
2003,8,4,12,301
2003,8,4,13,249
2003,8,4,14,277
2003,8,4,15,290
2003,8,4,16,293
2003,8,4,17,288
2003,8,4,18,352
2003,8,4,19,326
2003,8,4,20,363
2003,8,4,21,351
2003,8,4,22,361
2003,8,4,23,294
2003,8,5,0,330
2003,8,5,1,177
2003,8,5,2,155
2003,8,5,3,109
2003,8,5,4,84
2003,8,5,5,79
2003,8,5,6,94
2003,8,5,7,133
2003,8,5,8,203
2003,8,5,9,213
2003,8,5,10,218
2003,8,5,11,222
2003,8,5,12,292
2003,8,5,13,248
2003,8,5,14,258
2003,8,5,15,314
2003,8,5,16,274
2003,8,5,17,322
2003,8,5,18,358
2003,8,5,19,363
2003,8,5,20,413
2003,8,5,21,384
2003,8,5,22,373
2003,8,5,23,273
2003,8,6,0,532
2003,8,6,1,248
2003,8,6,2,195
2003,8,6,3,156
2003,8,6,4,137
2003,8,6,5,118
2003,8,6,6,103
2003,8,6,7,151
2003,8,6,8,234
2003,8,6,9,269
2003,8,6,10,282
2003,8,6,11,291
2003,8,6,12,469
2003,8,6,13,328
2003,8,6,14,308
2003,8,6,15,362
2003,8,6,16,402
2003,8,6,17,415
2003,8,6,18,445
2003,8,6,19,412
2003,8,6,20,416
2003,8,6,21,467
2003,8,6,22,434
2003,8,6,23,444
2003,8,7,0,448
2003,8,7,1,330
2003,8,7,2,301
2003,8,7,3,207
2003,8,7,4,180
2003,8,7,5,113
2003,8,7,6,101
2003,8,7,7,144
2003,8,7,8,181
2003,8,7,9,235
2003,8,7,10,237
2003,8,7,11,257
2003,8,7,12,375
2003,8,7,13,274
2003,8,7,14,304
2003,8,7,15,316
2003,8,7,16,314
2003,8,7,17,321
2003,8,7,18,330
2003,8,7,19,358
2003,8,7,20,386
2003,8,7,21,405
2003,8,7,22,444
2003,8,7,23,379
2003,9,1,0,400
2003,9,1,1,248
2003,9,1,2,238
2003,9,1,3,216
2003,9,1,4,145
2003,9,1,5,141
2003,9,1,6,84
2003,9,1,7,76
2003,9,1,8,126
2003,9,1,9,159
2003,9,1,10,192
2003,9,1,11,212
2003,9,1,12,247
2003,9,1,13,221
2003,9,1,14,215
2003,9,1,15,227
2003,9,1,16,222
2003,9,1,17,276
2003,9,1,18,287
2003,9,1,19,326
2003,9,1,20,319
2003,9,1,21,357
2003,9,1,22,273
2003,9,1,23,245
2003,9,2,0,471
2003,9,2,1,188
2003,9,2,2,124
2003,9,2,3,100
2003,9,2,4,74
2003,9,2,5,64
2003,9,2,6,107
2011,9,7,9,145
2011,9,7,10,158
2011,9,7,11,167
2011,9,7,12,183
2011,9,7,13,190
2011,9,7,14,194
2011,9,7,15,193
2011,9,7,16,181
2011,9,7,17,192
2011,9,7,18,194
2011,9,7,19,196
2011,9,7,20,219
2011,9,7,21,206
2011,9,7,22,215
2011,9,7,23,220
2011,10,1,0,291
2011,10,1,1,241
2011,10,1,2,236
2011,10,1,3,196
2011,10,1,4,163
2011,10,1,5,100
2011,10,1,6,80
2011,10,1,7,60
2011,10,1,8,96
2011,10,1,9,156
2011,10,1,10,180
2011,10,1,11,185
2011,10,1,12,238
2011,10,1,13,206
2011,10,1,14,217
2011,10,1,15,247
2011,10,1,16,227
2011,10,1,17,235
2011,10,1,18,212
2011,10,1,19,263
2011,10,1,20,275
2011,10,1,21,254
2011,10,1,22,240
2011,10,1,23,221
2011,10,2,0,230
2011,10,2,1,135
2011,10,2,2,78
2011,10,2,3,84
2011,10,2,4,49
2011,10,2,5,57
2011,10,2,6,79
2011,10,2,7,117
2011,10,2,8,193
2011,10,2,9,233
2011,10,2,10,202
2011,10,2,11,250
2011,10,2,12,292
2011,10,2,13,225
2011,10,2,14,214
2011,10,2,15,290
2011,10,2,16,268
2011,10,2,17,278
2011,10,2,18,265
2011,10,2,19,304
2011,10,2,20,258
2011,10,2,21,260
2011,10,2,22,253
2011,10,2,23,199
2011,10,3,0,166
2011,10,3,1,94
2011,10,3,2,75
2011,10,3,3,52
2011,10,3,4,39
2011,10,3,5,39
2011,10,3,6,82
2011,10,3,7,134
2011,10,3,8,167
2011,10,3,9,233
2011,10,3,10,195
2011,10,3,11,184
2011,10,3,12,222
2011,10,3,13,202
2011,10,3,14,230
2011,10,3,15,213
2011,10,3,16,213
2011,10,3,17,212
2011,10,3,18,199
2011,10,3,19,241
2011,10,3,20,209
2011,10,3,21,245
2011,10,3,22,190
2011,10,3,23,140
2011,10,4,0,169
2011,10,4,1,98
2011,10,4,2,86
2011,10,4,3,63
2011,10,4,4,31
2011,10,4,5,50
2011,10,4,6,76
2011,10,4,7,104
2011,10,4,8,165
2011,10,4,9,201
2011,10,4,10,170
2011,10,4,11,209
2011,10,4,12,218
2011,10,4,13,205
2011,10,4,14,205
2011,10,4,15,233
2011,10,4,16,190
2011,10,4,17,185
2011,10,4,18,214
2011,10,4,19,221
2011,10,4,20,243
2011,10,4,21,204
2011,10,4,22,188
2011,10,4,23,160
2011,10,5,0,176
2011,10,5,1,74
2011,10,5,2,68
2011,10,5,3,46
2011,10,5,4,47
2011,10,5,5,48
2011,10,5,6,61
2011,10,5,7,94
2011,10,5,8,162
2011,10,5,9,176
2011,10,5,10,183
2011,10,5,11,183
2011,10,5,12,210
2011,10,5,13,206
2011,10,5,14,189
2011,10,5,15,186
2011,10,5,16,213
2011,10,5,17,170
2011,10,5,18,175
2011,10,5,19,207
2011,10,5,20,241
2011,10,5,21,185
2011,10,5,22,211
2011,10,5,23,132
2011,10,6,0,144
2011,10,6,1,110
2011,10,6,2,76
2011,10,6,3,60
2011,10,6,4,40
2011,10,6,5,54
2011,10,6,6,63
2011,10,6,7,122
2011,10,6,8,175
2011,10,6,9,190
2011,10,6,10,165
2011,10,6,11,197
2011,10,6,12,212
2011,10,6,13,218
2011,10,6,14,218
2011,10,6,15,247
2011,10,6,16,230
2011,10,6,17,216
2011,10,6,18,248
2011,10,6,19,260
2011,10,6,20,221
2011,10,6,21,210
2011,10,6,22,226
2011,10,6,23,231
2011,10,7,0,326
2011,10,7,1,242
2011,10,7,2,215
2011,10,7,3,184
2011,10,7,4,118
2011,10,7,5,70
2011,10,7,6,71
2011,10,7,7,79
2011,10,7,8,133
2011,10,7,9,219
2011,10,7,10,202
2011,10,7,11,190
2011,10,7,12,274
2011,10,7,13,221
2011,10,7,14,224
2011,10,7,15,228
2011,10,7,16,230
2011,10,7,17,233
2011,10,7,18,253
2011,10,7,19,245
2011,10,7,20,265
2011,10,7,21,289
2011,10,7,22,270
2011,10,7,23,227
2011,11,1,0,231
2011,11,1,1,215
2011,11,1,2,171
2011,11,1,3,156
2011,11,1,4,107
2011,11,1,5,67
2011,11,1,6,56
2011,11,1,7,60
2011,11,1,8,97
2011,11,1,9,124
2011,11,1,10,139
2011,11,1,11,143
2011,11,1,12,191
2011,11,1,13,148
2011,11,1,14,171
2011,11,1,15,176
2011,11,1,16,144
2011,11,1,17,187
2011,11,1,18,168
2011,11,1,19,197
2011,11,1,20,188
2011,11,1,21,160
2011,11,1,22,171
2011,11,1,23,152
2011,11,2,0,175
2011,11,2,1,62
2011,11,2,2,54
2011,11,2,3,49
2011,11,2,4,33
2011,11,2,5,43
2011,11,2,6,71
2011,11,2,7,110
2011,11,2,8,176
2011,11,2,9,208
2011,11,2,10,171
2011,11,2,11,167
2011,11,2,12,209
2011,11,2,13,187
2011,11,2,14,214
2011,11,2,15,227
2011,11,2,16,179
2011,11,2,17,197
2011,11,2,18,232
2011,11,2,19,246
2011,11,2,20,178
2011,11,2,21,189
2011,11,2,22,165
2011,11,2,23,121
2011,11,3,0,251
2011,11,3,1,101
2011,11,3,2,83
2011,11,3,3,49
2011,11,3,4,49
2011,11,3,5,41
2011,11,3,6,99
2011,11,3,7,156
2011,11,3,8,223
2011,11,3,9,266
2011,11,3,10,228
2011,11,3,11,221
2011,11,3,12,298
2011,11,3,13,238
2011,11,3,14,258
2011,11,3,15,292
2011,11,3,16,283
2011,11,3,17,244
2011,11,3,18,277
2011,11,3,19,283
2011,11,3,20,261
2011,11,3,21,252
2011,11,3,22,241
2011,11,3,23,186
2011,11,4,0,194
2011,11,4,1,97
2011,11,4,2,93
2011,11,4,3,52
2011,11,4,4,57
2011,11,4,5,49
2011,11,4,6,76
2011,11,4,7,133
2011,11,4,8,187
2011,11,4,9,242
2011,11,4,10,209
2011,11,4,11,242
2011,11,4,12,306
2011,11,4,13,212
2011,11,4,14,255
2011,11,4,15,321
2011,11,4,16,247
2011,11,4,17,241
2011,11,4,18,257
2011,11,4,19,258
2011,11,4,20,261
2011,11,4,21,231
2011,11,4,22,215
2011,11,4,23,186
2011,11,5,0,179
2011,11,5,1,107
2011,11,5,2,69
2011,11,5,3,62
2011,11,5,4,40
2011,11,5,5,42
2011,11,5,6,59
2011,11,5,7,92
2011,11,5,8,171
2011,11,5,9,185
2011,11,5,10,156
2011,11,5,11,155
2011,11,5,12,213
2011,11,5,13,155
2011,11,5,14,161
2011,11,5,15,201
2011,11,5,16,147
2011,11,5,17,158
2011,11,5,18,165
2011,11,5,19,187
2011,11,5,20,176
2011,11,5,21,151
2011,11,5,22,181
2011,11,5,23,136
2011,11,6,0,170
2011,11,6,1,95
2011,11,6,2,70
2011,11,6,3,68
2011,11,6,4,49
2011,11,6,5,50
2011,11,6,6,57
2011,11,6,7,75
2011,11,6,8,140
2011,11,6,9,169
2011,11,6,10,160
2011,11,6,11,168
2011,11,6,12,248
2011,11,6,13,176
2011,11,6,14,184
2011,11,6,15,222
2011,11,6,16,207
2011,11,6,17,223
2011,11,6,18,198
2011,11,6,19,253
2011,11,6,20,239
2011,11,6,21,221
2011,11,6,22,216
2011,11,6,23,171
2011,11,7,0,193
2011,11,7,1,160
2011,11,7,2,158
2011,11,7,3,124
2011,11,7,4,76
2011,11,7,5,56
2011,11,7,6,58
2011,11,7,7,63
2011,11,7,8,108
2011,11,7,9,137
2011,11,7,10,153
2011,11,7,11,173
2011,11,7,12,180
2011,11,7,13,141
2011,11,7,14,174
2011,11,7,15,189
2011,11,7,16,183
2011,11,7,17,180
2011,11,7,18,208
2011,11,7,19,211
2011,11,7,20,176
2011,11,7,21,210
2011,11,7,22,199
2011,11,7,23,182
2011,12,1,0,191
2011,12,1,1,166
2011,12,1,2,122
2011,12,1,3,108
2011,12,1,4,87
2011,12,1,5,64
2011,12,1,6,57
2011,12,1,7,41
2011,12,1,8,57
2011,12,1,9,112
2011,12,1,10,113
2011,12,1,11,139
2011,12,1,12,162
2011,12,1,13,125
2011,12,1,14,147
2011,12,1,15,147
2011,12,1,16,148
2011,12,1,17,140
2011,12,1,18,149
2011,12,1,19,168
2011,12,1,20,168
2011,12,1,21,146
2011,12,1,22,169
2011,12,1,23,144
2011,12,2,0,177
2011,12,2,1,79
2011,12,2,2,67
2011,12,2,3,53
2011,12,2,4,27
2011,12,2,5,37
2011,12,2,6,63
2011,12,2,7,102
2011,12,2,8,128
2011,12,2,9,178
2011,12,2,10,160
2011,12,2,11,170
2011,12,2,12,199
2011,12,2,13,183
2011,12,2,14,199
2011,12,2,15,218
2011,12,2,16,184
2011,12,2,17,189
2011,12,2,18,200
2011,12,2,19,207
2011,12,2,20,193
2011,12,2,21,195
2011,12,2,22,174
2011,12,2,23,128
2011,12,3,0,182
2011,12,3,1,72
2011,12,3,2,57
2011,12,3,3,47
2011,12,3,4,33
2011,12,3,5,49
2011,12,3,6,67
2011,12,3,7,103
2011,12,3,8,141
2011,12,3,9,179
2011,12,3,10,181
2011,12,3,11,200
2011,12,3,12,208
2011,12,3,13,169
2011,12,3,14,201
2011,12,3,15,210
2011,12,3,16,189
2011,12,3,17,189
2011,12,3,18,207
2011,12,3,19,218
2011,12,3,20,223
2011,12,3,21,198
2011,12,3,22,165
2011,12,3,23,129
2011,12,4,0,151
2011,12,4,1,76
2011,12,4,2,58
2011,12,4,3,48
2011,12,4,4,47
2011,12,4,5,43
2011,12,4,6,45
2011,12,4,7,103
2011,12,4,8,151
2011,12,4,9,191
2011,12,4,10,165
2011,12,4,11,172
2011,12,4,12,199
2011,12,4,13,182
2011,12,4,14,199
2011,12,4,15,195
2011,12,4,16,208
2011,12,4,17,203
2011,12,4,18,210
2011,12,4,19,200
2011,12,4,20,209
2011,12,4,21,180
2011,12,4,22,186
2011,12,4,23,112
2011,12,5,0,213
2011,12,5,1,109
2011,12,5,2,94
2011,12,5,3,54
2011,12,5,4,55
2011,12,5,5,36
2011,12,5,6,74
2011,12,5,7,123
2011,12,5,8,217
2011,12,5,9,264
2011,12,5,10,205
2011,12,5,11,211
2011,12,5,12,272
2011,12,5,13,218
2011,12,5,14,246
2011,12,5,15,272
2011,12,5,16,225
2011,12,5,17,221
2011,12,5,18,274
2011,12,5,19,278
2011,12,5,20,266
2011,12,5,21,234
2011,12,5,22,243
2011,12,5,23,158
2011,12,6,0,189
2011,12,6,1,125
2011,12,6,2,91
2011,12,6,3,83
2011,12,6,4,56
2011,12,6,5,66
2011,12,6,6,80
2011,12,6,7,130
2011,12,6,8,144
2011,12,6,9,247
2011,12,6,10,203
2011,12,6,11,216
2011,12,6,12,277
2011,12,6,13,233
2011,12,6,14,250
2011,12,6,15,276
2011,12,6,16,248
2011,12,6,17,262
2011,12,6,18,262
2011,12,6,19,268
2011,12,6,20,250
2011,12,6,21,244
2011,12,6,22,237
2011,12,6,23,195
2011,12,7,0,266
2011,12,7,1,188
2011,12,7,2,145
2011,12,7,3,141
2011,12,7,4,102
2011,12,7,5,55
2011,12,7,6,61
2011,12,7,7,78
2011,12,7,8,100
2011,12,7,9,197
2011,12,7,10,173
2011,12,7,11,186
2011,12,7,12,182
2011,12,7,13,158
2011,12,7,14,205
2011,12,7,15,194
2011,12,7,16,189
2011,12,7,17,176
2011,12,7,18,218
2011,12,7,19,247
2011,12,7,20,202
2011,12,7,21,214
2011,12,7,22,222
2011,12,7,23,203
2012,1,1,0,616
2012,1,1,1,218
2012,1,1,2,203
2012,1,1,3,206
2012,1,1,4,121
2012,1,1,5,99
2012,1,1,6,82
2012,1,1,7,84
2012,1,1,8,112
2012,1,1,9,221
2012,1,1,10,169
2012,1,1,11,167
2012,1,1,12,265
2012,1,1,13,186
2012,1,1,14,171
2012,1,1,15,183
2012,1,1,16,184
2012,1,1,17,187
2012,1,1,18,206
2012,1,1,19,205
2012,1,1,20,216
2012,1,1,21,180
2012,1,1,22,206
2012,1,1,23,125
2012,1,2,0,191
2012,1,2,1,92
2012,1,2,2,74
2012,1,2,3,51
2012,1,2,4,37
2012,1,2,5,41
2012,1,2,6,68
2012,1,2,7,104
2012,1,2,8,172
2012,1,2,9,211
2012,1,2,10,190
2012,1,2,11,201
2012,1,2,12,272
2012,1,2,13,199
2012,1,2,14,265
2012,1,2,15,248
2012,1,2,16,192
2012,1,2,17,213
2012,1,2,18,228
2012,1,2,19,257
2012,1,2,20,232
2012,1,2,21,188
2012,1,2,22,228
2012,1,2,23,159
2012,1,3,0,165
2012,1,3,1,98
2012,1,3,2,66
2012,1,3,3,38
2012,1,3,4,48
2012,1,3,5,62
2012,1,3,6,78
2012,1,3,7,162
2012,1,3,8,204
2012,1,3,9,239
2012,1,3,10,216
2012,1,3,11,207
2012,1,3,12,263
2012,1,3,13,211
2012,1,3,14,227
2012,1,3,15,274
2012,1,3,16,249
2012,1,3,17,253
2012,1,3,18,253
2012,1,3,19,284
2012,1,3,20,250
2012,1,3,21,222
2012,1,3,22,205
2012,1,3,23,139
2012,1,4,0,138
2012,1,4,1,67
2012,1,4,2,52
2012,1,4,3,37
2012,1,4,4,27
2012,1,4,5,31
2012,1,4,6,65
2012,1,4,7,102
2012,1,4,8,157
2012,1,4,9,169
2012,1,4,10,156
2012,1,4,11,143
2012,1,4,12,220
2012,1,4,13,185
2012,1,4,14,186
2012,1,4,15,215
2012,1,4,16,183
2012,1,4,17,176
2012,1,4,18,242
2012,1,4,19,235
2012,1,4,20,209
2012,1,4,21,163
2012,1,4,22,171
2012,1,4,23,112
2012,1,5,0,143
2012,1,5,1,86
2012,1,5,2,70
2012,1,5,3,51
2012,1,5,4,44
2012,1,5,5,48
2012,1,5,6,50
2012,1,5,7,86
2012,1,5,8,125
2012,1,5,9,167
2012,1,5,10,162
2012,1,5,11,143
2012,1,5,12,200
2012,1,5,13,163
2012,1,5,14,163
2012,1,5,15,170
2012,1,5,16,184
2012,1,5,17,168
2012,1,5,18,201
2012,1,5,19,194
2012,1,5,20,197
2012,1,5,21,162
2012,1,5,22,173
2012,1,5,23,139
2012,1,6,0,144
2012,1,6,1,80
2012,1,6,2,65
2012,1,6,3,55
2012,1,6,4,34
2012,1,6,5,28
2012,1,6,6,71
2012,1,6,7,102
2012,1,6,8,125
2012,1,6,9,141
2012,1,6,10,124
2012,1,6,11,159
2012,1,6,12,177
2012,1,6,13,136
2012,1,6,14,184
2012,1,6,15,186
2012,1,6,16,185
2012,1,6,17,163
2012,1,6,18,187
2012,1,6,19,208
2012,1,6,20,210
2012,1,6,21,190
2012,1,6,22,167
2012,1,6,23,163
2012,1,7,0,155
2012,1,7,1,117
2012,1,7,2,125
2012,1,7,3,91
2012,1,7,4,78
2012,1,7,5,41
2012,1,7,6,46
2012,1,7,7,56
2012,1,7,8,77
2012,1,7,9,127
2012,1,7,10,137
2012,1,7,11,132
2012,1,7,12,171
2012,1,7,13,130
2012,1,7,14,170
2012,1,7,15,154
2012,1,7,16,165
2012,1,7,17,157
2012,1,7,18,154
2012,1,7,19,205
2012,1,7,20,221
2012,1,7,21,153
2012,1,7,22,174
2012,1,7,23,133
2012,2,1,0,144
2012,2,1,1,103
2012,2,1,2,143
2012,2,1,3,102
2012,2,1,4,92
2012,2,1,5,62
2012,2,1,6,49
2012,2,1,7,54
2012,2,1,8,66
2012,2,1,9,105
2012,2,1,10,113
2012,2,1,11,125
2012,2,1,12,153
2012,2,1,13,131
2012,2,1,14,131
2012,2,1,15,154
2012,2,1,16,182
2012,2,1,17,146
2012,2,1,18,154
2012,2,1,19,165
2012,2,1,20,166
2012,2,1,21,159
2012,2,1,22,168
2012,2,1,23,107
2012,2,2,0,144
2012,2,2,1,65
2012,2,2,2,58
2012,2,2,3,44
2012,2,2,4,27
2012,2,2,5,30
2012,2,2,6,58
2012,2,2,7,81
2012,2,2,8,136
2012,2,2,9,172
2012,2,2,10,170
2012,2,2,11,146
2012,2,2,12,165
2012,2,2,13,168
2012,2,2,14,152
2012,2,2,15,169
2012,2,2,16,173
2012,2,2,17,149
2012,2,2,18,178
2012,2,2,19,168
2012,2,2,20,155
2012,2,2,21,164
2012,2,2,22,140
2012,2,2,23,117
2012,2,3,0,147
2012,2,3,1,67
2012,2,3,2,46
2012,2,3,3,33
2012,2,3,4,30
2012,2,3,5,31
2012,2,3,6,57
2012,2,3,7,97
2012,2,3,8,143
2012,2,3,9,185
2012,2,3,10,158
2012,2,3,11,185
2012,2,3,12,210
2012,2,3,13,167
2012,2,3,14,203
2012,2,3,15,189
2012,2,3,16,186
2012,2,3,17,169
2012,2,3,18,201
2012,2,3,19,237
2012,2,3,20,182
2012,2,3,21,191
2012,2,3,22,161
2012,2,3,23,101
2012,2,4,0,228
2012,2,4,1,107
2012,2,4,2,63
2012,2,4,3,49
2012,2,4,4,37
2012,2,4,5,50
2012,2,4,6,70
2012,2,4,7,124
2012,2,4,8,210
2012,2,4,9,282
2012,2,4,10,222
2012,2,4,11,222
2012,2,4,12,306
2012,2,4,13,212
2012,2,4,14,274
2012,2,4,15,292
2012,2,4,16,244
2012,2,4,17,257
2012,2,4,18,255
2012,2,4,19,233
2012,2,4,20,254
2012,2,4,21,225
2012,2,4,22,197
2012,2,4,23,141
2012,2,5,0,137
2012,2,5,1,70
2012,2,5,2,59
2012,2,5,3,49
2012,2,5,4,29
2012,2,5,5,35
2012,2,5,6,59
2012,2,5,7,94
2012,2,5,8,157
2012,2,5,9,182
2012,2,5,10,169
2012,2,5,11,170
2012,2,5,12,221
2012,2,5,13,157
2012,2,5,14,195
2012,2,5,15,208
2012,2,5,16,184
2012,2,5,17,152
2012,2,5,18,220
2012,2,5,19,206
2012,2,5,20,192
2012,2,5,21,175
2012,2,5,22,151
2012,2,5,23,125
2012,2,6,0,143
2012,2,6,1,83
2012,2,6,2,56
2012,2,6,3,59
2012,2,6,4,45
2012,2,6,5,41
2012,2,6,6,53
2012,2,6,7,97
2012,2,6,8,158
2012,2,6,9,195
2012,2,6,10,153
2012,2,6,11,146
2012,2,6,12,211
2012,2,6,13,172
2012,2,6,14,192
2012,2,6,15,185
2012,2,6,16,174
2012,2,6,17,208
2012,2,6,18,201
2012,2,6,19,181
2012,2,6,20,207
2012,2,6,21,177
2012,2,6,22,169
2012,2,6,23,136
2012,2,7,0,164
2012,2,7,1,108
2012,2,7,2,98
2012,2,7,3,96
2012,2,7,4,71
2012,2,7,5,37
2012,2,7,6,40
2012,2,7,7,56
2012,2,7,8,94
2012,2,7,9,158
2012,2,7,10,158
2012,2,7,11,134
2012,2,7,12,172
2012,2,7,13,138
2012,2,7,14,136
2012,2,7,15,143
2012,2,7,16,151
2012,2,7,17,129
2012,2,7,18,164
2012,2,7,19,191
2012,2,7,20,186
2012,2,7,21,160
2012,2,7,22,179
2012,2,7,23,152
2012,3,1,0,206
2012,3,1,1,174
2012,3,1,2,120
2012,3,1,3,158
2012,3,1,4,118
2012,3,1,5,88
2012,3,1,6,47
2012,3,1,7,51
2012,3,1,8,66
2012,3,1,9,100
2012,3,1,10,122
2012,3,1,11,130
2012,3,1,12,150
2012,3,1,13,148
2012,3,1,14,147
2012,3,1,15,150
2012,3,1,16,170
2012,3,1,17,156
2012,3,1,18,190
2012,3,1,19,182
2012,3,1,20,194
2012,3,1,21,184
2012,3,1,22,172
2012,3,1,23,143
2012,3,2,0,194
2012,3,2,1,94
2012,3,2,2,55
2012,3,2,3,50
2012,3,2,4,36
2012,3,2,5,37
2012,3,2,6,51
2012,3,2,7,88
2012,3,2,8,160
2012,3,2,9,194
2012,3,2,10,154
2012,3,2,11,177
2012,3,2,12,214
2012,3,2,13,178
2012,3,2,14,188
2012,3,2,15,195
2012,3,2,16,178
2012,3,2,17,179
2012,3,2,18,207
2012,3,2,19,208
2012,3,2,20,178
2012,3,2,21,194
2012,3,2,22,162
2012,3,2,23,115
2012,3,3,0,176
2012,3,3,1,77
2012,3,3,2,66
2012,3,3,3,64
2012,3,3,4,36
2012,3,3,5,33
2012,3,3,6,42
2012,3,3,7,91
2012,3,3,8,172
2012,3,3,9,186
2012,3,3,10,199
2012,3,3,11,167
2012,3,3,12,207
2012,3,3,13,185
2012,3,3,14,210
2012,3,3,15,207
2012,3,3,16,192
2012,3,3,17,197
2012,3,3,18,192
2012,3,3,19,244
2012,3,3,20,218
2012,3,3,21,237
2012,3,3,22,189
2012,3,3,23,138
2012,3,4,0,169
2012,3,4,1,109
2012,3,4,2,58
2012,3,4,3,58
2012,3,4,4,53
2012,3,4,5,44
2012,3,4,6,56
2012,3,4,7,101
2012,3,4,8,154
2012,3,4,9,206
2012,3,4,10,168
2012,3,4,11,178
2012,3,4,12,208
2012,3,4,13,172
2012,3,4,14,221
2012,3,4,15,206
2012,3,4,16,198
2012,3,4,17,220
2012,3,4,18,207
2012,3,4,19,234
2012,3,4,20,255
2012,3,4,21,208
2012,3,4,22,230
2012,3,4,23,154
2012,3,5,0,257
2012,3,5,1,126
2012,3,5,2,85
2012,3,5,3,86
2012,3,5,4,64
2012,3,5,5,58
2012,3,5,6,80
2012,3,5,7,133
2012,3,5,8,225
2012,3,5,9,314
2012,3,5,10,220
2012,3,5,11,214
2012,3,5,12,331
2012,3,5,13,240
2012,3,5,14,264
2012,3,5,15,262
2012,3,5,16,238
2012,3,5,17,226
2012,3,5,18,284
2012,3,5,19,278
2012,3,5,20,252
2012,3,5,21,242
2012,3,5,22,249
2012,3,5,23,164
2012,3,6,0,210
2012,3,6,1,114
2012,3,6,2,95
2012,3,6,3,92
2012,3,6,4,43
2012,3,6,5,47
2012,3,6,6,60
2012,3,6,7,141
2012,3,6,8,204
2012,3,6,9,253
2012,3,6,10,237
2012,3,6,11,226
2012,3,6,12,290
2012,3,6,13,218
2012,3,6,14,261
2012,3,6,15,284
2012,3,6,16,241
2012,3,6,17,251
2012,3,6,18,223
2012,3,6,19,260
2012,3,6,20,236
2012,3,6,21,234
2012,3,6,22,283
2012,3,6,23,211
2012,3,7,0,243
2012,3,7,1,193
2012,3,7,2,164
2012,3,7,3,120
2012,3,7,4,80
2012,3,7,5,73
2012,3,7,6,57
2012,3,7,7,71
2012,3,7,8,129
2012,3,7,9,190
2012,3,7,10,186
2012,3,7,11,206
2012,3,7,12,227
2012,3,7,13,201
2012,3,7,14,203
2012,3,7,15,232
2012,3,7,16,221
2012,3,7,17,215
2012,3,7,18,258
2012,3,7,19,270
2012,3,7,20,258
2012,3,7,21,256
2012,3,7,22,257
2012,3,7,23,215
2012,4,1,0,291
2012,4,1,1,176
2012,4,1,2,186
2012,4,1,3,173
2012,4,1,4,124
2012,4,1,5,86
2012,4,1,6,70
2012,4,1,7,76
2012,4,1,8,91
2012,4,1,9,190
2012,4,1,10,187
2012,4,1,11,193
2012,4,1,12,236
2012,4,1,13,185
2012,4,1,14,242
2012,4,1,15,190
2012,4,1,16,209
2012,4,1,17,225
2012,4,1,18,213
2012,4,1,19,230
2012,4,1,20,230
2012,4,1,21,238
2012,4,1,22,221
2012,4,1,23,162
2012,4,2,0,207
2012,4,2,1,108
2012,4,2,2,99
2012,4,2,3,83
2012,4,2,4,38
2012,4,2,5,54
2012,4,2,6,86
2012,4,2,7,112
2012,4,2,8,212
2012,4,2,9,235
2012,4,2,10,219
2012,4,2,11,225
2012,4,2,12,281
2012,4,2,13,225
2012,4,2,14,225
2012,4,2,15,245
2012,4,2,16,235
2012,4,2,17,228
2012,4,2,18,250
2012,4,2,19,260
2012,4,2,20,244
2012,4,2,21,227
2012,4,2,22,218
2012,4,2,23,165
2012,4,3,0,166
2012,4,3,1,71
2012,4,3,2,72
2012,4,3,3,38
2012,4,3,4,40
2012,4,3,5,42
2012,4,3,6,59
2012,4,3,7,92
2012,4,3,8,138
2012,4,3,9,207
2012,4,3,10,175
2012,4,3,11,158
2012,4,3,12,228
2012,4,3,13,192
2012,4,3,14,179
2012,4,3,15,198
2012,4,3,16,199
2012,4,3,17,179
2012,4,3,18,199
2012,4,3,19,224
2012,4,3,20,203
2012,4,3,21,197
2012,4,3,22,180
2012,4,3,23,147
2012,4,4,0,174
2012,4,4,1,78
2012,4,4,2,58
2012,4,4,3,59
2012,4,4,4,36
2012,4,4,5,48
2012,4,4,6,57
2012,4,4,7,98
2012,4,4,8,114
2012,4,4,9,197
2012,4,4,10,169
2012,4,4,11,177
2012,4,4,12,201
2012,4,4,13,171
2012,4,4,14,220
2012,4,4,15,223
2012,4,4,16,183
2012,4,4,17,199
2012,4,4,18,208
2012,4,4,19,209
2012,4,4,20,211
2012,4,4,21,187
2012,4,4,22,175
2012,4,4,23,164
2012,4,5,0,183
2012,4,5,1,92
2012,4,5,2,81
2012,4,5,3,56
2012,4,5,4,39
2012,4,5,5,52
2012,4,5,6,69
2012,4,5,7,99
2012,4,5,8,159
2012,4,5,9,194
2012,4,5,10,155
2012,4,5,11,189
2012,4,5,12,207
2012,4,5,13,159
2012,4,5,14,187
2012,4,5,15,184
2012,4,5,16,211
2012,4,5,17,180
2012,4,5,18,219
2012,4,5,19,238
2012,4,5,20,218
2012,4,5,21,196
2012,4,5,22,162
2012,4,5,23,161
2012,4,6,0,155
2012,4,6,1,90
2012,4,6,2,77
2012,4,6,3,69
2012,4,6,4,35
2012,4,6,5,33
2012,4,6,6,56
2012,4,6,7,90
2012,4,6,8,145
2012,4,6,9,169
2012,4,6,10,150
2012,4,6,11,183
2012,4,6,12,211
2012,4,6,13,172
2012,4,6,14,201
2012,4,6,15,222
2012,4,6,16,182
2012,4,6,17,186
2012,4,6,18,235
2012,4,6,19,225
2012,4,6,20,213
2012,4,6,21,220
2012,4,6,22,222
2012,4,6,23,181
2012,4,7,0,215
2012,4,7,1,148
2012,4,7,2,140
2012,4,7,3,119
2012,4,7,4,75
2012,4,7,5,52
2012,4,7,6,54
2012,4,7,7,55
2012,4,7,8,99
2012,4,7,9,132
2012,4,7,10,144
2012,4,7,11,154
2012,4,7,12,196
2012,4,7,13,173
2012,4,7,14,185
2012,4,7,15,172
2012,4,7,16,184
2012,4,7,17,172
2012,4,7,18,187
2012,4,7,19,220
2012,4,7,20,212
2012,4,7,21,213
2012,4,7,22,189
2012,4,7,23,183
2012,5,1,0,202
2012,5,1,1,171
2012,5,1,2,187
2012,5,1,3,147
2012,5,1,4,124
2012,5,1,5,64
2012,5,1,6,45
2012,5,1,7,70
2012,5,1,8,70
2012,5,1,9,124
2012,5,1,10,142
2012,5,1,11,152
2012,5,1,12,169
2012,5,1,13,150
2012,5,1,14,162
2012,5,1,15,155
2012,5,1,16,166
2012,5,1,17,159
2012,5,1,18,193
2012,5,1,19,179
2012,5,1,20,182
2012,5,1,21,174
2012,5,1,22,195
2012,5,1,23,164
2012,5,2,0,212
2012,5,2,1,107
2012,5,2,2,93
2012,5,2,3,79
2012,5,2,4,57
2012,5,2,5,46
2012,5,2,6,61
2012,5,2,7,99
2012,5,2,8,153
2012,5,2,9,166
2012,5,2,10,154
2012,5,2,11,184
2012,5,2,12,227
2012,5,2,13,163
2012,5,2,14,197
2012,5,2,15,203
2012,5,2,16,206
2012,5,2,17,203
2012,5,2,18,217
2012,5,2,19,190
2012,5,2,20,211
2012,5,2,21,207
2012,5,2,22,256
2012,5,2,23,202
2012,5,3,0,291
2012,5,3,1,123
2012,5,3,2,82
2012,5,3,3,68
2012,5,3,4,58
2012,5,3,5,49
2012,5,3,6,80
2012,5,3,7,146
2012,5,3,8,234
2012,5,3,9,296
2012,5,3,10,251
2012,5,3,11,236
2012,5,3,12,320
2012,5,3,13,263
2012,5,3,14,282
2012,5,3,15,300
2012,5,3,16,268
2012,5,3,17,257
2012,5,3,18,275
2012,5,3,19,291
2012,5,3,20,265
2012,5,3,21,254
2012,5,3,22,279
2012,5,3,23,208
2012,5,4,0,220
2012,5,4,1,122
2012,5,4,2,95
2012,5,4,3,85
2012,5,4,4,51
2012,5,4,5,49
2012,5,4,6,72
2012,5,4,7,142
2012,5,4,8,229
2012,5,4,9,251
2012,5,4,10,221
2012,5,4,11,229
2012,5,4,12,319
2012,5,4,13,231
2012,5,4,14,302
2012,5,4,15,292
2012,5,4,16,267
2012,5,4,17,239
2012,5,4,18,275
2012,5,4,19,270
2012,5,4,20,288
2012,5,4,21,294
2012,5,4,22,237
2012,5,4,23,198
2012,5,5,0,203
2012,5,5,1,131
2012,5,5,2,106
2012,5,5,3,73
2012,5,5,4,52
2012,5,5,5,49
2012,5,5,6,77
2012,5,5,7,123
2012,5,5,8,187
2012,5,5,9,237
2012,5,5,10,211
2012,5,5,11,244
2012,5,5,12,274
2012,5,5,13,218
2012,5,5,14,242
2012,5,5,15,285
2012,5,5,16,248
2012,5,5,17,232
2012,5,5,18,244
2012,5,5,19,295
2012,5,5,20,258
2012,5,5,21,256
2012,5,5,22,273
2012,5,5,23,185
2012,5,6,0,171
2012,5,6,1,119
2012,5,6,2,81
2012,5,6,3,74
2012,5,6,4,59
2012,5,6,5,48
2012,5,6,6,73
2012,5,6,7,117
2012,5,6,8,177
2012,5,6,9,193
2012,5,6,10,177
2012,5,6,11,176
2012,5,6,12,225
2012,5,6,13,169
2012,5,6,14,203
2012,5,6,15,260
2012,5,6,16,190
2012,5,6,17,202
2012,5,6,18,226
2012,5,6,19,252
2012,5,6,20,214
2012,5,6,21,234
2012,5,6,22,221
2012,5,6,23,229
2012,5,7,0,209
2012,5,7,1,166
2012,5,7,2,172
2012,5,7,3,144
2012,5,7,4,83
2012,5,7,5,70
2012,5,7,6,68
2012,5,7,7,67
2012,5,7,8,110
2012,5,7,9,153
2012,5,7,10,148
2012,5,7,11,132
2012,5,7,12,178
2012,5,7,13,151
2012,5,7,14,176
2012,5,7,15,223
2012,5,7,16,179
2012,5,7,17,161
2012,5,7,18,173
2012,5,7,19,186
2012,5,7,20,173
2012,5,7,21,204
2012,5,7,22,219
2012,5,7,23,180
2012,6,1,0,217
2012,6,1,1,211
2012,6,1,2,181
2012,6,1,3,174
2012,6,1,4,127
2012,6,1,5,77
2012,6,1,6,70
2012,6,1,7,47
2012,6,1,8,86
2012,6,1,9,138
2012,6,1,10,154
2012,6,1,11,164
2012,6,1,12,224
2012,6,1,13,166
2012,6,1,14,161
2012,6,1,15,204
2012,6,1,16,179
2012,6,1,17,183
2012,6,1,18,179
2012,6,1,19,193
2012,6,1,20,208
2012,6,1,21,233
2012,6,1,22,221
2012,6,1,23,225
2012,6,2,0,229
2012,6,2,1,134
2012,6,2,2,109
2012,6,2,3,72
2012,6,2,4,64
2012,6,2,5,50
2012,6,2,6,63
2012,6,2,7,118
2012,6,2,8,132
2012,6,2,9,182
2012,6,2,10,174
2012,6,2,11,200
2012,6,2,12,226
2012,6,2,13,200
2012,6,2,14,203
2012,6,2,15,213
2012,6,2,16,177
2012,6,2,17,202
2012,6,2,18,194
2012,6,2,19,252
2012,6,2,20,248
2012,6,2,21,217
2012,6,2,22,242
2012,6,2,23,179
2012,6,3,0,208
2012,6,3,1,100
2012,6,3,2,79
2012,6,3,3,69
2012,6,3,4,35
2012,6,3,5,34
2012,6,3,6,75
2012,6,3,7,110
2012,6,3,8,146
2012,6,3,9,186
2012,6,3,10,163
2012,6,3,11,189
2012,6,3,12,255
2012,6,3,13,207
2012,6,3,14,198
2012,6,3,15,198
2012,6,3,16,210
2012,6,3,17,190
2012,6,3,18,225
2012,6,3,19,249
2012,6,3,20,241
2012,6,3,21,201
2012,6,3,22,248
2012,6,3,23,185
2012,6,4,0,222
2012,6,4,1,135
2012,6,4,2,81
2012,6,4,3,61
2012,6,4,4,54
2012,6,4,5,46
2012,6,4,6,84
2012,6,4,7,103
2012,6,4,8,166
2012,6,4,9,202
2012,6,4,10,186
2012,6,4,11,181
2012,6,4,12,229
2012,6,4,13,220
2012,6,4,14,225
2012,6,4,15,220
2012,6,4,16,208
2012,6,4,17,215
2012,6,4,18,232
2012,6,4,19,247
2012,6,4,20,266
2012,6,4,21,230
2012,6,4,22,243
2012,6,4,23,190
2012,6,5,0,187
2012,6,5,1,128
2012,6,5,2,108
2012,6,5,3,80
2012,6,5,4,52
2012,6,5,5,40
2012,6,5,6,81
2012,6,5,7,116
2012,6,5,8,147
2012,6,5,9,184
2012,6,5,10,184
2012,6,5,11,177
2012,6,5,12,237
2012,6,5,13,192
2012,6,5,14,178
2012,6,5,15,197
2012,6,5,16,213
2012,6,5,17,182
2012,6,5,18,195
2012,6,5,19,239
2012,6,5,20,214
2012,6,5,21,219
2012,6,5,22,220
2012,6,5,23,195
2012,6,6,0,308
2012,6,6,1,168
2012,6,6,2,136
2012,6,6,3,95
2012,6,6,4,83
2012,6,6,5,56
2012,6,6,6,97
2012,6,6,7,121
2012,6,6,8,223
2012,6,6,9,283
2012,6,6,10,228
2012,6,6,11,257
2012,6,6,12,349
2012,6,6,13,239
2012,6,6,14,273
2012,6,6,15,283
2012,6,6,16,276
2012,6,6,17,290
2012,6,6,18,296
2012,6,6,19,302
2012,6,6,20,312
2012,6,6,21,281
2012,6,6,22,353
2012,6,6,23,279
2012,6,7,0,328
2012,6,7,1,241
2012,6,7,2,229
2012,6,7,3,191
2012,6,7,4,141
2012,6,7,5,91
2012,6,7,6,68
2012,6,7,7,89
2012,6,7,8,117
2012,6,7,9,181
2012,6,7,10,203
2012,6,7,11,209
2012,6,7,12,281
2012,6,7,13,213
2012,6,7,14,246
2012,6,7,15,217
2012,6,7,16,231
2012,6,7,17,235
2012,6,7,18,282
2012,6,7,19,260
2012,6,7,20,280
2012,6,7,21,307
2012,6,7,22,295
2012,6,7,23,259
2012,7,1,0,349
2012,7,1,1,245
2012,7,1,2,233
2012,7,1,3,212
2012,7,1,4,167
2012,7,1,5,131
2012,7,1,6,116
2012,7,1,7,117
2012,7,1,8,120
2012,7,1,9,195
2012,7,1,10,200
2012,7,1,11,211
2012,7,1,12,256
2012,7,1,13,211
2012,7,1,14,266
2012,7,1,15,272
2012,7,1,16,237
2012,7,1,17,246
2012,7,1,18,256
2012,7,1,19,276
2012,7,1,20,289
2012,7,1,21,254
2012,7,1,22,287
2012,7,1,23,265
2012,7,2,0,296
2012,7,2,1,169
2012,7,2,2,129
2012,7,2,3,91
2012,7,2,4,44
2012,7,2,5,73
2012,7,2,6,85
2012,7,2,7,111
2012,7,2,8,148
2012,7,2,9,238
2012,7,2,10,235
2012,7,2,11,206
2012,7,2,12,276
2012,7,2,13,233
2012,7,2,14,279
2012,7,2,15,294
2012,7,2,16,236
2012,7,2,17,275
2012,7,2,18,286
2012,7,2,19,304
2012,7,2,20,278
2012,7,2,21,288
2012,7,2,22,315
2012,7,2,23,207
2012,7,3,0,258
2012,7,3,1,140
2012,7,3,2,116
2012,7,3,3,102
2012,7,3,4,81
2012,7,3,5,67
2012,7,3,6,76
2012,7,3,7,119
2012,7,3,8,158
2012,7,3,9,195
2012,7,3,10,189
2012,7,3,11,227
2012,7,3,12,279
2012,7,3,13,232
2012,7,3,14,257
2012,7,3,15,263
2012,7,3,16,242
2012,7,3,17,239
2012,7,3,18,278
2012,7,3,19,305
2012,7,3,20,311
2012,7,3,21,301
2012,7,3,22,338
2012,7,3,23,246
2012,7,4,0,234
2012,7,4,1,126
2012,7,4,2,99
2012,7,4,3,84
2012,7,4,4,87
2012,7,4,5,65
2012,7,4,6,79
2012,7,4,7,107
2012,7,4,8,114
2012,7,4,9,177
2012,7,4,10,151
2012,7,4,11,174
2012,7,4,12,238
2012,7,4,13,174
2012,7,4,14,187
2012,7,4,15,187
2012,7,4,16,201
2012,7,4,17,204
2012,7,4,18,221
2012,7,4,19,224
2012,7,4,20,249
2012,7,4,21,236
2012,7,4,22,238
2012,7,4,23,209
2012,7,5,0,266
2012,7,5,1,150
2012,7,5,2,133
2012,7,5,3,117
2012,7,5,4,52
2012,7,5,5,58
2012,7,5,6,68
2012,7,5,7,79
2012,7,5,8,149
2012,7,5,9,141
2012,7,5,10,147
2012,7,5,11,169
2012,7,5,12,210
2012,7,5,13,205
2012,7,5,14,171
2012,7,5,15,190
2012,7,5,16,200
2012,7,5,17,171
2012,7,5,18,200
2012,7,5,19,218
2012,7,5,20,218
2012,7,5,21,216
2012,7,5,22,234
2012,7,5,23,185
2012,7,6,0,232
2012,7,6,1,135
2012,7,6,2,116
2012,7,6,3,109
2012,7,6,4,62
2012,7,6,5,64
2012,7,6,6,63
2012,7,6,7,92
2012,7,6,8,136
2012,7,6,9,183
2012,7,6,10,173
2012,7,6,11,164
2012,7,6,12,223
2012,7,6,13,194
2012,7,6,14,181
2012,7,6,15,220
2012,7,6,16,182
2012,7,6,17,213
2012,7,6,18,252
2012,7,6,19,261
2012,7,6,20,256
2012,7,6,21,235
2012,7,6,22,266
2012,7,6,23,211
2012,7,7,0,262
2012,7,7,1,207
2012,7,7,2,196
2012,7,7,3,165
2012,7,7,4,146
2012,7,7,5,90
2012,7,7,6,75
2012,7,7,7,91
2012,7,7,8,108
2012,7,7,9,147
2012,7,7,10,146
2012,7,7,11,163
2012,7,7,12,202
2012,7,7,13,153
2012,7,7,14,198
2012,7,7,15,204
2012,7,7,16,187
2012,7,7,17,176
2012,7,7,18,221
2012,7,7,19,185
2012,7,7,20,200
2012,7,7,21,222
2012,7,7,22,250
2012,7,7,23,232
2012,8,1,0,236
2012,8,1,1,193
2012,8,1,2,181
2012,8,1,3,156
2012,8,1,4,118
2012,8,1,5,76
2012,8,1,6,81
2012,8,1,7,59
2012,8,1,8,58
2012,8,1,9,140
2012,8,1,10,143
2012,8,1,11,153
2012,8,1,12,176
2012,8,1,13,161
2012,8,1,14,168
2012,8,1,15,176
2012,8,1,16,194
2012,8,1,17,162
2012,8,1,18,180
2012,8,1,19,174
2012,8,1,20,198
2012,8,1,21,176
2012,8,1,22,223
2012,8,1,23,170
2012,8,2,0,204
2012,8,2,1,109
2012,8,2,2,79
2012,8,2,3,72
2012,8,2,4,45
2012,8,2,5,45
2012,8,2,6,66
2012,8,2,7,98
2012,8,2,8,108
2012,8,2,9,166
2012,8,2,10,163
2012,8,2,11,174
2012,8,2,12,192
2012,8,2,13,183
2012,8,2,14,161
2012,8,2,15,193
2012,8,2,16,207
2012,8,2,17,180
2012,8,2,18,211
2012,8,2,19,218
2012,8,2,20,202
2012,8,2,21,208
2012,8,2,22,183
2012,8,2,23,158
2012,8,3,0,188
2012,8,3,1,102
2012,8,3,2,74
2012,8,3,3,55
2012,8,3,4,67
2012,8,3,5,34
2012,8,3,6,53
2012,8,3,7,91
2012,8,3,8,158
2012,8,3,9,178
2012,8,3,10,144
2012,8,3,11,172
2012,8,3,12,216
2012,8,3,13,168
2012,8,3,14,196
2012,8,3,15,195
2012,8,3,16,203
2012,8,3,17,198
2012,8,3,18,211
2012,8,3,19,244
2012,8,3,20,209
2012,8,3,21,209
2012,8,3,22,225
2012,8,3,23,197
2012,8,4,0,320
2012,8,4,1,162
2012,8,4,2,119
2012,8,4,3,77
2012,8,4,4,67
2012,8,4,5,61
2012,8,4,6,88
2012,8,4,7,129
2012,8,4,8,189
2012,8,4,9,254
2012,8,4,10,208
2012,8,4,11,194
2012,8,4,12,314
2012,8,4,13,215
2012,8,4,14,248
2012,8,4,15,241
2012,8,4,16,248
2012,8,4,17,265
2012,8,4,18,267
2012,8,4,19,273
2012,8,4,20,289
2012,8,4,21,302
2012,8,4,22,256
2012,8,4,23,204
2012,8,5,0,233
2012,8,5,1,147
2012,8,5,2,122
2012,8,5,3,89
2012,8,5,4,85
2012,8,5,5,55
2012,8,5,6,79
2012,8,5,7,118
2012,8,5,8,158
2012,8,5,9,224
2012,8,5,10,199
2012,8,5,11,219
2012,8,5,12,278
2012,8,5,13,217
2012,8,5,14,272
2012,8,5,15,255
2012,8,5,16,260
2012,8,5,17,267
2012,8,5,18,269
2012,8,5,19,255
2012,8,5,20,292
2012,8,5,21,276
2012,8,5,22,261
2012,8,5,23,222
2012,8,6,0,235
2012,8,6,1,149
2012,8,6,2,122
2012,8,6,3,100
2012,8,6,4,71
2012,8,6,5,64
2012,8,6,6,80
2012,8,6,7,128
2012,8,6,8,193
2012,8,6,9,211
2012,8,6,10,220
2012,8,6,11,229
2012,8,6,12,284
2012,8,6,13,228
2012,8,6,14,251
2012,8,6,15,259
2012,8,6,16,219
2012,8,6,17,224
2012,8,6,18,296
2012,8,6,19,282
2012,8,6,20,278
2012,8,6,21,275
2012,8,6,22,301
2012,8,6,23,287
2012,8,7,0,237
2012,8,7,1,207
2012,8,7,2,183
2012,8,7,3,140
2012,8,7,4,94
2012,8,7,5,95
2012,8,7,6,75
2012,8,7,7,68
2012,8,7,8,115
2012,8,7,9,156
2012,8,7,10,171
2012,8,7,11,161
2012,8,7,12,207
2012,8,7,13,157
2012,8,7,14,175
2012,8,7,15,198
2012,8,7,16,149
2012,8,7,17,180
2012,8,7,18,208
2012,8,7,19,212
2012,8,7,20,185
2012,8,7,21,226
2012,8,7,22,229
2012,8,7,23,233
2012,9,1,0,291
2012,9,1,1,223
2012,9,1,2,163
2012,9,1,3,183
2012,9,1,4,117
2012,9,1,5,87
2012,9,1,6,71
2012,9,1,7,80
2012,9,1,8,81
2012,9,1,9,154
2012,9,1,10,179
2012,9,1,11,193
2012,9,1,12,204
2012,9,1,13,168
2012,9,1,14,200
2012,9,1,15,211
2012,9,1,16,208
2012,9,1,17,199
2012,9,1,18,204
2012,9,1,19,227
2012,9,1,20,247
2012,9,1,21,236
2012,9,1,22,274
2012,9,1,23,198
2012,9,2,0,166
2012,9,2,1,96
2012,9,2,2,91
2012,9,2,3,71
2012,9,2,4,57
2012,9,2,5,46
2012,9,2,6,57
2012,9,2,7,104
2012,9,2,8,120
2012,9,2,9,165
2012,9,2,10,157
2012,9,2,11,151
2012,9,2,12,214
2012,9,2,13,150
2012,9,2,14,196
2012,9,2,15,203
2012,9,2,16,175
2012,9,2,17,185
2012,9,2,18,193
2012,9,2,19,197
2012,9,2,20,207
2012,9,2,21,217
2012,9,2,22,182
2012,9,2,23,142
2012,9,3,0,159
2012,9,3,1,96
2012,9,3,2,60
2012,9,3,3,54
2012,9,3,4,43
2012,9,3,5,47
2012,9,3,6,67
2012,9,3,7,104
2012,9,3,8,150
2012,9,3,9,171
2012,9,3,10,180
2012,9,3,11,161
2012,9,3,12,212
2012,9,3,13,159
2012,9,3,14,161
2012,9,3,15,179
2012,9,3,16,187
2012,9,3,17,183
2012,9,3,18,208
2012,9,3,19,204
2012,9,3,20,240
2012,9,3,21,194
2012,9,3,22,214
2012,9,3,23,148
2012,9,4,0,162
2012,9,4,1,89
2012,9,4,2,51
2012,9,4,3,50
2012,9,4,4,36
2012,9,4,5,40
2012,9,4,6,69
2012,9,4,7,101
2012,9,4,8,151
2012,9,4,9,203
2012,9,4,10,154
2012,9,4,11,162
2012,9,4,12,210
2012,9,4,13,178
2012,9,4,14,187
2012,9,4,15,208
2012,9,4,16,198
2012,9,4,17,186
2012,9,4,18,240
2012,9,4,19,237
2012,9,4,20,206
2012,9,4,21,195
2012,9,4,22,188
2012,9,4,23,144
2012,9,5,0,176
2012,9,5,1,104
2012,9,5,2,82
2012,9,5,3,58
2012,9,5,4,51
2012,9,5,5,43
2012,9,5,6,84
2012,9,5,7,106
2012,9,5,8,151
2012,9,5,9,174
2012,9,5,10,176
2012,9,5,11,149
2012,9,5,12,206
2012,9,5,13,168
2012,9,5,14,174
2012,9,5,15,228
2012,9,5,16,183
2012,9,5,17,200
2012,9,5,18,213
2012,9,5,19,189
2012,9,5,20,190
2012,9,5,21,174
2012,9,5,22,208
2012,9,5,23,158
2012,9,6,0,175
2012,9,6,1,103
2012,9,6,2,91
2012,9,6,3,47
2012,9,6,4,45
2012,9,6,5,48
2012,9,6,6,71
2012,9,6,7,95
2012,9,6,8,149
2012,9,6,9,187
2012,9,6,10,192
2012,9,6,11,177
2012,9,6,12,209
2012,9,6,13,163
2012,9,6,14,174
2012,9,6,15,217
2012,9,6,16,237
2012,9,6,17,216
2012,9,6,18,215
2012,9,6,19,229
2012,9,6,20,236
2012,9,6,21,204
2012,9,6,22,250
2012,9,6,23,209
2012,9,7,0,313
2012,9,7,1,220
2012,9,7,2,214
2012,9,7,3,167
2012,9,7,4,128
2012,9,7,5,80
2012,9,7,6,84
2012,9,7,7,107
2012,9,7,8,109
2012,9,7,9,215
2012,9,7,10,204
2012,9,7,11,223
2012,9,7,12,257
2012,9,7,13,216
2012,9,7,14,229
2012,9,7,15,241
2012,9,7,16,212
2012,9,7,17,221
2012,9,7,18,241
2012,9,7,19,285
2012,9,7,20,261
2012,9,7,21,249
2012,9,7,22,302
2012,9,7,23,244
2012,10,1,0,219
2012,10,1,1,172
2012,10,1,2,138
2012,10,1,3,151
2012,10,1,4,74
2012,10,1,5,77
2012,10,1,6,49
2012,10,1,7,36
2012,10,1,8,83
2012,10,1,9,102
2012,10,1,10,140
2012,10,1,11,161
2012,10,1,12,160
2012,10,1,13,158
2012,10,1,14,155
2012,10,1,15,165
2012,10,1,16,158
2012,10,1,17,172
2012,10,1,18,156
2012,10,1,19,200
2012,10,1,20,175
2012,10,1,21,204
2012,10,1,22,166
2012,10,1,23,114
2012,10,2,0,260
2012,10,2,1,96
2012,10,2,2,75
2012,10,2,3,51
2012,10,2,4,45
2012,10,2,5,51
2012,10,2,6,79
2012,10,2,7,112
2012,10,2,8,210
2012,10,2,9,273
2012,10,2,10,229
2012,10,2,11,212
2012,10,2,12,321
2012,10,2,13,209
2012,10,2,14,248
2012,10,2,15,248
2012,10,2,16,260
2012,10,2,17,255
2012,10,2,18,250
2012,10,2,19,263
2012,10,2,20,235
2012,10,2,21,202
2012,10,2,22,198
2012,10,2,23,186
2012,10,3,0,216
2012,10,3,1,106
2012,10,3,2,73
2012,10,3,3,57
2012,10,3,4,48
2012,10,3,5,49
2012,10,3,6,61
2012,10,3,7,127
2012,10,3,8,186
2012,10,3,9,233
2012,10,3,10,204
2012,10,3,11,203
2012,10,3,12,247
2012,10,3,13,223
2012,10,3,14,211
2012,10,3,15,256
2012,10,3,16,243
2012,10,3,17,233
2012,10,3,18,256
2012,10,3,19,296
2012,10,3,20,267
2012,10,3,21,268
2012,10,3,22,221
2012,10,3,23,155
2012,10,4,0,227
2012,10,4,1,94
2012,10,4,2,70
2012,10,4,3,63
2012,10,4,4,52
2012,10,4,5,47
2012,10,4,6,73
2012,10,4,7,132
2012,10,4,8,194
2012,10,4,9,258
2012,10,4,10,222
2012,10,4,11,232
2012,10,4,12,312
2012,10,4,13,284
2012,10,4,14,241
2012,10,4,15,282
2012,10,4,16,288
2012,10,4,17,234
2012,10,4,18,266
2012,10,4,19,287
2012,10,4,20,314
2012,10,4,21,226
2012,10,4,22,224
2012,10,4,23,186
2012,10,5,0,154
2012,10,5,1,68
2012,10,5,2,70
2012,10,5,3,65
2012,10,5,4,44
2012,10,5,5,48
2012,10,5,6,64
2012,10,5,7,103
2012,10,5,8,134
2012,10,5,9,190
2012,10,5,10,184
2012,10,5,11,191
2012,10,5,12,221
2012,10,5,13,179
2012,10,5,14,184
2012,10,5,15,228
2012,10,5,16,193
2012,10,5,17,188
2012,10,5,18,187
2012,10,5,19,184
2012,10,5,20,180
2012,10,5,21,177
2012,10,5,22,143
2012,10,5,23,116
2012,10,6,0,148
2012,10,6,1,73
2012,10,6,2,77
2012,10,6,3,55
2012,10,6,4,46
2012,10,6,5,32
2012,10,6,6,53
2012,10,6,7,106
2012,10,6,8,146
2012,10,6,9,210
2012,10,6,10,178
2012,10,6,11,176
2012,10,6,12,200
2012,10,6,13,205
2012,10,6,14,197
2012,10,6,15,220
2012,10,6,16,236
2012,10,6,17,189
2012,10,6,18,191
2012,10,6,19,216
2012,10,6,20,238
2012,10,6,21,197
2012,10,6,22,208
2012,10,6,23,188
2012,10,7,0,229
2012,10,7,1,145
2012,10,7,2,146
2012,10,7,3,97
2012,10,7,4,84
2012,10,7,5,46
2012,10,7,6,54
2012,10,7,7,60
2012,10,7,8,80
2012,10,7,9,150
2012,10,7,10,159
2012,10,7,11,142
2012,10,7,12,160
2012,10,7,13,155
2012,10,7,14,156
2012,10,7,15,159
2012,10,7,16,168
2012,10,7,17,167
2012,10,7,18,180
2012,10,7,19,211
2012,10,7,20,186
2012,10,7,21,208
2012,10,7,22,178
2012,10,7,23,185
2012,11,1,0,230
2012,11,1,1,168
2012,11,1,2,144
2012,11,1,3,122
2012,11,1,4,84
2012,11,1,5,56
2012,11,1,6,41
2012,11,1,7,57
2012,11,1,8,77
2012,11,1,9,133
2012,11,1,10,153
2012,11,1,11,142
2012,11,1,12,164
2012,11,1,13,139
2012,11,1,14,150
2012,11,1,15,150
2012,11,1,16,171
2012,11,1,17,171
2012,11,1,18,168
2012,11,1,19,162
2012,11,1,20,169
2012,11,1,21,155
2012,11,1,22,149
2012,11,1,23,123
2012,11,2,0,150
2012,11,2,1,66
2012,11,2,2,62
2012,11,2,3,45
2012,11,2,4,23
2012,11,2,5,34
2012,11,2,6,70
2012,11,2,7,94
2012,11,2,8,145
2012,11,2,9,189
2012,11,2,10,161
2012,11,2,11,193
2012,11,2,12,211
2012,11,2,13,154
2012,11,2,14,164
2012,11,2,15,200
2012,11,2,16,180
2012,11,2,17,185
2012,11,2,18,191
2012,11,2,19,192
2012,11,2,20,176
2012,11,2,21,160
2012,11,2,22,185
2012,11,2,23,122
2012,11,3,0,163
2012,11,3,1,64
2012,11,3,2,50
2012,11,3,3,32
2012,11,3,4,34
2012,11,3,5,41
2012,11,3,6,57
2012,11,3,7,104
2012,11,3,8,152
2012,11,3,9,175
2012,11,3,10,173
2012,11,3,11,169
2012,11,3,12,213
2012,11,3,13,170
2012,11,3,14,167
2012,11,3,15,193
2012,11,3,16,172
2012,11,3,17,204
2012,11,3,18,187
2012,11,3,19,199
2012,11,3,20,195
2012,11,3,21,167
2012,11,3,22,159
2012,11,3,23,106
2012,11,4,0,146
2012,11,4,1,70
2012,11,4,2,60
2012,11,4,3,30
2012,11,4,4,25
2012,11,4,5,31
2012,11,4,6,68
2012,11,4,7,111
2012,11,4,8,168
2012,11,4,9,184
2012,11,4,10,182
2012,11,4,11,168
2012,11,4,12,203
2012,11,4,13,133
2012,11,4,14,187
2012,11,4,15,236
2012,11,4,16,179
2012,11,4,17,239
2012,11,4,18,192
2012,11,4,19,194
2012,11,4,20,177
2012,11,4,21,193
2012,11,4,22,161
2012,11,4,23,135
2012,11,5,0,252
2012,11,5,1,116
2012,11,5,2,96
2012,11,5,3,75
2012,11,5,4,76
2012,11,5,5,49
2012,11,5,6,83
2012,11,5,7,142
2012,11,5,8,205
2012,11,5,9,226
2012,11,5,10,200
2012,11,5,11,184
2012,11,5,12,265
2012,11,5,13,233
2012,11,5,14,219
2012,11,5,15,235
2012,11,5,16,221
2012,11,5,17,216
2012,11,5,18,238
2012,11,5,19,269
2012,11,5,20,233
2012,11,5,21,216
2012,11,5,22,221
2012,11,5,23,183
2012,11,6,0,216
2012,11,6,1,113
2012,11,6,2,73
2012,11,6,3,71
2012,11,6,4,61
2012,11,6,5,48
2012,11,6,6,77
2012,11,6,7,113
2012,11,6,8,178
2012,11,6,9,222
2012,11,6,10,206
2012,11,6,11,217
2012,11,6,12,268
2012,11,6,13,183
2012,11,6,14,276
2012,11,6,15,270
2012,11,6,16,275
2012,11,6,17,226
2012,11,6,18,276
2012,11,6,19,272
2012,11,6,20,275
2012,11,6,21,263
2012,11,6,22,264
2012,11,6,23,209
2012,11,7,0,229
2012,11,7,1,143
2012,11,7,2,136
2012,11,7,3,114
2012,11,7,4,80
2012,11,7,5,71
2012,11,7,6,41
2012,11,7,7,59
2012,11,7,8,81
2012,11,7,9,128
2012,11,7,10,139
2012,11,7,11,157
2012,11,7,12,179
2012,11,7,13,146
2012,11,7,14,171
2012,11,7,15,151
2012,11,7,16,159
2012,11,7,17,160
2012,11,7,18,182
2012,11,7,19,209
2012,11,7,20,192
2012,11,7,21,177
2012,11,7,22,203
2012,11,7,23,185
2012,12,1,0,241
2012,12,1,1,176
2012,12,1,2,153
2012,12,1,3,142
2012,12,1,4,106
2012,12,1,5,89
2012,12,1,6,68
2012,12,1,7,61
2012,12,1,8,99
2012,12,1,9,137
2012,12,1,10,130
2012,12,1,11,174
2012,12,1,12,211
2012,12,1,13,148
2012,12,1,14,157
2012,12,1,15,171
2012,12,1,16,203
2012,12,1,17,192
2012,12,1,18,211
2012,12,1,19,203
2012,12,1,20,229
2012,12,1,21,203
2012,12,1,22,206
2012,12,1,23,154
2012,12,2,0,234
2012,12,2,1,93
2012,12,2,2,83
2012,12,2,3,59
2012,12,2,4,54
2012,12,2,5,47
2012,12,2,6,79
2012,12,2,7,104
2012,12,2,8,164
2012,12,2,9,212
2012,12,2,10,212
2012,12,2,11,214
2012,12,2,12,216
2012,12,2,13,188
2012,12,2,14,222
2012,12,2,15,244
2012,12,2,16,222
2012,12,2,17,209
2012,12,2,18,221
2012,12,2,19,229
2012,12,2,20,199
2012,12,2,21,220
2012,12,2,22,194
2012,12,2,23,147
2012,12,3,0,160
2012,12,3,1,74
2012,12,3,2,72
2012,12,3,3,53
2012,12,3,4,31
2012,12,3,5,43
2012,12,3,6,45
2012,12,3,7,81
2012,12,3,8,136
2012,12,3,9,157
2012,12,3,10,148
2012,12,3,11,153
2012,12,3,12,177
2012,12,3,13,139
2012,12,3,14,159
2012,12,3,15,188
2012,12,3,16,155
2012,12,3,17,151
2012,12,3,18,178
2012,12,3,19,200
2012,12,3,20,177
2012,12,3,21,160
2012,12,3,22,151
2012,12,3,23,129
2012,12,4,0,175
2012,12,4,1,84
2012,12,4,2,57
2012,12,4,3,36
2012,12,4,4,18
2012,12,4,5,38
2012,12,4,6,41
2012,12,4,7,90
2012,12,4,8,122
2012,12,4,9,167
2012,12,4,10,179
2012,12,4,11,198
2012,12,4,12,215
2012,12,4,13,166
2012,12,4,14,160
2012,12,4,15,185
2012,12,4,16,198
2012,12,4,17,178
2012,12,4,18,195
2012,12,4,19,191
2012,12,4,20,152
2012,12,4,21,163
2012,12,4,22,138
2012,12,4,23,128
2012,12,5,0,142
2012,12,5,1,66
2012,12,5,2,66
2012,12,5,3,43
2012,12,5,4,30
2012,12,5,5,45
2012,12,5,6,71
2012,12,5,7,80
2012,12,5,8,135
2012,12,5,9,165
2012,12,5,10,140
2012,12,5,11,166
2012,12,5,12,214
2012,12,5,13,157
2012,12,5,14,198
2012,12,5,15,164
2012,12,5,16,181
2012,12,5,17,159
2012,12,5,18,184
2012,12,5,19,187
2012,12,5,20,164
2012,12,5,21,175
2012,12,5,22,155
2012,12,5,23,111
2012,12,6,0,173
2012,12,6,1,70
2012,12,6,2,70
2012,12,6,3,54
2012,12,6,4,41
2012,12,6,5,43
2012,12,6,6,52
2012,12,6,7,88
2012,12,6,8,124
2012,12,6,9,165
2012,12,6,10,145
2012,12,6,11,170
2012,12,6,12,217
2012,12,6,13,152
2012,12,6,14,196
2012,12,6,15,197
2012,12,6,16,225
2012,12,6,17,211
2012,12,6,18,206
2012,12,6,19,193
2012,12,6,20,185
2012,12,6,21,176
2012,12,6,22,181
2012,12,6,23,155
2012,12,7,0,243
2012,12,7,1,164
2012,12,7,2,182
2012,12,7,3,146
2012,12,7,4,83
2012,12,7,5,59
2012,12,7,6,59
2012,12,7,7,69
2012,12,7,8,125
2012,12,7,9,175
2012,12,7,10,168
2012,12,7,11,192
2012,12,7,12,246
2012,12,7,13,196
2012,12,7,14,194
2012,12,7,15,186
2012,12,7,16,204
2012,12,7,17,204
2012,12,7,18,225
2012,12,7,19,249
2012,12,7,20,213
2012,12,7,21,194
2012,12,7,22,238
2012,12,7,23,220
2013,1,1,0,152
2013,1,1,1,124
2013,1,1,2,136
2013,1,1,3,121
2013,1,1,4,80
2013,1,1,5,49
2013,1,1,6,42
2013,1,1,7,47
2013,1,1,8,63
2013,1,1,9,101
2013,1,1,10,124
2013,1,1,11,141
2013,1,1,12,134
2013,1,1,13,112
2013,1,1,14,146
2013,1,1,15,174
2013,1,1,16,114
2013,1,1,17,118
2013,1,1,18,130
2013,1,1,19,156
2013,1,1,20,159
2013,1,1,21,135
2013,1,1,22,143
2013,1,1,23,101
2013,1,2,0,137
2013,1,2,1,68
2013,1,2,2,44
2013,1,2,3,59
2013,1,2,4,32
2013,1,2,5,34
2013,1,2,6,45
2013,1,2,7,111
2013,1,2,8,131
2013,1,2,9,163
2013,1,2,10,165
2013,1,2,11,151
2013,1,2,12,176
2013,1,2,13,167
2013,1,2,14,175
2013,1,2,15,185
2013,1,2,16,180
2013,1,2,17,155
2013,1,2,18,187
2013,1,2,19,199
2013,1,2,20,160
2013,1,2,21,172
2013,1,2,22,145
2013,1,2,23,95
2013,1,3,0,480
2013,1,3,1,165
2013,1,3,2,134
2013,1,3,3,84
2013,1,3,4,92
2013,1,3,5,68
2013,1,3,6,63
2013,1,3,7,125
2013,1,3,8,197
2013,1,3,9,306
2013,1,3,10,199
2013,1,3,11,169
2013,1,3,12,271
2013,1,3,13,199
2013,1,3,14,206
2013,1,3,15,232
2013,1,3,16,236
2013,1,3,17,195
2013,1,3,18,218
2013,1,3,19,228
2013,1,3,20,251
2013,1,3,21,208
2013,1,3,22,175
2013,1,3,23,134
2013,1,4,0,155
2013,1,4,1,78
2013,1,4,2,67
2013,1,4,3,49
2013,1,4,4,29
2013,1,4,5,31
2013,1,4,6,74
2013,1,4,7,121
2013,1,4,8,192
2013,1,4,9,197
2013,1,4,10,212
2013,1,4,11,214
2013,1,4,12,266
2013,1,4,13,245
2013,1,4,14,210
2013,1,4,15,246
2013,1,4,16,233
2013,1,4,17,232
2013,1,4,18,264
2013,1,4,19,236
2013,1,4,20,239
2013,1,4,21,188
2013,1,4,22,192
2013,1,4,23,150
2013,1,5,0,180
2013,1,5,1,89
2013,1,5,2,79
2013,1,5,3,48
2013,1,5,4,35
2013,1,5,5,43
2013,1,5,6,80
2013,1,5,7,125
2013,1,5,8,189
2013,1,5,9,234
2013,1,5,10,224
2013,1,5,11,183
2013,1,5,12,254
2013,1,5,13,228
2013,1,5,14,250
2013,1,5,15,239
2013,1,5,16,214
2013,1,5,17,193
2013,1,5,18,218
2013,1,5,19,244
2013,1,5,20,202
2013,1,5,21,221
2013,1,5,22,193
2013,1,5,23,127
2013,1,6,0,122
2013,1,6,1,65
2013,1,6,2,58
2013,1,6,3,45
2013,1,6,4,43
2013,1,6,5,40
2013,1,6,6,51
2013,1,6,7,113
2013,1,6,8,121
2013,1,6,9,179
2013,1,6,10,150
2013,1,6,11,162
2013,1,6,12,195
2013,1,6,13,163
2013,1,6,14,177
2013,1,6,15,209
2013,1,6,16,214
2013,1,6,17,195
2013,1,6,18,219
2013,1,6,19,229
2013,1,6,20,201
2013,1,6,21,186
2013,1,6,22,213
2013,1,6,23,173
2013,1,7,0,169
2013,1,7,1,144
2013,1,7,2,132
2013,1,7,3,105
2013,1,7,4,67
2013,1,7,5,53
2013,1,7,6,54
2013,1,7,7,58
2013,1,7,8,73
2013,1,7,9,117
2013,1,7,10,137
2013,1,7,11,140
2013,1,7,12,159
2013,1,7,13,174
2013,1,7,14,157
2013,1,7,15,172
2013,1,7,16,142
2013,1,7,17,149
2013,1,7,18,182
2013,1,7,19,202
2013,1,7,20,146
2013,1,7,21,179
2013,1,7,22,176
2013,1,7,23,146
2013,2,1,0,125
2013,2,1,1,107
2013,2,1,2,124
2013,2,1,3,127
2013,2,1,4,78
2013,2,1,5,61
2013,2,1,6,41
2013,2,1,7,46
2013,2,1,8,74
2013,2,1,9,117
2013,2,1,10,104
2013,2,1,11,123
2013,2,1,12,151
2013,2,1,13,100
2013,2,1,14,136
2013,2,1,15,139
2013,2,1,16,133
2013,2,1,17,117
2013,2,1,18,144
2013,2,1,19,136
2013,2,1,20,134
2013,2,1,21,141
2013,2,1,22,146
2013,2,1,23,120
2013,2,2,0,131
2013,2,2,1,64
2013,2,2,2,55
2013,2,2,3,47
2013,2,2,4,25
2013,2,2,5,40
2013,2,2,6,50
2013,2,2,7,87
2013,2,2,8,116
2013,2,2,9,147
2013,2,2,10,154
2013,2,2,11,151
2013,2,2,12,191
2013,2,2,13,159
2013,2,2,14,163
2013,2,2,15,189
2013,2,2,16,164
2013,2,2,17,176
2013,2,2,18,156
2013,2,2,19,180
2013,2,2,20,170
2013,2,2,21,148
2013,2,2,22,137
2013,2,2,23,104
2013,2,3,0,121
2013,2,3,1,49
2013,2,3,2,45
2013,2,3,3,30
2013,2,3,4,32
2013,2,3,5,30
2013,2,3,6,63
2013,2,3,7,91
2013,2,3,8,142
2013,2,3,9,179
2013,2,3,10,161
2013,2,3,11,166
2013,2,3,12,201
2013,2,3,13,164
2013,2,3,14,141
2013,2,3,15,192
2013,2,3,16,163
2013,2,3,17,163
2013,2,3,18,163
2013,2,3,19,162
2013,2,3,20,180
2013,2,3,21,124
2013,2,3,22,130
2013,2,3,23,107
2013,2,4,0,125
2013,2,4,1,64
2013,2,4,2,41
2013,2,4,3,32
2013,2,4,4,32
2013,2,4,5,36
2013,2,4,6,59
2013,2,4,7,82
2013,2,4,8,141
2013,2,4,9,218
2013,2,4,10,181
2013,2,4,11,161
2013,2,4,12,215
2013,2,4,13,171
2013,2,4,14,195
2013,2,4,15,189
2013,2,4,16,173
2013,2,4,17,166
2013,2,4,18,184
2013,2,4,19,199
2013,2,4,20,175
2013,2,4,21,169
2013,2,4,22,149
2013,2,4,23,125
2013,2,5,0,119
2013,2,5,1,72
2013,2,5,2,51
2013,2,5,3,38
2013,2,5,4,32
2013,2,5,5,28
2013,2,5,6,53
2013,2,5,7,88
2013,2,5,8,133
2013,2,5,9,204
2013,2,5,10,177
2013,2,5,11,144
2013,2,5,12,168
2013,2,5,13,162
2013,2,5,14,201
2013,2,5,15,193
2013,2,5,16,171
2013,2,5,17,171
2013,2,5,18,156
2013,2,5,19,176
2013,2,5,20,178
2013,2,5,21,138
2013,2,5,22,130
2013,2,5,23,97
2013,2,6,0,182
2013,2,6,1,63
2013,2,6,2,72
2013,2,6,3,33
2013,2,6,4,36
2013,2,6,5,41
2013,2,6,6,55
2013,2,6,7,72
2013,2,6,8,142
2013,2,6,9,214
2013,2,6,10,152
2013,2,6,11,159
2013,2,6,12,211
2013,2,6,13,161
2013,2,6,14,184
2013,2,6,15,198
2013,2,6,16,181
2013,2,6,17,162
2013,2,6,18,193
2013,2,6,19,200
2013,2,6,20,195
2013,2,6,21,185
2013,2,6,22,162
2013,2,6,23,149
2013,2,7,0,152
2013,2,7,1,108
2013,2,7,2,127
2013,2,7,3,88
2013,2,7,4,57
2013,2,7,5,43
2013,2,7,6,58
2013,2,7,7,47
2013,2,7,8,81
2013,2,7,9,138
2013,2,7,10,147
2013,2,7,11,133
2013,2,7,12,160
2013,2,7,13,153
2013,2,7,14,138
2013,2,7,15,122
2013,2,7,16,139
2013,2,7,17,115
2013,2,7,18,137
2013,2,7,19,149
2013,2,7,20,158
2013,2,7,21,173
2013,2,7,22,178
2013,2,7,23,126
2013,3,1,0,211
2013,3,1,1,177
2013,3,1,2,158
2013,3,1,3,186
2013,3,1,4,116
2013,3,1,5,71
2013,3,1,6,73
2013,3,1,7,56
2013,3,1,8,96
2013,3,1,9,128
2013,3,1,10,165
2013,3,1,11,156
2013,3,1,12,193
2013,3,1,13,179
2013,3,1,14,168
2013,3,1,15,200
2013,3,1,16,143
2013,3,1,17,173
2013,3,1,18,181
2013,3,1,19,200
2013,3,1,20,191
2013,3,1,21,188
2013,3,1,22,184
2013,3,1,23,149
2013,3,2,0,159
2013,3,2,1,67
2013,3,2,2,48
2013,3,2,3,46
2013,3,2,4,36
2013,3,2,5,47
2013,3,2,6,31
2013,3,2,7,98
2013,3,2,8,123
2013,3,2,9,173
2013,3,2,10,137
2013,3,2,11,184
2013,3,2,12,191
2013,3,2,13,166
2013,3,2,14,193
2013,3,2,15,201
2013,3,2,16,194
2013,3,2,17,178
2013,3,2,18,171
2013,3,2,19,152
2013,3,2,20,189
2013,3,2,21,156
2013,3,2,22,143
2013,3,2,23,108
2013,3,3,0,145
2013,3,3,1,71
2013,3,3,2,56
2013,3,3,3,41
2013,3,3,4,16
2013,3,3,5,29
2013,3,3,6,48
2013,3,3,7,72
2013,3,3,8,112
2013,3,3,9,198
2013,3,3,10,157
2013,3,3,11,152
2013,3,3,12,196
2013,3,3,13,176
2013,3,3,14,155
2013,3,3,15,196
2013,3,3,16,176
2013,3,3,17,159
2013,3,3,18,184
2013,3,3,19,168
2013,3,3,20,179
2013,3,3,21,159
2013,3,3,22,146
2013,3,3,23,94
2013,3,4,0,135
2013,3,4,1,50
2013,3,4,2,45
2013,3,4,3,39
2013,3,4,4,30
2013,3,4,5,23
2013,3,4,6,49
2013,3,4,7,69
2013,3,4,8,120
2013,3,4,9,144
2013,3,4,10,184
2013,3,4,11,169
2013,3,4,12,196
2013,3,4,13,152
2013,3,4,14,184
2013,3,4,15,215
2013,3,4,16,180
2013,3,4,17,167
2013,3,4,18,188
2013,3,4,19,187
2013,3,4,20,179
2013,3,4,21,169
2013,3,4,22,123
2013,3,4,23,116
2013,3,5,0,117
2013,3,5,1,72
2013,3,5,2,60
2013,3,5,3,44
2013,3,5,4,25
2013,3,5,5,39
2013,3,5,6,48
2013,3,5,7,85
2013,3,5,8,120
2013,3,5,9,156
2013,3,5,10,158
2013,3,5,11,177
2013,3,5,12,201
2013,3,5,13,176
2013,3,5,14,198
2013,3,5,15,197
2013,3,5,16,201
2013,3,5,17,176
2013,3,5,18,203
2013,3,5,19,193
2013,3,5,20,186
2013,3,5,21,166
2013,3,5,22,136
2013,3,5,23,132
2013,3,6,0,236
2013,3,6,1,98
2013,3,6,2,104
2013,3,6,3,66
2013,3,6,4,48
2013,3,6,5,49
2013,3,6,6,55
2013,3,6,7,104
2013,3,6,8,166
2013,3,6,9,263
2013,3,6,10,209
2013,3,6,11,216
2013,3,6,12,284
2013,3,6,13,213
2013,3,6,14,221
2013,3,6,15,287
2013,3,6,16,236
2013,3,6,17,207
2013,3,6,18,248
2013,3,6,19,260
2013,3,6,20,262
2013,3,6,21,250
2013,3,6,22,227
2013,3,6,23,195
2013,3,7,0,210
2013,3,7,1,180
2013,3,7,2,157
2013,3,7,3,124
2013,3,7,4,98
2013,3,7,5,53
2013,3,7,6,51
2013,3,7,7,72
2013,3,7,8,114
2013,3,7,9,167
2013,3,7,10,169
2013,3,7,11,181
2013,3,7,12,204
2013,3,7,13,184
2013,3,7,14,183
2013,3,7,15,212
2013,3,7,16,212
2013,3,7,17,184
2013,3,7,18,226
2013,3,7,19,244
2013,3,7,20,244
2013,3,7,21,220
2013,3,7,22,215
2013,3,7,23,181
2013,4,1,0,175
2013,4,1,1,145
2013,4,1,2,143
2013,4,1,3,115
2013,4,1,4,70
2013,4,1,5,59
2013,4,1,6,46
2013,4,1,7,49
2013,4,1,8,62
2013,4,1,9,129
2013,4,1,10,128
2013,4,1,11,120
2013,4,1,12,175
2013,4,1,13,140
2013,4,1,14,165
2013,4,1,15,165
2013,4,1,16,141
2013,4,1,17,155
2013,4,1,18,184
2013,4,1,19,155
2013,4,1,20,180
2013,4,1,21,178
2013,4,1,22,181
2013,4,1,23,132
2013,4,2,0,239
2013,4,2,1,102
2013,4,2,2,83
2013,4,2,3,57
2013,4,2,4,40
2013,4,2,5,36
2013,4,2,6,66
2013,4,2,7,124
2013,4,2,8,195
2013,4,2,9,272
2013,4,2,10,211
2013,4,2,11,224
2013,4,2,12,308
2013,4,2,13,235
2013,4,2,14,251
2013,4,2,15,256
2013,4,2,16,253
2013,4,2,17,251
2013,4,2,18,246
2013,4,2,19,251
2013,4,2,20,221
2013,4,2,21,236
2013,4,2,22,203
2013,4,2,23,153
2013,4,3,0,176
2013,4,3,1,94
2013,4,3,2,75
2013,4,3,3,48
2013,4,3,4,47
2013,4,3,5,38
2013,4,3,6,68
2013,4,3,7,105
2013,4,3,8,179
2013,4,3,9,229
2013,4,3,10,202
2013,4,3,11,216
2013,4,3,12,261
2013,4,3,13,203
2013,4,3,14,205
2013,4,3,15,260
2013,4,3,16,229
2013,4,3,17,222
2013,4,3,18,265
2013,4,3,19,244
2013,4,3,20,225
2013,4,3,21,220
2013,4,3,22,195
2013,4,3,23,145
2013,4,4,0,143
2013,4,4,1,71
2013,4,4,2,46
2013,4,4,3,41
2013,4,4,4,37
2013,4,4,5,32
2013,4,4,6,36
2013,4,4,7,89
2013,4,4,8,138
2013,4,4,9,191
2013,4,4,10,165
2013,4,4,11,162
2013,4,4,12,232
2013,4,4,13,163
2013,4,4,14,184
2013,4,4,15,233
2013,4,4,16,164
2013,4,4,17,168
2013,4,4,18,164
2013,4,4,19,195
2013,4,4,20,198
2013,4,4,21,162
2013,4,4,22,156
2013,4,4,23,135
2013,4,5,0,129
2013,4,5,1,69
2013,4,5,2,67
2013,4,5,3,43
2013,4,5,4,35
2013,4,5,5,32
2013,4,5,6,49
2013,4,5,7,82
2013,4,5,8,129
2013,4,5,9,162
2013,4,5,10,152
2013,4,5,11,159
2013,4,5,12,222
2013,4,5,13,199
2013,4,5,14,185
2013,4,5,15,216
2013,4,5,16,211
2013,4,5,17,197
2013,4,5,18,195
2013,4,5,19,219
2013,4,5,20,205
2013,4,5,21,173
2013,4,5,22,159
2013,4,5,23,133
2013,4,6,0,161
2013,4,6,1,97
2013,4,6,2,75
2013,4,6,3,50
2013,4,6,4,53
2013,4,6,5,34
2013,4,6,6,63
2013,4,6,7,90
2013,4,6,8,119
2013,4,6,9,183
2013,4,6,10,162
2013,4,6,11,207
2013,4,6,12,226
2013,4,6,13,173
2013,4,6,14,206
2013,4,6,15,201
2013,4,6,16,208
2013,4,6,17,183
2013,4,6,18,178
2013,4,6,19,229
2013,4,6,20,191
2013,4,6,21,181
2013,4,6,22,196
2013,4,6,23,165
2013,4,7,0,171
2013,4,7,1,153
2013,4,7,2,133
2013,4,7,3,110
2013,4,7,4,75
2013,4,7,5,29
2013,4,7,6,48
2013,4,7,7,52
2013,4,7,8,87
2013,4,7,9,119
2013,4,7,10,150
2013,4,7,11,133
2013,4,7,12,183
2013,4,7,13,161
2013,4,7,14,166
2013,4,7,15,162
2013,4,7,16,161
2013,4,7,17,146
2013,4,7,18,168
2013,4,7,19,164
2013,4,7,20,196
2013,4,7,21,168
2013,4,7,22,200
2013,4,7,23,187
2013,5,1,0,164
2013,5,1,1,169
2013,5,1,2,119
2013,5,1,3,91
2013,5,1,4,93
2013,5,1,5,71
2013,5,1,6,43
2013,5,1,7,51
2013,5,1,8,77
2013,5,1,9,111
2013,5,1,10,142
2013,5,1,11,121
2013,5,1,12,181
2013,5,1,13,130
2013,5,1,14,173
2013,5,1,15,170
2013,5,1,16,144
2013,5,1,17,173
2013,5,1,18,194
2013,5,1,19,205
2013,5,1,20,154
2013,5,1,21,164
2013,5,1,22,183
2013,5,1,23,166
2013,5,2,0,150
2013,5,2,1,109
2013,5,2,2,72
2013,5,2,3,53
2013,5,2,4,39
2013,5,2,5,42
2013,5,2,6,62
2013,5,2,7,76
2013,5,2,8,152
2013,5,2,9,204
2013,5,2,10,169
2013,5,2,11,169
2013,5,2,12,201
2013,5,2,13,175
2013,5,2,14,179
2013,5,2,15,207
2013,5,2,16,182
2013,5,2,17,189
2013,5,2,18,210
2013,5,2,19,188
2013,5,2,20,183
2013,5,2,21,184
2013,5,2,22,169
2013,5,2,23,141
2013,5,3,0,111
2013,5,3,1,99
2013,5,3,2,51
2013,5,3,3,39
2013,5,3,4,36
2013,5,3,5,38
2013,5,3,6,75
2013,5,3,7,88
2013,5,3,8,178
2013,5,3,9,168
2013,5,3,10,184
2013,5,3,11,192
2013,5,3,12,239
2013,5,3,13,165
2013,5,3,14,181
2013,5,3,15,202
2013,5,3,16,219
2013,5,3,17,203
2013,5,3,18,212
2013,5,3,19,222
2013,5,3,20,204
2013,5,3,21,173
2013,5,3,22,170
2013,5,3,23,145
2013,5,4,0,262
2013,5,4,1,135
2013,5,4,2,92
2013,5,4,3,87
2013,5,4,4,58
2013,5,4,5,49
2013,5,4,6,68
2013,5,4,7,122
2013,5,4,8,181
2013,5,4,9,266
2013,5,4,10,240
2013,5,4,11,252
2013,5,4,12,322
2013,5,4,13,243
2013,5,4,14,253
2013,5,4,15,303
2013,5,4,16,246
2013,5,4,17,234
2013,5,4,18,233
2013,5,4,19,306
2013,5,4,20,288
2013,5,4,21,257
2013,5,4,22,270
2013,5,4,23,219
2013,5,5,0,219
2013,5,5,1,135
2013,5,5,2,80
2013,5,5,3,74
2013,5,5,4,52
2013,5,5,5,43
2013,5,5,6,95
2013,5,5,7,133
2013,5,5,8,182
2013,5,5,9,227
2013,5,5,10,216
2013,5,5,11,203
2013,5,5,12,264
2013,5,5,13,231
2013,5,5,14,246
2013,5,5,15,276
2013,5,5,16,214
2013,5,5,17,235
2013,5,5,18,250
2013,5,5,19,252
2013,5,5,20,237
2013,5,5,21,231
2013,5,5,22,190
2013,5,5,23,139
2013,5,6,0,178
2013,5,6,1,103
2013,5,6,2,86
2013,5,6,3,62
2013,5,6,4,44
2013,5,6,5,40
2013,5,6,6,79
2013,5,6,7,127
2013,5,6,8,183
2013,5,6,9,230
2013,5,6,10,221
2013,5,6,11,265
2013,5,6,12,279
2013,5,6,13,245
2013,5,6,14,240
2013,5,6,15,283
2013,5,6,16,264
2013,5,6,17,262
2013,5,6,18,224
2013,5,6,19,246
2013,5,6,20,286
2013,5,6,21,262
2013,5,6,22,259
2013,5,6,23,212
2013,5,7,0,163
2013,5,7,1,147
2013,5,7,2,125
2013,5,7,3,95
2013,5,7,4,72
2013,5,7,5,45
2013,5,7,6,42
2013,5,7,7,58
2013,5,7,8,102
2013,5,7,9,135
2013,5,7,10,133
2013,5,7,11,160
2013,5,7,12,214
2013,5,7,13,132
2013,5,7,14,188
2013,5,7,15,200
2013,5,7,16,190
2013,5,7,17,187
2013,5,7,18,207
2013,5,7,19,188
2013,5,7,20,205
2013,5,7,21,174
2013,5,7,22,181
2013,5,7,23,187
2013,6,1,0,261
2013,6,1,1,217
2013,6,1,2,184
2013,6,1,3,178
2013,6,1,4,149
2013,6,1,5,103
2013,6,1,6,58
2013,6,1,7,82
2013,6,1,8,104
2013,6,1,9,133
2013,6,1,10,154
2013,6,1,11,165
2013,6,1,12,215
2013,6,1,13,231
2013,6,1,14,217
2013,6,1,15,201
2013,6,1,16,198
2013,6,1,17,202
2013,6,1,18,252
2013,6,1,19,233
2013,6,1,20,259
2013,6,1,21,217
2013,6,1,22,236
2013,6,1,23,195
2013,6,2,0,192
2013,6,2,1,99
2013,6,2,2,109
2013,6,2,3,69
2013,6,2,4,53
2013,6,2,5,42
2013,6,2,6,55
2013,6,2,7,62
2013,6,2,8,142
2013,6,2,9,210
2013,6,2,10,171
2013,6,2,11,143
2013,6,2,12,215
2013,6,2,13,180
2013,6,2,14,182
2013,6,2,15,188
2013,6,2,16,186
2013,6,2,17,205
2013,6,2,18,221
2013,6,2,19,211
2013,6,2,20,190
2013,6,2,21,182
2013,6,2,22,198
2013,6,2,23,146
2013,6,3,0,178
2013,6,3,1,89
2013,6,3,2,62
2013,6,3,3,48
2013,6,3,4,35
2013,6,3,5,38
2013,6,3,6,72
2013,6,3,7,88
2013,6,3,8,128
2013,6,3,9,164
2013,6,3,10,132
2013,6,3,11,182
2013,6,3,12,227
2013,6,3,13,173
2013,6,3,14,189
2013,6,3,15,212
2013,6,3,16,171
2013,6,3,17,199
2013,6,3,18,199
2013,6,3,19,241
2013,6,3,20,206
2013,6,3,21,200
2013,6,3,22,173
2013,6,3,23,152
2013,6,4,0,149
2013,6,4,1,104
2013,6,4,2,65
2013,6,4,3,64
2013,6,4,4,31
2013,6,4,5,40
2013,6,4,6,55
2013,6,4,7,102
2013,6,4,8,118
2013,6,4,9,159
2013,6,4,10,167
2013,6,4,11,187
2013,6,4,12,227
2013,6,4,13,194
2013,6,4,14,193
2013,6,4,15,254
2013,6,4,16,187
2013,6,4,17,187
2013,6,4,18,209
2013,6,4,19,214
2013,6,4,20,195
2013,6,4,21,179
2013,6,4,22,170
2013,6,4,23,137
2013,6,5,0,177
2013,6,5,1,82
2013,6,5,2,70
2013,6,5,3,64
2013,6,5,4,47
2013,6,5,5,52
2013,6,5,6,67
2013,6,5,7,99
2013,6,5,8,157
2013,6,5,9,185
2013,6,5,10,189
2013,6,5,11,173
2013,6,5,12,206
2013,6,5,13,189
2013,6,5,14,192
2013,6,5,15,230
2013,6,5,16,218
2013,6,5,17,182
2013,6,5,18,203
2013,6,5,19,218
2013,6,5,20,193
2013,6,5,21,175
2013,6,5,22,204
2013,6,5,23,150
2013,6,6,0,172
2013,6,6,1,100
2013,6,6,2,107
2013,6,6,3,70
2013,6,6,4,48
2013,6,6,5,45
2013,6,6,6,59
2013,6,6,7,100
2013,6,6,8,139
2013,6,6,9,148
2013,6,6,10,127
2013,6,6,11,182
2013,6,6,12,227
2013,6,6,13,179
2013,6,6,14,200
2013,6,6,15,184
2013,6,6,16,190
2013,6,6,17,184
2013,6,6,18,217
2013,6,6,19,218
2013,6,6,20,192
2013,6,6,21,196
2013,6,6,22,230
2013,6,6,23,187
2013,6,7,0,355
2013,6,7,1,201
2013,6,7,2,187
2013,6,7,3,149
2013,6,7,4,92
2013,6,7,5,73
2013,6,7,6,87
2013,6,7,7,84
2013,6,7,8,126
2013,6,7,9,195
2013,6,7,10,206
2013,6,7,11,145
2013,6,7,12,296
2013,6,7,13,231
2013,6,7,14,210
2013,6,7,15,267
2013,6,7,16,217
2013,6,7,17,186
2013,6,7,18,197
2013,6,7,19,228
2013,6,7,20,244
2013,6,7,21,218
2013,6,7,22,290
2013,6,7,23,247
2013,7,1,0,232
2013,7,1,1,157
2013,7,1,2,139
2013,7,1,3,132
2013,7,1,4,116
2013,7,1,5,87
2013,7,1,6,51
2013,7,1,7,57
2013,7,1,8,82
2013,7,1,9,120
2013,7,1,10,126
2013,7,1,11,145
2013,7,1,12,173
2013,7,1,13,178
2013,7,1,14,163
2013,7,1,15,180
2013,7,1,16,168
2013,7,1,17,170
2013,7,1,18,189
2013,7,1,19,234
2013,7,1,20,177
2013,7,1,21,187
2013,7,1,22,210
2013,7,1,23,165
2013,7,2,0,305
2013,7,2,1,151
2013,7,2,2,97
2013,7,2,3,88
2013,7,2,4,57
2013,7,2,5,75
2013,7,2,6,86
2013,7,2,7,98
2013,7,2,8,186
2013,7,2,9,246
2013,7,2,10,210
2013,7,2,11,221
2013,7,2,12,293
2013,7,2,13,216
2013,7,2,14,262
2013,7,2,15,253
2013,7,2,16,247
2013,7,2,17,247
2013,7,2,18,273
2013,7,2,19,254
2013,7,2,20,290
2013,7,2,21,270
2013,7,2,22,261
2013,7,2,23,187
2013,7,3,0,222
2013,7,3,1,129
2013,7,3,2,93
2013,7,3,3,74
2013,7,3,4,45
2013,7,3,5,53
2013,7,3,6,69
2013,7,3,7,99
2013,7,3,8,158
2013,7,3,9,208
2013,7,3,10,187
2013,7,3,11,198
2013,7,3,12,238
2013,7,3,13,251
2013,7,3,14,253
2013,7,3,15,234
2013,7,3,16,231
2013,7,3,17,258
2013,7,3,18,261
2013,7,3,19,297
2013,7,3,20,259
2013,7,3,21,241
2013,7,3,22,228
2013,7,3,23,202
2013,7,4,0,219
2013,7,4,1,122
2013,7,4,2,101
2013,7,4,3,71
2013,7,4,4,48
2013,7,4,5,50
2013,7,4,6,73
2013,7,4,7,95
2013,7,4,8,158
2013,7,4,9,207
2013,7,4,10,210
2013,7,4,11,212
2013,7,4,12,269
2013,7,4,13,229
2013,7,4,14,259
2013,7,4,15,254
2013,7,4,16,243
2013,7,4,17,222
2013,7,4,18,262
2013,7,4,19,274
2013,7,4,20,255
2013,7,4,21,243
2013,7,4,22,227
2013,7,4,23,187
2013,7,5,0,175
2013,7,5,1,112
2013,7,5,2,98
2013,7,5,3,67
2013,7,5,4,60
2013,7,5,5,35
2013,7,5,6,55
2013,7,5,7,79
2013,7,5,8,112
2013,7,5,9,162
2013,7,5,10,133
2013,7,5,11,167
2013,7,5,12,206
2013,7,5,13,168
2013,7,5,14,151
2013,7,5,15,209
2013,7,5,16,183
2013,7,5,17,174
2013,7,5,18,201
2013,7,5,19,232
2013,7,5,20,209
2013,7,5,21,216
2013,7,5,22,245
2013,7,5,23,220
2013,7,6,0,239
2013,7,6,1,138
2013,7,6,2,122
2013,7,6,3,82
2013,7,6,4,83
2013,7,6,5,58
2013,7,6,6,62
2013,7,6,7,89
2013,7,6,8,116
2013,7,6,9,146
2013,7,6,10,158
2013,7,6,11,161
2013,7,6,12,227
2013,7,6,13,178
2013,7,6,14,198
2013,7,6,15,189
2013,7,6,16,204
2013,7,6,17,187
2013,7,6,18,195
2013,7,6,19,194
2013,7,6,20,217
2013,7,6,21,206
2013,7,6,22,223
2013,7,6,23,160
2013,7,7,0,204
2013,7,7,1,147
2013,7,7,2,161
2013,7,7,3,110
2013,7,7,4,100
2013,7,7,5,72
2013,7,7,6,70
2013,7,7,7,72
2013,7,7,8,71
2013,7,7,9,139
2013,7,7,10,162
2013,7,7,11,152
2013,7,7,12,175
2013,7,7,13,152
2013,7,7,14,165
2013,7,7,15,187
2013,7,7,16,186
2013,7,7,17,154
2013,7,7,18,179
2013,7,7,19,174
2013,7,7,20,181
2013,7,7,21,205
2013,7,7,22,213
2013,7,7,23,217
2013,8,1,0,211
2013,8,1,1,154
2013,8,1,2,169
2013,8,1,3,143
2013,8,1,4,107
2013,8,1,5,82
2013,8,1,6,60
2013,8,1,7,65
2013,8,1,8,76
2013,8,1,9,115
2013,8,1,10,137
2013,8,1,11,151
2013,8,1,12,176
2013,8,1,13,159
2013,8,1,14,185
2013,8,1,15,169
2013,8,1,16,155
2013,8,1,17,173
2013,8,1,18,194
2013,8,1,19,182
2013,8,1,20,201
2013,8,1,21,189
2013,8,1,22,204
2013,8,1,23,192
2013,8,2,0,214
2013,8,2,1,133
2013,8,2,2,80
2013,8,2,3,77
2013,8,2,4,50
2013,8,2,5,50
2013,8,2,6,66
2013,8,2,7,88
2013,8,2,8,126
2013,8,2,9,157
2013,8,2,10,190
2013,8,2,11,176
2013,8,2,12,198
2013,8,2,13,168
2013,8,2,14,162
2013,8,2,15,179
2013,8,2,16,183
2013,8,2,17,166
2013,8,2,18,210
2013,8,2,19,228
2013,8,2,20,209
2013,8,2,21,232
2013,8,2,22,212
2013,8,2,23,164
2013,8,3,0,185
2013,8,3,1,117
2013,8,3,2,65
2013,8,3,3,57
2013,8,3,4,41
2013,8,3,5,58
2013,8,3,6,57
2013,8,3,7,75
2013,8,3,8,126
2013,8,3,9,178
2013,8,3,10,142
2013,8,3,11,150
2013,8,3,12,245
2013,8,3,13,179
2013,8,3,14,182
2013,8,3,15,193
2013,8,3,16,207
2013,8,3,17,205
2013,8,3,18,187
2013,8,3,19,210
2013,8,3,20,224
2013,8,3,21,208
2013,8,3,22,207
2013,8,3,23,154
2013,8,4,0,166
2013,8,4,1,98
2013,8,4,2,82
2013,8,4,3,65
2013,8,4,4,49
2013,8,4,5,43
2013,8,4,6,58
2013,8,4,7,84
2013,8,4,8,131
2013,8,4,9,166
2013,8,4,10,159
2013,8,4,11,153
2013,8,4,12,223
2013,8,4,13,176
2013,8,4,14,203
2013,8,4,15,184
2013,8,4,16,173
2013,8,4,17,188
2013,8,4,18,200
2013,8,4,19,200
2013,8,4,20,197
2013,8,4,21,234
2013,8,4,22,197
2013,8,4,23,160
2013,8,5,0,284
2013,8,5,1,113
2013,8,5,2,93
2013,8,5,3,80
2013,8,5,4,68
2013,8,5,5,62
2013,8,5,6,74
2013,8,5,7,113
2013,8,5,8,143
2013,8,5,9,228
2013,8,5,10,195
2013,8,5,11,206
2013,8,5,12,289
2013,8,5,13,218
2013,8,5,14,206
2013,8,5,15,244
2013,8,5,16,256
2013,8,5,17,224
2013,8,5,18,255
2013,8,5,19,271
2013,8,5,20,256
2013,8,5,21,308
2013,8,5,22,258
2013,8,5,23,202
2013,8,6,0,231
2013,8,6,1,132
2013,8,6,2,118
2013,8,6,3,88
2013,8,6,4,69
2013,8,6,5,67
2013,8,6,6,88
2013,8,6,7,105
2013,8,6,8,139
2013,8,6,9,218
2013,8,6,10,218
2013,8,6,11,234
2013,8,6,12,241
2013,8,6,13,249
2013,8,6,14,221
2013,8,6,15,278
2013,8,6,16,247
2013,8,6,17,269
2013,8,6,18,246
2013,8,6,19,231
2013,8,6,20,248
2013,8,6,21,264
2013,8,6,22,277
2013,8,6,23,243
2013,8,7,0,278
2013,8,7,1,194
2013,8,7,2,186
2013,8,7,3,176
2013,8,7,4,112
2013,8,7,5,84
2013,8,7,6,87
2013,8,7,7,81
2013,8,7,8,110
2013,8,7,9,154
2013,8,7,10,200
2013,8,7,11,193
2013,8,7,12,227
2013,8,7,13,222
2013,8,7,14,243
2013,8,7,15,245
2013,8,7,16,221
2013,8,7,17,188
2013,8,7,18,207
2013,8,7,19,220
2013,8,7,20,276
2013,8,7,21,270
2013,8,7,22,279
2013,8,7,23,242
2013,9,1,0,287
2013,9,1,1,206
2013,9,1,2,206
2013,9,1,3,177
2013,9,1,4,104
2013,9,1,5,92
2013,9,1,6,68
2013,9,1,7,64
2013,9,1,8,92
2013,9,1,9,187
2013,9,1,10,161
2013,9,1,11,192
2013,9,1,12,230
2013,9,1,13,176
2013,9,1,14,195
2013,9,1,15,205
2013,9,1,16,201
2013,9,1,17,226
2013,9,1,18,225
2013,9,1,19,227
2013,9,1,20,211
2013,9,1,21,234
2013,9,1,22,206
2013,9,1,23,160
2013,9,2,0,217
2013,9,2,1,117
2013,9,2,2,91
2013,9,2,3,74
2013,9,2,4,57
2013,9,2,5,57
2013,9,2,6,75
2013,9,2,7,111
2013,9,2,8,169
2013,9,2,9,207
2013,9,2,10,221
2013,9,2,11,198
2013,9,2,12,226
2013,9,2,13,210
2013,9,2,14,208
2013,9,2,15,257
2013,9,2,16,231
2013,9,2,17,206
2013,9,2,18,246
2013,9,2,19,251
2013,9,2,20,253
2013,9,2,21,215
2013,9,2,22,203
2013,9,2,23,156
2013,9,3,0,159
2013,9,3,1,78
2013,9,3,2,63
2013,9,3,3,60
2013,9,3,4,42
2013,9,3,5,43
2013,9,3,6,58
2013,9,3,7,105
2013,9,3,8,152
2013,9,3,9,167
2013,9,3,10,168
2013,9,3,11,184
2013,9,3,12,200
2013,9,3,13,149
2013,9,3,14,174
2013,9,3,15,210
2013,9,3,16,221
2013,9,3,17,206
2013,9,3,18,190
2013,9,3,19,207
2013,9,3,20,224
2013,9,3,21,180
2013,9,3,22,188
2013,9,3,23,120
2013,9,4,0,150
2013,9,4,1,71
2013,9,4,2,68
2013,9,4,3,55
2013,9,4,4,38
2013,9,4,5,43
2013,9,4,6,52
2013,9,4,7,99
2013,9,4,8,162
2013,9,4,9,161
2013,9,4,10,163
2013,9,4,11,194
2013,9,4,12,178
2013,9,4,13,174
2013,9,4,14,172
2013,9,4,15,202
2013,9,4,16,224
2013,9,4,17,190
2013,9,4,18,197
2013,9,4,19,198
2013,9,4,20,190
2013,9,4,21,165
2013,9,4,22,181
2013,9,4,23,124
2013,9,5,0,157
2013,9,5,1,76
2013,9,5,2,80
2013,9,5,3,66
2013,9,5,4,36
2013,9,5,5,42
2013,9,5,6,67
2013,9,5,7,110
2013,9,5,8,147
2013,9,5,9,176
2013,9,5,10,150
2013,9,5,11,174
2013,9,5,12,186
2013,9,5,13,158
2013,9,5,14,218
2013,9,5,15,176
2013,9,5,16,191
2013,9,5,17,189
2013,9,5,18,198
2013,9,5,19,206
2013,9,5,20,215
2013,9,5,21,186
2013,9,5,22,158
2013,9,5,23,133
2013,9,6,0,153
2013,9,6,1,101
2013,9,6,2,61
2013,9,6,3,59
2013,9,6,4,38
2013,9,6,5,38
2013,9,6,6,66
2013,9,6,7,105
2013,9,6,8,146
2013,9,6,9,190
2013,9,6,10,162
2013,9,6,11,175
2013,9,6,12,219
2013,9,6,13,175
2013,9,6,14,175
2013,9,6,15,231
2013,9,6,16,195
2013,9,6,17,219
2013,9,6,18,214
2013,9,6,19,215
2013,9,6,20,202
2013,9,6,21,203
2013,9,6,22,192
2013,9,6,23,162
2013,9,7,0,189
2013,9,7,1,150
2013,9,7,2,143
2013,9,7,3,115
2013,9,7,4,71
2013,9,7,5,58
2013,9,7,6,47
2013,9,7,7,52
2013,9,7,8,80
2013,9,7,9,129
2013,9,7,10,161
2013,9,7,11,168
2013,9,7,12,168
2013,9,7,13,139
2013,9,7,14,188
2013,9,7,15,188
2013,9,7,16,183
2013,9,7,17,175
2013,9,7,18,184
2013,9,7,19,183
2013,9,7,20,205
2013,9,7,21,198
2013,9,7,22,220
2013,9,7,23,183
2013,10,1,0,202
2013,10,1,1,126
2013,10,1,2,126
2013,10,1,3,106
2013,10,1,4,77
2013,10,1,5,63
2013,10,1,6,43
2013,10,1,7,46
2013,10,1,8,66
2013,10,1,9,112
2013,10,1,10,146
2013,10,1,11,140
2013,10,1,12,158
2013,10,1,13,127
2013,10,1,14,137
2013,10,1,15,167
2013,10,1,16,154
2013,10,1,17,157
2013,10,1,18,157
2013,10,1,19,169
2013,10,1,20,167
2013,10,1,21,165
2013,10,1,22,149
2013,10,1,23,120
2013,10,2,0,132
2013,10,2,1,56
2013,10,2,2,53
2013,10,2,3,46
2013,10,2,4,43
2013,10,2,5,37
2013,10,2,6,49
2013,10,2,7,83
2013,10,2,8,116
2013,10,2,9,173
2013,10,2,10,171
2013,10,2,11,151
2013,10,2,12,199
2013,10,2,13,166
2013,10,2,14,170
2013,10,2,15,178
2013,10,2,16,203
2013,10,2,17,139
2013,10,2,18,188
2013,10,2,19,187
2013,10,2,20,210
2013,10,2,21,167
2013,10,2,22,145
2013,10,2,23,118
2013,10,3,0,242
2013,10,3,1,90
2013,10,3,2,87
2013,10,3,3,53
2013,10,3,4,45
2013,10,3,5,45
2013,10,3,6,70
2013,10,3,7,131
2013,10,3,8,208
2013,10,3,9,245
2013,10,3,10,192
2013,10,3,11,186
2013,10,3,12,246
2013,10,3,13,203
2013,10,3,14,212
2013,10,3,15,265
2013,10,3,16,246
2013,10,3,17,212
2013,10,3,18,232
2013,10,3,19,250
2013,10,3,20,277
2013,10,3,21,211
2013,10,3,22,191
2013,10,3,23,147
2013,10,4,0,188
2013,10,4,1,70
2013,10,4,2,69
2013,10,4,3,44
2013,10,4,4,24
2013,10,4,5,47
2013,10,4,6,58
2013,10,4,7,128
2013,10,4,8,186
2013,10,4,9,228
2013,10,4,10,226
2013,10,4,11,196
2013,10,4,12,254
2013,10,4,13,204
2013,10,4,14,237
2013,10,4,15,258
2013,10,4,16,247
2013,10,4,17,225
2013,10,4,18,242
2013,10,4,19,261
2013,10,4,20,224
2013,10,4,21,192
2013,10,4,22,200
2013,10,4,23,128
2013,10,5,0,192
2013,10,5,1,74
2013,10,5,2,76
2013,10,5,3,51
2013,10,5,4,49
2013,10,5,5,41
2013,10,5,6,75
2013,10,5,7,116
2013,10,5,8,167
2013,10,5,9,198
2013,10,5,10,214
2013,10,5,11,197
2013,10,5,12,244
2013,10,5,13,227
2013,10,5,14,227
2013,10,5,15,263
2013,10,5,16,254
2013,10,5,17,200
2013,10,5,18,218
2013,10,5,19,267
2013,10,5,20,228
2013,10,5,21,235
2013,10,5,22,213
2013,10,5,23,154
2013,10,6,0,153
2013,10,6,1,79
2013,10,6,2,75
2013,10,6,3,52
2013,10,6,4,38
2013,10,6,5,51
2013,10,6,6,52
2013,10,6,7,87
2013,10,6,8,146
2013,10,6,9,187
2013,10,6,10,151
2013,10,6,11,162
2013,10,6,12,203
2013,10,6,13,161
2013,10,6,14,193
2013,10,6,15,197
2013,10,6,16,164
2013,10,6,17,192
2013,10,6,18,183
2013,10,6,19,192
2013,10,6,20,178
2013,10,6,21,185
2013,10,6,22,191
2013,10,6,23,154
2013,10,7,0,186
2013,10,7,1,135
2013,10,7,2,119
2013,10,7,3,88
2013,10,7,4,76
2013,10,7,5,56
2013,10,7,6,34
2013,10,7,7,63
2013,10,7,8,90
2013,10,7,9,110
2013,10,7,10,135
2013,10,7,11,152
2013,10,7,12,180
2013,10,7,13,144
2013,10,7,14,153
2013,10,7,15,161
2013,10,7,16,152
2013,10,7,17,159
2013,10,7,18,148
2013,10,7,19,158
2013,10,7,20,163
2013,10,7,21,186
2013,10,7,22,179
2013,10,7,23,169
2013,11,1,0,173
2013,11,1,1,136
2013,11,1,2,117
2013,11,1,3,92
2013,11,1,4,64
2013,11,1,5,46
2013,11,1,6,45
2013,11,1,7,46
2013,11,1,8,65
2013,11,1,9,127
2013,11,1,10,133
2013,11,1,11,149
2013,11,1,12,157
2013,11,1,13,120
2013,11,1,14,129
2013,11,1,15,163
2013,11,1,16,151
2013,11,1,17,160
2013,11,1,18,165
2013,11,1,19,172
2013,11,1,20,126
2013,11,1,21,160
2013,11,1,22,140
2013,11,1,23,97
2013,11,2,0,145
2013,11,2,1,65
2013,11,2,2,35
2013,11,2,3,38
2013,11,2,4,31
2013,11,2,5,28
2013,11,2,6,55
2013,11,2,7,84
2013,11,2,8,125
2013,11,2,9,195
2013,11,2,10,159
2013,11,2,11,177
2013,11,2,12,197
2013,11,2,13,174
2013,11,2,14,156
2013,11,2,15,193
2013,11,2,16,146
2013,11,2,17,152
2013,11,2,18,171
2013,11,2,19,183
2013,11,2,20,154
2013,11,2,21,131
2013,11,2,22,136
2013,11,2,23,124
2013,11,3,0,133
2013,11,3,1,54
2013,11,3,2,56
2013,11,3,3,28
2013,11,3,4,26
2013,11,3,5,32
2013,11,3,6,64
2013,11,3,7,82
2013,11,3,8,155
2013,11,3,9,148
2013,11,3,10,136
2013,11,3,11,166
2013,11,3,12,203
2013,11,3,13,181
2013,11,3,14,162
2013,11,3,15,191
2013,11,3,16,191
2013,11,3,17,189
2013,11,3,18,190
2013,11,3,19,208
2013,11,3,20,193
2013,11,3,21,156
2013,11,3,22,144
2013,11,3,23,109
2013,11,4,0,124
2013,11,4,1,59
2013,11,4,2,43
2013,11,4,3,34
2013,11,4,4,36
2013,11,4,5,30
2013,11,4,6,59
2013,11,4,7,96
2013,11,4,8,137
2013,11,4,9,155
2013,11,4,10,166
2013,11,4,11,157
2013,11,4,12,198
2013,11,4,13,169
2013,11,4,14,175
2013,11,4,15,216
2013,11,4,16,176
2013,11,4,17,214
2013,11,4,18,206
2013,11,4,19,209
2013,11,4,20,161
2013,11,4,21,160
2013,11,4,22,134
2013,11,4,23,100
2013,11,5,0,133
2013,11,5,1,65
2013,11,5,2,59
2013,11,5,3,47
2013,11,5,4,40
2013,11,5,5,32
2013,11,5,6,50
2013,11,5,7,72
2013,11,5,8,141
2013,11,5,9,150
2013,11,5,10,155
2013,11,5,11,151
2013,11,5,12,173
2013,11,5,13,172
2013,11,5,14,180
2013,11,5,15,171
2013,11,5,16,176
2013,11,5,17,149
2013,11,5,18,176
2013,11,5,19,168
2013,11,5,20,160
2013,11,5,21,133
2013,11,5,22,123
2013,11,5,23,93
2013,11,6,0,235
2013,11,6,1,118
2013,11,6,2,82
2013,11,6,3,72
2013,11,6,4,52
2013,11,6,5,46
2013,11,6,6,71
2013,11,6,7,123
2013,11,6,8,177
2013,11,6,9,245
2013,11,6,10,205
2013,11,6,11,225
2013,11,6,12,287
2013,11,6,13,215
2013,11,6,14,221
2013,11,6,15,240
2013,11,6,16,205
2013,11,6,17,228
2013,11,6,18,253
2013,11,6,19,261
2013,11,6,20,259
2013,11,6,21,239
2013,11,6,22,217
2013,11,6,23,196
2013,11,7,0,189
2013,11,7,1,171
2013,11,7,2,125
2013,11,7,3,108
2013,11,7,4,88
2013,11,7,5,67
2013,11,7,6,60
2013,11,7,7,66
2013,11,7,8,85
2013,11,7,9,151
2013,11,7,10,197
2013,11,7,11,188
2013,11,7,12,204
2013,11,7,13,154
2013,11,7,14,181
2013,11,7,15,175
2013,11,7,16,155
2013,11,7,17,181
2013,11,7,18,216
2013,11,7,19,212
2013,11,7,20,208
2013,11,7,21,188
2013,11,7,22,190
2013,11,7,23,172
2013,12,1,0,257
2013,12,1,1,162
2013,12,1,2,136
2013,12,1,3,124
2013,12,1,4,75
2013,12,1,5,79
2013,12,1,6,61
2013,12,1,7,69
2013,12,1,8,96
2013,12,1,9,155
2013,12,1,10,155
2013,12,1,11,174
2013,12,1,12,196
2013,12,1,13,152
2013,12,1,14,162
2013,12,1,15,171
2013,12,1,16,160
2013,12,1,17,165
2013,12,1,18,193
2013,12,1,19,190
2013,12,1,20,204
2013,12,1,21,180
2013,12,1,22,162
2013,12,1,23,113
2013,12,2,0,177
2013,12,2,1,72
2013,12,2,2,67
2013,12,2,3,53
2013,12,2,4,37
2013,12,2,5,46
2013,12,2,6,69
2013,12,2,7,101
2013,12,2,8,158
2013,12,2,9,200
2013,12,2,10,159
2013,12,2,11,181
2013,12,2,12,213
2013,12,2,13,175
2013,12,2,14,200
2013,12,2,15,226
2013,12,2,16,170
2013,12,2,17,178
2013,12,2,18,218
2013,12,2,19,192
2013,12,2,20,166
2013,12,2,21,151
2013,12,2,22,140
2013,12,2,23,98
2013,12,3,0,176
2013,12,3,1,71
2013,12,3,2,48
2013,12,3,3,41
2013,12,3,4,37
2013,12,3,5,46
2013,12,3,6,47
2013,12,3,7,95
2013,12,3,8,141
2013,12,3,9,177
2013,12,3,10,161
2013,12,3,11,160
2013,12,3,12,222
2013,12,3,13,186
2013,12,3,14,193
2013,12,3,15,215
2013,12,3,16,171
2013,12,3,17,167
2013,12,3,18,194
2013,12,3,19,186
2013,12,3,20,174
2013,12,3,21,156
2013,12,3,22,152
2013,12,3,23,136
2013,12,4,0,122
2013,12,4,1,71
2013,12,4,2,60
2013,12,4,3,40
2013,12,4,4,28
2013,12,4,5,29
2013,12,4,6,56
2013,12,4,7,64
2013,12,4,8,117
2013,12,4,9,138
2013,12,4,10,116
2013,12,4,11,147
2013,12,4,12,153
2013,12,4,13,129
2013,12,4,14,132
2013,12,4,15,179
2013,12,4,16,138
2013,12,4,17,154
2013,12,4,18,153
2013,12,4,19,146
2013,12,4,20,159
2013,12,4,21,144
2013,12,4,22,129
2013,12,4,23,102
2013,12,5,0,119
2013,12,5,1,55
2013,12,5,2,40
2013,12,5,3,52
2013,12,5,4,31
2013,12,5,5,33
2013,12,5,6,49
2013,12,5,7,86
2013,12,5,8,113
2013,12,5,9,131
2013,12,5,10,161
2013,12,5,11,141
2013,12,5,12,174
2013,12,5,13,150
2013,12,5,14,192
2013,12,5,15,157
2013,12,5,16,167
2013,12,5,17,151
2013,12,5,18,157
2013,12,5,19,179
2013,12,5,20,139
2013,12,5,21,130
2013,12,5,22,138
2013,12,5,23,82
2013,12,6,0,142
2013,12,6,1,70
2013,12,6,2,52
2013,12,6,3,42
2013,12,6,4,34
2013,12,6,5,32
2013,12,6,6,58
2013,12,6,7,70
2013,12,6,8,107
2013,12,6,9,139
2013,12,6,10,133
2013,12,6,11,139
2013,12,6,12,192
2013,12,6,13,197
2013,12,6,14,153
2013,12,6,15,183
2013,12,6,16,168
2013,12,6,17,168
2013,12,6,18,206
2013,12,6,19,204
2013,12,6,20,179
2013,12,6,21,159
2013,12,6,22,151
2013,12,6,23,140
2013,12,7,0,148
2013,12,7,1,104
2013,12,7,2,113
2013,12,7,3,92
2013,12,7,4,57
2013,12,7,5,40
2013,12,7,6,38
2013,12,7,7,43
2013,12,7,8,69
2013,12,7,9,107
2013,12,7,10,121
2013,12,7,11,127
2013,12,7,12,178
2013,12,7,13,142
2013,12,7,14,148
2013,12,7,15,136
2013,12,7,16,127
2013,12,7,17,153
2013,12,7,18,140
2013,12,7,19,184
2013,12,7,20,155
2013,12,7,21,133
2013,12,7,22,139
2013,12,7,23,133
2014,1,1,0,130
2014,1,1,1,101
2014,1,1,2,108
2014,1,1,3,73
2014,1,1,4,71
2014,1,1,5,51
2014,1,1,6,31
2014,1,1,7,37
2014,1,1,8,53
2014,1,1,9,81
2014,1,1,10,120
2014,1,1,11,121
2014,1,1,12,110
2014,1,1,13,92
2014,1,1,14,120
2014,1,1,15,129
2014,1,1,16,120
2014,1,1,17,109
2014,1,1,18,146
2014,1,1,19,115
2014,1,1,20,129
2014,1,1,21,99
2014,1,1,22,106
2014,1,1,23,83
2014,1,2,0,91
2014,1,2,1,60
2014,1,2,2,30
2014,1,2,3,36
2014,1,2,4,21
2014,1,2,5,31
2014,1,2,6,40
2014,1,2,7,55
2014,1,2,8,90
2014,1,2,9,137
2014,1,2,10,117
2014,1,2,11,145
2014,1,2,12,150
2014,1,2,13,130
2014,1,2,14,134
2014,1,2,15,147
2014,1,2,16,123
2014,1,2,17,150
2014,1,2,18,160
2014,1,2,19,129
2014,1,2,20,133
2014,1,2,21,92
2014,1,2,22,82
2014,1,2,23,86
2014,1,3,0,102
2014,1,3,1,38
2014,1,3,2,24
2014,1,3,3,22
2014,1,3,4,22
2014,1,3,5,19
2014,1,3,6,38
2014,1,3,7,63
2014,1,3,8,87
2014,1,3,9,118
2014,1,3,10,106
2014,1,3,11,101
2014,1,3,12,156
2014,1,3,13,118
2014,1,3,14,151
2014,1,3,15,141
2014,1,3,16,137
2014,1,3,17,150
2014,1,3,18,121
2014,1,3,19,180
2014,1,3,20,164
2014,1,3,21,96
2014,1,3,22,114
2014,1,3,23,72
2014,1,4,0,467
2014,1,4,1,133
2014,1,4,2,91
2014,1,4,3,55
2014,1,4,4,60
2014,1,4,5,40
2014,1,4,6,65
2014,1,4,7,108
2014,1,4,8,206
2014,1,4,9,223
2014,1,4,10,169
2014,1,4,11,165
2014,1,4,12,251
2014,1,4,13,177
2014,1,4,14,188
2014,1,4,15,218
2014,1,4,16,163
2014,1,4,17,202
2014,1,4,18,197
2014,1,4,19,196
2014,1,4,20,156
2014,1,4,21,162
2014,1,4,22,123
2014,1,4,23,103
2014,1,5,0,132
2014,1,5,1,55
2014,1,5,2,41
2014,1,5,3,39
2014,1,5,4,25
2014,1,5,5,27
2014,1,5,6,55
2014,1,5,7,81
2014,1,5,8,122
2014,1,5,9,163
2014,1,5,10,179
2014,1,5,11,171
2014,1,5,12,181
2014,1,5,13,161
2014,1,5,14,192
2014,1,5,15,206
2014,1,5,16,177
2014,1,5,17,172
2014,1,5,18,193
2014,1,5,19,217
2014,1,5,20,179
2014,1,5,21,167
2014,1,5,22,130
2014,1,5,23,101
2014,1,6,0,126
2014,1,6,1,57
2014,1,6,2,60
2014,1,6,3,52
2014,1,6,4,37
2014,1,6,5,30
2014,1,6,6,64
2014,1,6,7,95
2014,1,6,8,125
2014,1,6,9,173
2014,1,6,10,148
2014,1,6,11,190
2014,1,6,12,203
2014,1,6,13,189
2014,1,6,14,177
2014,1,6,15,217
2014,1,6,16,163
2014,1,6,17,192
2014,1,6,18,202
2014,1,6,19,206
2014,1,6,20,190
2014,1,6,21,172
2014,1,6,22,177
2014,1,6,23,130
2014,1,7,0,127
2014,1,7,1,78
2014,1,7,2,80
2014,1,7,3,70
2014,1,7,4,56
2014,1,7,5,40
2014,1,7,6,32
2014,1,7,7,45
2014,1,7,8,83
2014,1,7,9,109
2014,1,7,10,116
2014,1,7,11,133
2014,1,7,12,134
2014,1,7,13,121
2014,1,7,14,150
2014,1,7,15,130
2014,1,7,16,125
2014,1,7,17,135
2014,1,7,18,132
2014,1,7,19,138
2014,1,7,20,161
2014,1,7,21,136
2014,1,7,22,132
2014,1,7,23,109
2014,2,1,0,132
2014,2,1,1,93
2014,2,1,2,107
2014,2,1,3,93
2014,2,1,4,70
2014,2,1,5,34
2014,2,1,6,42
2014,2,1,7,43
2014,2,1,8,64
2014,2,1,9,109
2014,2,1,10,107
2014,2,1,11,117
2014,2,1,12,115
2014,2,1,13,114
2014,2,1,14,113
2014,2,1,15,123
2014,2,1,16,122
2014,2,1,17,119
2014,2,1,18,137
2014,2,1,19,116
2014,2,1,20,134
2014,2,1,21,123
2014,2,1,22,123
2014,2,1,23,96
2014,2,2,0,108
2014,2,2,1,54
2014,2,2,2,44
2014,2,2,3,38
2014,2,2,4,32
2014,2,2,5,23
2014,2,2,6,49
2014,2,2,7,77
2014,2,2,8,88
2014,2,2,9,177
2014,2,2,10,151
2014,2,2,11,125
2014,2,2,12,159
2014,2,2,13,114
2014,2,2,14,128
2014,2,2,15,132
2014,2,2,16,145
2014,2,2,17,121
2014,2,2,18,156
2014,2,2,19,167
2014,2,2,20,130
2014,2,2,21,120
2014,2,2,22,117
2014,2,2,23,76
2014,2,3,0,90
2014,2,3,1,46
2014,2,3,2,34
2014,2,3,3,21
2014,2,3,4,21
2014,2,3,5,29
2014,2,3,6,41
2014,2,3,7,64
2014,2,3,8,100
2014,2,3,9,133
2014,2,3,10,128
2014,2,3,11,135
2014,2,3,12,161
2014,2,3,13,142
2014,2,3,14,145
2014,2,3,15,170
2014,2,3,16,139
2014,2,3,17,137
2014,2,3,18,163
2014,2,3,19,169
2014,2,3,20,140
2014,2,3,21,114
2014,2,3,22,118
2014,2,3,23,84
2014,2,4,0,95
2014,2,4,1,44
2014,2,4,2,36
2014,2,4,3,28
2014,2,4,4,28
2014,2,4,5,23
2014,2,4,6,45
2014,2,4,7,67
2014,2,4,8,101
2014,2,4,9,154
2014,2,4,10,132
2014,2,4,11,112
2014,2,4,12,158
2014,2,4,13,147
2014,2,4,14,139
2014,2,4,15,169
2014,2,4,16,156
2014,2,4,17,131
2014,2,4,18,153
2014,2,4,19,162
2014,2,4,20,130
2014,2,4,21,128
2014,2,4,22,126
2014,2,4,23,74
2014,2,5,0,108
2014,2,5,1,43
2014,2,5,2,45
2014,2,5,3,37
2014,2,5,4,29
2014,2,5,5,20
2014,2,5,6,53
2014,2,5,7,62
2014,2,5,8,103
2014,2,5,9,136
2014,2,5,10,158
2014,2,5,11,126
2014,2,5,12,150
2014,2,5,13,130
2014,2,5,14,134
2014,2,5,15,163
2014,2,5,16,137
2014,2,5,17,115
2014,2,5,18,152
2014,2,5,19,144
2014,2,5,20,145
2014,2,5,21,129
2014,2,5,22,100
2014,2,5,23,97
2014,2,6,0,95
2014,2,6,1,52
2014,2,6,2,56
2014,2,6,3,31
2014,2,6,4,31
2014,2,6,5,30
2014,2,6,6,47
2014,2,6,7,76
2014,2,6,8,111
2014,2,6,9,149
2014,2,6,10,149
2014,2,6,11,175
2014,2,6,12,187
2014,2,6,13,157
2014,2,6,14,149
2014,2,6,15,173
2014,2,6,16,141
2014,2,6,17,144
2014,2,6,18,162
2014,2,6,19,169
2014,2,6,20,155
2014,2,6,21,136
2014,2,6,22,119
2014,2,6,23,114
2014,2,7,0,171
2014,2,7,1,130
2014,2,7,2,85
2014,2,7,3,58
2014,2,7,4,48
2014,2,7,5,40
2014,2,7,6,39
2014,2,7,7,44
2014,2,7,8,94
2014,2,7,9,143
2014,2,7,10,107
2014,2,7,11,147
2014,2,7,12,150
2014,2,7,13,125
2014,2,7,14,115
2014,2,7,15,122
2014,2,7,16,107
2014,2,7,17,122
2014,2,7,18,154
2014,2,7,19,138
2014,2,7,20,134
2014,2,7,21,152
2014,2,7,22,136
2014,2,7,23,120
2014,3,1,0,150
2014,3,1,1,122
2014,3,1,2,95
2014,3,1,3,140
2014,3,1,4,86
2014,3,1,5,66
2014,3,1,6,56
2014,3,1,7,60
2014,3,1,8,77
2014,3,1,9,130
2014,3,1,10,126
2014,3,1,11,127
2014,3,1,12,167
2014,3,1,13,153
2014,3,1,14,164
2014,3,1,15,151
2014,3,1,16,161
2014,3,1,17,161
2014,3,1,18,172
2014,3,1,19,188
2014,3,1,20,185
2014,3,1,21,156
2014,3,1,22,178
2014,3,1,23,124
2014,3,2,0,136
2014,3,2,1,76
2014,3,2,2,61
2014,3,2,3,43
2014,3,2,4,40
2014,3,2,5,44
2014,3,2,6,59
2014,3,2,7,91
2014,3,2,8,136
2014,3,2,9,211
2014,3,2,10,186
2014,3,2,11,154
2014,3,2,12,228
2014,3,2,13,162
2014,3,2,14,188
2014,3,2,15,206
2014,3,2,16,191
2014,3,2,17,199
2014,3,2,18,218
2014,3,2,19,214
2014,3,2,20,218
2014,3,2,21,198
2014,3,2,22,172
2014,3,2,23,115
2014,3,3,0,111
2014,3,3,1,65
2014,3,3,2,56
2014,3,3,3,32
2014,3,3,4,24
2014,3,3,5,31
2014,3,3,6,32
2014,3,3,7,77
2014,3,3,8,98
2014,3,3,9,157
2014,3,3,10,136
2014,3,3,11,141
2014,3,3,12,200
2014,3,3,13,138
2014,3,3,14,152
2014,3,3,15,222
2014,3,3,16,196
2014,3,3,17,164
2014,3,3,18,150
2014,3,3,19,175
2014,3,3,20,146
2014,3,3,21,128
2014,3,3,22,128
2014,3,3,23,85
2014,3,4,0,92
2014,3,4,1,52
2014,3,4,2,36
2014,3,4,3,39
2014,3,4,4,15
2014,3,4,5,29
2014,3,4,6,66
2014,3,4,7,64
2014,3,4,8,109
2014,3,4,9,146
2014,3,4,10,146
2014,3,4,11,148
2014,3,4,12,173
2014,3,4,13,160
2014,3,4,14,157
2014,3,4,15,200
2014,3,4,16,160
2014,3,4,17,138
2014,3,4,18,185
2014,3,4,19,167
2014,3,4,20,143
2014,3,4,21,127
2014,3,4,22,131
2014,3,4,23,100
2014,3,5,0,117
2014,3,5,1,59
2014,3,5,2,37
2014,3,5,3,28
2014,3,5,4,24
2014,3,5,5,27
2014,3,5,6,59
2014,3,5,7,61
2014,3,5,8,124
2014,3,5,9,165
2014,3,5,10,148
2014,3,5,11,138
2014,3,5,12,174
2014,3,5,13,150
2014,3,5,14,147
2014,3,5,15,190
2014,3,5,16,150
2014,3,5,17,142
2014,3,5,18,172
2014,3,5,19,193
2014,3,5,20,161
2014,3,5,21,176
2014,3,5,22,149
2014,3,5,23,89
2014,3,6,0,103
2014,3,6,1,75
2014,3,6,2,40
2014,3,6,3,51
2014,3,6,4,44
2014,3,6,5,30
2014,3,6,6,43
2014,3,6,7,63
2014,3,6,8,130
2014,3,6,9,156
2014,3,6,10,153
2014,3,6,11,151
2014,3,6,12,195
2014,3,6,13,152
2014,3,6,14,169
2014,3,6,15,211
2014,3,6,16,182
2014,3,6,17,173
2014,3,6,18,204
2014,3,6,19,204
2014,3,6,20,183
2014,3,6,21,186
2014,3,6,22,147
2014,3,6,23,127
2014,3,7,0,237
2014,3,7,1,131
2014,3,7,2,145
2014,3,7,3,95
2014,3,7,4,81
2014,3,7,5,64
2014,3,7,6,65
2014,3,7,7,65
2014,3,7,8,90
2014,3,7,9,169
2014,3,7,10,179
2014,3,7,11,169
2014,3,7,12,211
2014,3,7,13,171
2014,3,7,14,188
2014,3,7,15,207
2014,3,7,16,188
2014,3,7,17,165
2014,3,7,18,200
2014,3,7,19,202
2014,3,7,20,199
2014,3,7,21,180
2014,3,7,22,187
2014,3,7,23,185
2014,4,1,0,143
2014,4,1,1,127
2014,4,1,2,123
2014,4,1,3,95
2014,4,1,4,77
2014,4,1,5,67
2014,4,1,6,50
2014,4,1,7,56
2014,4,1,8,54
2014,4,1,9,98
2014,4,1,10,92
2014,4,1,11,94
2014,4,1,12,145
2014,4,1,13,137
2014,4,1,14,106
2014,4,1,15,135
2014,4,1,16,152
2014,4,1,17,133
2014,4,1,18,160
2014,4,1,19,161
2014,4,1,20,159
2014,4,1,21,137
2014,4,1,22,137
2014,4,1,23,113
2014,4,2,0,136
2014,4,2,1,57
2014,4,2,2,72
2014,4,2,3,45
2014,4,2,4,41
2014,4,2,5,37
2014,4,2,6,46
2014,4,2,7,68
2014,4,2,8,108
2014,4,2,9,159
2014,4,2,10,147
2014,4,2,11,160
2014,4,2,12,169
2014,4,2,13,153
2014,4,2,14,147
2014,4,2,15,159
2014,4,2,16,137
2014,4,2,17,149
2014,4,2,18,185
2014,4,2,19,182
2014,4,2,20,148
2014,4,2,21,149
2014,4,2,22,161
2014,4,2,23,91
2014,4,3,0,185
2014,4,3,1,87
2014,4,3,2,64
2014,4,3,3,39
2014,4,3,4,41
2014,4,3,5,38
2014,4,3,6,70
2014,4,3,7,98
2014,4,3,8,147
2014,4,3,9,230
2014,4,3,10,191
2014,4,3,11,197
2014,4,3,12,220
2014,4,3,13,193
2014,4,3,14,206
2014,4,3,15,262
2014,4,3,16,247
2014,4,3,17,203
2014,4,3,18,232
2014,4,3,19,263
2014,4,3,20,209
2014,4,3,21,212
2014,4,3,22,170
2014,4,3,23,142
2014,4,4,0,160
2014,4,4,1,82
2014,4,4,2,56
2014,4,4,3,59
2014,4,4,4,35
2014,4,4,5,36
2014,4,4,6,66
2014,4,4,7,100
2014,4,4,8,140
2014,4,4,9,191
2014,4,4,10,171
2014,4,4,11,183
2014,4,4,12,250
2014,4,4,13,191
2014,4,4,14,231
2014,4,4,15,241
2014,4,4,16,206
2014,4,4,17,210
2014,4,4,18,248
2014,4,4,19,258
2014,4,4,20,220
2014,4,4,21,175
2014,4,4,22,186
2014,4,4,23,115
2014,4,5,0,137
2014,4,5,1,52
2014,4,5,2,60
2014,4,5,3,34
2014,4,5,4,39
2014,4,5,5,35
2014,4,5,6,63
2014,4,5,7,99
2014,4,5,8,132
2014,4,5,9,166
2014,4,5,10,153
2014,4,5,11,147
2014,4,5,12,158
2014,4,5,13,143
2014,4,5,14,146
2014,4,5,15,192
2014,4,5,16,154
2014,4,5,17,166
2014,4,5,18,210
2014,4,5,19,185
2014,4,5,20,198
2014,4,5,21,177
2014,4,5,22,189
2014,4,5,23,97
2014,4,6,0,148
2014,4,6,1,82
2014,4,6,2,75
2014,4,6,3,38
2014,4,6,4,51
2014,4,6,5,36
2014,4,6,6,53
2014,4,6,7,64
2014,4,6,8,103
2014,4,6,9,150
2014,4,6,10,145
2014,4,6,11,164
2014,4,6,12,188
2014,4,6,13,151
2014,4,6,14,154
2014,4,6,15,183
2014,4,6,16,159
2014,4,6,17,191
2014,4,6,18,201
2014,4,6,19,223
2014,4,6,20,179
2014,4,6,21,195
2014,4,6,22,178
2014,4,6,23,121
2014,4,7,0,184
2014,4,7,1,110
2014,4,7,2,134
2014,4,7,3,87
2014,4,7,4,81
2014,4,7,5,60
2014,4,7,6,54
2014,4,7,7,51
2014,4,7,8,64
2014,4,7,9,94
2014,4,7,10,138
2014,4,7,11,124
2014,4,7,12,158
2014,4,7,13,150
2014,4,7,14,153
2014,4,7,15,149
2014,4,7,16,132
2014,4,7,17,152
2014,4,7,18,186
2014,4,7,19,194
2014,4,7,20,184
2014,4,7,21,172
2014,4,7,22,183
2014,4,7,23,164
2014,5,1,0,201
2014,5,1,1,143
2014,5,1,2,141
2014,5,1,3,142
2014,5,1,4,97
2014,5,1,5,69
2014,5,1,6,55
2014,5,1,7,49
2014,5,1,8,62
2014,5,1,9,96
2014,5,1,10,110
2014,5,1,11,102
2014,5,1,12,163
2014,5,1,13,134
2014,5,1,14,147
2014,5,1,15,167
2014,5,1,16,136
2014,5,1,17,170
2014,5,1,18,151
2014,5,1,19,171
2014,5,1,20,177
2014,5,1,21,187
2014,5,1,22,138
2014,5,1,23,141
2014,5,2,0,161
2014,5,2,1,100
2014,5,2,2,72
2014,5,2,3,51
2014,5,2,4,40
2014,5,2,5,43
2014,5,2,6,50
2014,5,2,7,61
2014,5,2,8,101
2014,5,2,9,148
2014,5,2,10,132
2014,5,2,11,156
2014,5,2,12,209
2014,5,2,13,180
2014,5,2,14,149
2014,5,2,15,170
2014,5,2,16,186
2014,5,2,17,180
2014,5,2,18,188
2014,5,2,19,211
2014,5,2,20,184
2014,5,2,21,184
2014,5,2,22,154
2014,5,2,23,113
2014,5,3,0,135
2014,5,3,1,68
2014,5,3,2,67
2014,5,3,3,32
2014,5,3,4,29
2014,5,3,5,34
2014,5,3,6,64
2014,5,3,7,83
2014,5,3,8,120
2014,5,3,9,165
2014,5,3,10,151
2014,5,3,11,163
2014,5,3,12,203
2014,5,3,13,169
2014,5,3,14,182
2014,5,3,15,177
2014,5,3,16,180
2014,5,3,17,192
2014,5,3,18,196
2014,5,3,19,181
2014,5,3,20,167
2014,5,3,21,141
2014,5,3,22,146
2014,5,3,23,121
2014,5,4,0,128
2014,5,4,1,60
2014,5,4,2,38
2014,5,4,3,31
2014,5,4,4,39
2014,5,4,5,38
2014,5,4,6,52
2014,5,4,7,83
2014,5,4,8,138
2014,5,4,9,142
2014,5,4,10,153
2014,5,4,11,163
2014,5,4,12,229
2014,5,4,13,153
2014,5,4,14,181
2014,5,4,15,196
2014,5,4,16,183
2014,5,4,17,170
2014,5,4,18,205
2014,5,4,19,173
2014,5,4,20,168
2014,5,4,21,161
2014,5,4,22,179
2014,5,4,23,129
2014,5,5,0,203
2014,5,5,1,77
2014,5,5,2,70
2014,5,5,3,56
2014,5,5,4,31
2014,5,5,5,45
2014,5,5,6,63
2014,5,5,7,110
2014,5,5,8,164
2014,5,5,9,200
2014,5,5,10,176
2014,5,5,11,203
2014,5,5,12,246
2014,5,5,13,211
2014,5,5,14,210
2014,5,5,15,231
2014,5,5,16,195
2014,5,5,17,218
2014,5,5,18,263
2014,5,5,19,229
2014,5,5,20,224
2014,5,5,21,198
2014,5,5,22,201
2014,5,5,23,143
2014,5,6,0,205
2014,5,6,1,114
2014,5,6,2,81
2014,5,6,3,57
2014,5,6,4,56
2014,5,6,5,39
2014,5,6,6,75
2014,5,6,7,92
2014,5,6,8,154
2014,5,6,9,200
2014,5,6,10,185
2014,5,6,11,201
2014,5,6,12,228
2014,5,6,13,220
2014,5,6,14,207
2014,5,6,15,235
2014,5,6,16,222
2014,5,6,17,201
2014,5,6,18,247
2014,5,6,19,267
2014,5,6,20,229
2014,5,6,21,243
2014,5,6,22,242
2014,5,6,23,204
2014,5,7,0,187
2014,5,7,1,193
2014,5,7,2,134
2014,5,7,3,120
2014,5,7,4,94
2014,5,7,5,64
2014,5,7,6,53
2014,5,7,7,68
2014,5,7,8,100
2014,5,7,9,142
2014,5,7,10,166
2014,5,7,11,184
2014,5,7,12,198
2014,5,7,13,174
2014,5,7,14,197
2014,5,7,15,191
2014,5,7,16,178
2014,5,7,17,205
2014,5,7,18,212
2014,5,7,19,231
2014,5,7,20,209
2014,5,7,21,229
2014,5,7,22,226
2014,5,7,23,217
2014,6,1,0,297
2014,6,1,1,193
2014,6,1,2,165
2014,6,1,3,159
2014,6,1,4,105
2014,6,1,5,79
2014,6,1,6,81
2014,6,1,7,75
2014,6,1,8,130
2014,6,1,9,187
2014,6,1,10,135
2014,6,1,11,165
2014,6,1,12,226
2014,6,1,13,175
2014,6,1,14,202
2014,6,1,15,221
2014,6,1,16,196
2014,6,1,17,240
2014,6,1,18,242
2014,6,1,19,264
2014,6,1,20,224
2014,6,1,21,237
2014,6,1,22,261
2014,6,1,23,208
2014,6,2,0,218
2014,6,2,1,127
2014,6,2,2,115
2014,6,2,3,76
2014,6,2,4,54
2014,6,2,5,60
2014,6,2,6,81
2014,6,2,7,99
2014,6,2,8,162
2014,6,2,9,194
2014,6,2,10,196
2014,6,2,11,187
2014,6,2,12,224
2014,6,2,13,203
2014,6,2,14,212
2014,6,2,15,218
2014,6,2,16,197
2014,6,2,17,223
2014,6,2,18,279
2014,6,2,19,242
2014,6,2,20,242
2014,6,2,21,230
2014,6,2,22,199
2014,6,2,23,165
2014,6,3,0,147
2014,6,3,1,99
2014,6,3,2,69
2014,6,3,3,46
2014,6,3,4,41
2014,6,3,5,36
2014,6,3,6,66
2014,6,3,7,71
2014,6,3,8,119
2014,6,3,9,151
2014,6,3,10,157
2014,6,3,11,168
2014,6,3,12,197
2014,6,3,13,142
2014,6,3,14,170
2014,6,3,15,187
2014,6,3,16,188
2014,6,3,17,174
2014,6,3,18,175
2014,6,3,19,189
2014,6,3,20,176
2014,6,3,21,203
2014,6,3,22,207
2014,6,3,23,145
2014,6,4,0,134
2014,6,4,1,77
2014,6,4,2,58
2014,6,4,3,42
2014,6,4,4,46
2014,6,4,5,39
2014,6,4,6,52
2014,6,4,7,64
2014,6,4,8,127
2014,6,4,9,141
2014,6,4,10,132
2014,6,4,11,126
2014,6,4,12,204
2014,6,4,13,175
2014,6,4,14,174
2014,6,4,15,167
2014,6,4,16,169
2014,6,4,17,189
2014,6,4,18,192
2014,6,4,19,195
2014,6,4,20,180
2014,6,4,21,178
2014,6,4,22,185
2014,6,4,23,132
2014,6,5,0,137
2014,6,5,1,82
2014,6,5,2,61
2014,6,5,3,50
2014,6,5,4,34
2014,6,5,5,35
2014,6,5,6,49
2014,6,5,7,85
2014,6,5,8,105
2014,6,5,9,147
2014,6,5,10,143
2014,6,5,11,164
2014,6,5,12,174
2014,6,5,13,178
2014,6,5,14,171
2014,6,5,15,215
2014,6,5,16,192
2014,6,5,17,186
2014,6,5,18,162
2014,6,5,19,215
2014,6,5,20,196
2014,6,5,21,149
2014,6,5,22,205
2014,6,5,23,140
2014,6,6,0,168
2014,6,6,1,98
2014,6,6,2,80
2014,6,6,3,59
2014,6,6,4,54
2014,6,6,5,33
2014,6,6,6,56
2014,6,6,7,60
2014,6,6,8,158
2014,6,6,9,174
2014,6,6,10,142
2014,6,6,11,160
2014,6,6,12,180
2014,6,6,13,170
2014,6,6,14,175
2014,6,6,15,192
2014,6,6,16,199
2014,6,6,17,159
2014,6,6,18,205
2014,6,6,19,225
2014,6,6,20,233
2014,6,6,21,177
2014,6,6,22,239
2014,6,6,23,186
2014,6,7,0,215
2014,6,7,1,149
2014,6,7,2,152
2014,6,7,3,107
2014,6,7,4,80
2014,6,7,5,53
2014,6,7,6,60
2014,6,7,7,47
2014,6,7,8,75
2014,6,7,9,91
2014,6,7,10,133
2014,6,7,11,173
2014,6,7,12,191
2014,6,7,13,137
2014,6,7,14,153
2014,6,7,15,194
2014,6,7,16,170
2014,6,7,17,188
2014,6,7,18,136
2014,6,7,19,184
2014,6,7,20,164
2014,6,7,21,184
2014,6,7,22,226
2014,6,7,23,168
2014,7,1,0,176
2014,7,1,1,165
2014,7,1,2,166
2014,7,1,3,126
2014,7,1,4,101
2014,7,1,5,73
2014,7,1,6,63
2014,7,1,7,51
2014,7,1,8,70
2014,7,1,9,98
2014,7,1,10,124
2014,7,1,11,161
2014,7,1,12,166
2014,7,1,13,145
2014,7,1,14,133
2014,7,1,15,169
2014,7,1,16,184
2014,7,1,17,130
2014,7,1,18,166
2014,7,1,19,226
2014,7,1,20,188
2014,7,1,21,193
2014,7,1,22,215
2014,7,1,23,167
2014,7,2,0,180
2014,7,2,1,96
2014,7,2,2,87
2014,7,2,3,73
2014,7,2,4,45
2014,7,2,5,44
2014,7,2,6,55
2014,7,2,7,83
2014,7,2,8,112
2014,7,2,9,160
2014,7,2,10,129
2014,7,2,11,143
2014,7,2,12,199
2014,7,2,13,158
2014,7,2,14,170
2014,7,2,15,169
2014,7,2,16,170
2014,7,2,17,198
2014,7,2,18,169
2014,7,2,19,220
2014,7,2,20,182
2014,7,2,21,202
2014,7,2,22,208
2014,7,2,23,145
2014,7,3,0,238
2014,7,3,1,97
2014,7,3,2,81
2014,7,3,3,51
2014,7,3,4,60
2014,7,3,5,60
2014,7,3,6,66
2014,7,3,7,102
2014,7,3,8,142
2014,7,3,9,201
2014,7,3,10,177
2014,7,3,11,196
2014,7,3,12,258
2014,7,3,13,192
2014,7,3,14,220
2014,7,3,15,228
2014,7,3,16,215
2014,7,3,17,198
2014,7,3,18,281
2014,7,3,19,272
2014,7,3,20,282
2014,7,3,21,212
2014,7,3,22,274
2014,7,3,23,186
2014,7,4,0,217
2014,7,4,1,99
2014,7,4,2,92
2014,7,4,3,79
2014,7,4,4,39
2014,7,4,5,61
2014,7,4,6,72
2014,7,4,7,79
2014,7,4,8,136
2014,7,4,9,195
2014,7,4,10,188
2014,7,4,11,209
2014,7,4,12,251
2014,7,4,13,211
2014,7,4,14,211
2014,7,4,15,211
2014,7,4,16,243
2014,7,4,17,217
2014,7,4,18,219
2014,7,4,19,269
2014,7,4,20,229
2014,7,4,21,234
2014,7,4,22,233
2014,7,4,23,179
2014,7,5,0,164
2014,7,5,1,115
2014,7,5,2,82
2014,7,5,3,66
2014,7,5,4,46
2014,7,5,5,53
2014,7,5,6,72
2014,7,5,7,103
2014,7,5,8,146
2014,7,5,9,179
2014,7,5,10,194
2014,7,5,11,198
2014,7,5,12,272
2014,7,5,13,200
2014,7,5,14,223
2014,7,5,15,204
2014,7,5,16,214
2014,7,5,17,248
2014,7,5,18,239
2014,7,5,19,253
2014,7,5,20,256
2014,7,5,21,256
2014,7,5,22,244
2014,7,5,23,202
2014,7,6,0,187
2014,7,6,1,95
2014,7,6,2,95
2014,7,6,3,75
2014,7,6,4,51
2014,7,6,5,45
2014,7,6,6,53
2014,7,6,7,73
2014,7,6,8,96
2014,7,6,9,147
2014,7,6,10,177
2014,7,6,11,153
2014,7,6,12,170
2014,7,6,13,178
2014,7,6,14,193
2014,7,6,15,184
2014,7,6,16,174
2014,7,6,17,153
2014,7,6,18,193
2014,7,6,19,209
2014,7,6,20,213
2014,7,6,21,213
2014,7,6,22,241
2014,7,6,23,213
2014,7,7,0,211
2014,7,7,1,151
2014,7,7,2,151
2014,7,7,3,142
2014,7,7,4,84
2014,7,7,5,61
2014,7,7,6,49
2014,7,7,7,47
2014,7,7,8,73
2014,7,7,9,120
2014,7,7,10,127
2014,7,7,11,143
2014,7,7,12,164
2014,7,7,13,168
2014,7,7,14,147
2014,7,7,15,163
2014,7,7,16,175
2014,7,7,17,154
2014,7,7,18,157
2014,7,7,19,195
2014,7,7,20,197
2014,7,7,21,172
2014,7,7,22,236
2014,7,7,23,164
2014,8,1,0,227
2014,8,1,1,186
2014,8,1,2,194
2014,8,1,3,191
2014,8,1,4,122
2014,8,1,5,77
2014,8,1,6,61
2014,8,1,7,67
2014,8,1,8,86
2014,8,1,9,154
2014,8,1,10,147
2014,8,1,11,158
2014,8,1,12,208
2014,8,1,13,167
2014,8,1,14,187
2014,8,1,15,220
2014,8,1,16,205
2014,8,1,17,223
2014,8,1,18,200
2014,8,1,19,236
2014,8,1,20,227
2014,8,1,21,248
2014,8,1,22,251
2014,8,1,23,209
2014,8,2,0,156
2014,8,2,1,105
2014,8,2,2,70
2014,8,2,3,56
2014,8,2,4,54
2014,8,2,5,42
2014,8,2,6,52
2014,8,2,7,86
2014,8,2,8,125
2014,8,2,9,149
2014,8,2,10,150
2014,8,2,11,165
2014,8,2,12,179
2014,8,2,13,168
2014,8,2,14,176
2014,8,2,15,158
2014,8,2,16,159
2014,8,2,17,166
2014,8,2,18,177
2014,8,2,19,196
2014,8,2,20,171
2014,8,2,21,170
2014,8,2,22,169
2014,8,2,23,150
2014,8,3,0,147
2014,8,3,1,79
2014,8,3,2,71
2014,8,3,3,61
2014,8,3,4,40
2014,8,3,5,35
2014,8,3,6,61
2014,8,3,7,79
2014,8,3,8,102
2014,8,3,9,138
2014,8,3,10,147
2014,8,3,11,145
2014,8,3,12,162
2014,8,3,13,165
2014,8,3,14,179
2014,8,3,15,158
2006,6,6,23,383
2006,6,7,0,301
2006,6,7,1,242
2006,6,7,2,187
2006,6,7,3,169
2006,6,7,4,111
2006,6,7,5,87
2006,6,7,6,85
2006,6,7,7,84
2006,6,7,8,122
2006,6,7,9,177
2006,6,7,10,202
2006,6,7,11,178
2006,6,7,12,276
2006,6,7,13,215
2006,6,7,14,229
2006,6,7,15,217
2006,6,7,16,228
2006,6,7,17,265
2006,6,7,18,244
2006,6,7,19,273
2006,6,7,20,278
2006,6,7,21,312
2006,6,7,22,344
2006,6,7,23,268
2006,7,1,0,445
2006,7,1,1,348
2006,7,1,2,313
2006,7,1,3,235
2006,7,1,4,195
2006,7,1,5,154
2006,7,1,6,113
2006,7,1,7,103
2006,7,1,8,117
2006,7,1,9,183
2006,7,1,10,236
2006,7,1,11,219
2006,7,1,12,293
2006,7,1,13,275
2006,7,1,14,260
2006,7,1,15,289
2006,7,1,16,291
2006,7,1,17,280
2006,7,1,18,301
2006,7,1,19,337
2006,7,1,20,361
2006,7,1,21,362
2006,7,1,22,380
2006,7,1,23,351
2006,7,2,0,443
2006,7,2,1,236
2006,7,2,2,184
2006,7,2,3,127
2006,7,2,4,112
2006,7,2,5,112
2006,7,2,6,129
2006,7,2,7,158
2006,7,2,8,242
2006,7,2,9,218
2006,7,2,10,252
2006,7,2,11,261
2006,7,2,12,356
2006,7,2,13,295
2006,7,2,14,317
2006,7,2,15,325
2006,7,2,16,311
2006,7,2,17,323
2006,7,2,18,346
2006,7,2,19,383
2006,7,2,20,393
2006,7,2,21,391
2006,7,2,22,419
2006,7,2,23,337
2006,7,3,0,317
2006,7,3,1,215
2006,7,3,2,170
2006,7,3,3,112
2006,7,3,4,86
2006,7,3,5,76
2006,7,3,6,73
2006,7,3,7,132
2006,7,3,8,158
2006,7,3,9,211
2006,7,3,10,195
2006,7,3,11,225
2006,7,3,12,289
2006,7,3,13,218
2006,7,3,14,259
2006,7,3,15,242
2006,7,3,16,251
2006,7,3,17,270
2006,7,3,18,267
2006,7,3,19,310
2006,7,3,20,324
2006,7,3,21,309
2006,7,3,22,356
2006,7,3,23,277
2006,7,4,0,308
2006,7,4,1,188
2006,7,4,2,147
2006,7,4,3,113
2006,7,4,4,111
2006,7,4,5,76
2006,7,4,6,79
2006,7,4,7,148
2006,7,4,8,180
2006,7,4,9,195
2006,7,4,10,219
2006,7,4,11,183
2006,7,4,12,323
2006,7,4,13,272
2006,7,4,14,266
2006,7,4,15,261
2006,7,4,16,263
2006,7,4,17,263
2006,7,4,18,301
2006,7,4,19,316
2006,7,4,20,347
2006,7,4,21,339
2006,7,4,22,303
2006,7,4,23,287
2006,7,5,0,288
2006,7,5,1,153
2006,7,5,2,137
2006,7,5,3,111
2006,7,5,4,70
2006,7,5,5,67
2006,7,5,6,80
2006,7,5,7,123
2006,7,5,8,193
2006,7,5,9,211
2006,7,5,10,206
2006,7,5,11,220
2006,7,5,12,313
2006,7,5,13,258
2006,7,5,14,252
2006,7,5,15,250
2006,7,5,16,242
2006,7,5,17,277
2006,7,5,18,304
2006,7,5,19,321
2006,7,5,20,313
2006,7,5,21,306
2006,7,5,22,328
2006,7,5,23,248
2006,7,6,0,339
2006,7,6,1,176
2006,7,6,2,137
2006,7,6,3,120
2006,7,6,4,75
2006,7,6,5,72
2006,7,6,6,90
2006,7,6,7,125
2006,7,6,8,178
2006,7,6,9,215
2006,7,6,10,207
2006,7,6,11,203
2006,7,6,12,314
2006,7,6,13,237
2006,7,6,14,251
2006,7,6,15,239
2006,7,6,16,270
2006,7,6,17,251
2006,7,6,18,303
2006,7,6,19,303
2006,7,6,20,305
2006,7,6,21,345
2006,7,6,22,341
2006,7,6,23,326
2006,7,7,0,510
2006,7,7,1,331
2006,7,7,2,287
2006,7,7,3,252
2006,7,7,4,180
2006,7,7,5,134
2006,7,7,6,105
2006,7,7,7,113
2006,7,7,8,196
2006,7,7,9,254
2006,7,7,10,266
2006,7,7,11,288
2006,7,7,12,354
2006,7,7,13,267
2006,7,7,14,311
2006,7,7,15,290
2006,7,7,16,297
2006,7,7,17,339
2006,7,7,18,309
2006,7,7,19,320
2006,7,7,20,302
2006,7,7,21,395
2006,7,7,22,451
2006,7,7,23,369
2006,8,1,0,339
2006,8,1,1,276
2006,8,1,2,252
2006,8,1,3,191
2006,8,1,4,157
2006,8,1,5,111
2006,8,1,6,103
2006,8,1,7,88
2006,8,1,8,114
2006,8,1,9,147
2006,8,1,10,173
2006,8,1,11,193
2006,8,1,12,225
2006,8,1,13,216
2006,8,1,14,211
2006,8,1,15,199
2006,8,1,16,192
2006,8,1,17,242
2006,8,1,18,250
2006,8,1,19,279
2006,8,1,20,299
2006,8,1,21,303
2006,8,1,22,294
2006,8,1,23,261
2006,8,2,0,313
2006,8,2,1,184
2006,8,2,2,159
2006,8,2,3,112
2006,8,2,4,83
2006,8,2,5,97
2006,8,2,6,90
2006,8,2,7,140
2006,8,2,8,168
2006,8,2,9,183
2006,8,2,10,201
2006,8,2,11,181
2006,8,2,12,243
2006,8,2,13,242
2006,8,2,14,225
2006,8,2,15,255
2006,8,2,16,232
2006,8,2,17,284
2006,8,2,18,280
2006,8,2,19,298
2006,8,2,20,279
2006,8,2,21,312
2006,8,2,22,306
2006,8,2,23,246
2006,8,3,0,466
2006,8,3,1,220
2006,8,3,2,179
2006,8,3,3,129
2006,8,3,4,115
2006,8,3,5,95
2006,8,3,6,123
2006,8,3,7,180
2006,8,3,8,215
2006,8,3,9,270
2006,8,3,10,240
2006,8,3,11,254
2006,8,3,12,376
2006,8,3,13,294
2006,8,3,14,303
2006,8,3,15,338
2006,8,3,16,309
2006,8,3,17,321
2006,8,3,18,346
2006,8,3,19,353
2006,8,3,20,373
2006,8,3,21,410
2006,8,3,22,383
2006,8,3,23,291
2006,8,4,0,413
2006,8,4,1,219
2006,8,4,2,158
2006,8,4,3,123
2006,8,4,4,75
2006,8,4,5,101
2006,8,4,6,124
2006,8,4,7,195
2006,8,4,8,223
2006,8,4,9,235
2006,8,4,10,291
2006,8,4,11,259
2006,8,4,12,368
2006,8,4,13,309
2006,8,4,14,294
2006,8,4,15,271
2006,8,4,16,289
2006,8,4,17,325
2006,8,4,18,363
2006,8,4,19,365
2006,8,4,20,367
2006,8,4,21,366
2006,8,4,22,370
2006,8,4,23,343
2006,8,5,0,389
2006,8,5,1,195
2006,8,5,2,188
2006,8,5,3,131
2006,8,5,4,90
2006,8,5,5,85
2006,8,5,6,109
2006,8,5,7,176
2006,8,5,8,217
2006,8,5,9,268
2006,8,5,10,261
2006,8,5,11,264
2006,8,5,12,374
2006,8,5,13,290
2006,8,5,14,295
2006,8,5,15,317
2006,8,5,16,317
2006,8,5,17,299
2006,8,5,18,341
2006,8,5,19,349
2006,8,5,20,409
2006,8,5,21,406
2006,8,5,22,391
2006,8,5,23,306
2006,8,6,0,313
2006,8,6,1,177
2006,8,6,2,155
2006,8,6,3,118
2006,8,6,4,97
2006,8,6,5,75
2006,8,6,6,82
2006,8,6,7,131
2006,8,6,8,166
2006,8,6,9,196
2006,8,6,10,240
2006,8,6,11,225
2006,8,6,12,288
2006,8,6,13,260
2006,8,6,14,258
2006,8,6,15,281
2006,8,6,16,283
2006,8,6,17,291
2006,8,6,18,279
2006,8,6,19,266
2006,8,6,20,289
2006,8,6,21,322
2006,8,6,22,317
2006,8,6,23,312
2006,8,7,0,356
2006,8,7,1,260
2006,8,7,2,191
2006,8,7,3,182
2006,8,7,4,140
2006,8,7,5,102
2006,8,7,6,82
2006,8,7,7,97
2006,8,7,8,106
2006,8,7,9,200
2006,8,7,10,222
2006,8,7,11,204
2006,8,7,12,277
2006,8,7,13,242
2006,8,7,14,211
2006,8,7,15,250
2006,8,7,16,227
2006,8,7,17,248
2006,8,7,18,270
2006,8,7,19,266
2006,8,7,20,256
2006,8,7,21,313
2006,8,7,22,332
2006,8,7,23,320
2006,9,1,0,334
2006,9,1,1,246
2006,9,1,2,208
2006,9,1,3,222
2006,9,1,4,143
2006,9,1,5,110
2006,9,1,6,96
2006,9,1,7,79
2006,9,1,8,94
2006,9,1,9,138
2006,9,1,10,175
2006,9,1,11,198
2006,9,1,12,202
2006,9,1,13,193
2006,9,1,14,202
2006,9,1,15,208
2006,9,1,16,225
2006,9,1,17,226
2006,9,1,18,231
2006,9,1,19,240
2006,9,1,20,275
2006,9,1,21,282
2006,9,1,22,261
2006,9,1,23,211
2006,9,2,0,268
2006,9,2,1,139
2006,9,2,2,101
2006,9,2,3,81
2006,9,2,4,54
2006,9,2,5,53
2006,9,2,6,78
2006,9,2,7,127
2006,9,2,8,151
2006,9,2,9,180
2006,9,2,10,188
2006,9,2,11,202
2006,9,2,12,255
2006,9,2,13,212
2006,9,2,14,233
2006,9,2,15,250
2006,9,2,16,224
2006,9,2,17,218
2006,9,2,18,257
2006,9,2,19,267
2006,9,2,20,279
2006,9,2,21,268
2006,9,2,22,250
2006,9,2,23,206
2006,9,3,0,260
2006,9,3,1,135
2006,9,3,2,82
2006,9,3,3,64
2006,9,3,4,64
2006,9,3,5,62
2006,9,3,6,84
2006,9,3,7,172
2006,9,3,8,197
2006,9,3,9,232
2006,9,3,10,227
2006,9,3,11,224
2006,9,3,12,288
2006,9,3,13,261
2006,9,3,14,233
2006,9,3,15,272
2006,9,3,16,250
2006,9,3,17,253
2006,9,3,18,269
2006,9,3,19,315
2006,9,3,20,318
2006,9,3,21,277
2006,9,3,22,316
2006,9,3,23,204
2006,9,4,0,283
2006,9,4,1,120
2006,9,4,2,102
2006,9,4,3,79
2006,9,4,4,47
2006,9,4,5,61
2006,9,4,6,85
2006,9,4,7,112
2006,9,4,8,172
2006,9,4,9,233
2006,9,4,10,213
2006,9,4,11,196
2006,9,4,12,323
2006,9,4,13,247
2006,9,4,14,259
2006,9,4,15,278
2006,9,4,16,265
2006,9,4,17,241
2006,9,4,18,287
2006,9,4,19,285
2006,9,4,20,261
2006,9,4,21,283
2006,9,4,22,265
2006,9,4,23,220
2006,9,5,0,258
2006,9,5,1,132
2006,9,5,2,116
2006,9,5,3,77
2006,9,5,4,60
2006,9,5,5,57
2006,9,5,6,86
2006,9,5,7,140
2006,9,5,8,197
2006,9,5,9,239
2006,9,5,10,237
2006,9,5,11,243
2006,9,5,12,272
2006,9,5,13,246
2006,9,5,14,244
2006,9,5,15,270
2006,9,5,16,274
2006,9,5,17,225
2006,9,5,18,263
2006,9,5,19,286
2006,9,5,20,293
2006,9,5,21,300
2006,9,5,22,291
2006,9,5,23,238
2006,9,6,0,439
2006,9,6,1,198
2006,9,6,2,146
2006,9,6,3,113
2006,9,6,4,91
2006,9,6,5,79
2006,9,6,6,90
2006,9,6,7,171
2006,9,6,8,262
2006,9,6,9,301
2006,9,6,10,325
2006,9,6,11,313
2006,9,6,12,444
2006,9,6,13,334
2006,9,6,14,342
2006,9,6,15,368
2006,9,6,16,337
2006,9,6,17,320
2006,9,6,18,353
2006,9,6,19,341
2006,9,6,20,342
2006,9,6,21,386
2006,9,6,22,447
2006,9,6,23,387
2006,9,7,0,403
2006,9,7,1,279
2006,9,7,2,279
2006,9,7,3,224
2006,9,7,4,162
2006,9,7,5,116
2006,9,7,6,87
2006,9,7,7,106
2006,9,7,8,162
2006,9,7,9,267
2006,9,7,10,249
2006,9,7,11,282
2006,9,7,12,339
2006,9,7,13,282
2006,9,7,14,268
2006,9,7,15,267
2006,9,7,16,275
2006,9,7,17,321
2006,9,7,18,327
2006,9,7,19,280
2006,9,7,20,337
2006,9,7,21,421
2006,9,7,22,389
2006,9,7,23,366
2006,10,1,0,476
2006,10,1,1,306
2006,10,1,2,274
2006,10,1,3,210
2006,10,1,4,181
2006,10,1,5,125
2006,10,1,6,83
2006,10,1,7,105
2006,10,1,8,147
2006,10,1,9,231
2006,10,1,10,221
2006,10,1,11,251
2006,10,1,12,345
2006,10,1,13,258
2006,10,1,14,251
2006,10,1,15,282
2006,10,1,16,237
2006,10,1,17,262
2006,10,1,18,315
2006,10,1,19,322
2006,10,1,20,364
2006,10,1,21,371
2006,10,1,22,343
2006,10,1,23,262
2006,10,2,0,333
2006,10,2,1,153
2006,10,2,2,124
2006,10,2,3,75
2006,10,2,4,76
2006,10,2,5,59
2006,10,2,6,103
2006,10,2,7,145
2006,10,2,8,248
2006,10,2,9,279
2006,10,2,10,240
2006,10,2,11,289
2006,10,2,12,330
2006,10,2,13,284
2006,10,2,14,301
2006,10,2,15,323
2006,10,2,16,299
2006,10,2,17,325
2006,10,2,18,337
2006,10,2,19,371
2006,10,2,20,334
2006,10,2,21,280
2006,10,2,22,253
2006,10,2,23,251
2006,10,3,0,325
2006,10,3,1,129
2006,10,3,2,73
2006,10,3,3,88
2006,10,3,4,52
2006,10,3,5,63
2006,10,3,6,99
2006,10,3,7,165
2006,10,3,8,265
2006,10,3,9,315
2006,10,3,10,253
2006,10,3,11,262
2006,10,3,12,375
2006,10,3,13,321
2006,10,3,14,319
2006,10,3,15,380
2006,10,3,16,323
2006,10,3,17,350
2006,10,3,18,355
2006,10,3,19,453
2006,10,3,20,417
2006,10,3,21,431
2006,10,3,22,345
2006,10,3,23,248
2006,10,4,0,261
2006,10,4,1,132
2006,10,4,2,95
2006,10,4,3,89
2006,10,4,4,38
2006,10,4,5,59
2006,10,4,6,79
2006,10,4,7,175
2006,10,4,8,220
2006,10,4,9,239
2006,10,4,10,201
2006,10,4,11,250
2006,10,4,12,267
2006,10,4,13,261
2006,10,4,14,258
2006,10,4,15,262
2006,10,4,16,261
2006,10,4,17,231
2006,10,4,18,278
2006,10,4,19,271
2006,10,4,20,272
2006,10,4,21,286
2006,10,4,22,286
2006,10,4,23,168
2006,10,5,0,206
2006,10,5,1,125
2006,10,5,2,97
2006,10,5,3,95
2006,10,5,4,39
2006,10,5,5,40
2006,10,5,6,72
2006,10,5,7,132
2006,10,5,8,220
2006,10,5,9,252
2006,10,5,10,206
2006,10,5,11,202
2006,10,5,12,295
2006,10,5,13,263
2006,10,5,14,231
2006,10,5,15,276
2006,10,5,16,235
2006,10,5,17,250
2006,10,5,18,249
2006,10,5,19,253
2006,10,5,20,290
2006,10,5,21,296
2006,10,5,22,233
2006,10,5,23,223
2006,10,6,0,247
2006,10,6,1,121
2006,10,6,2,86
2006,10,6,3,81
2006,10,6,4,68
2006,10,6,5,49
2006,10,6,6,65
2006,10,6,7,155
2006,10,6,8,194
2006,10,6,9,260
2006,10,6,10,258
2006,10,6,11,233
2006,10,6,12,315
2006,10,6,13,258
2006,10,6,14,285
2006,10,6,15,319
2006,10,6,16,280
2006,10,6,17,286
2006,10,6,18,286
2006,10,6,19,286
2006,10,6,20,325
2006,10,6,21,332
2006,10,6,22,309
2006,10,6,23,319
2006,10,7,0,345
2006,10,7,1,249
2006,10,7,2,182
2006,10,7,3,146
2006,10,7,4,104
2006,10,7,5,76
2006,10,7,6,65
2006,10,7,7,96
2006,10,7,8,113
2006,10,7,9,186
2006,10,7,10,206
2006,10,7,11,222
2006,10,7,12,262
2006,10,7,13,203
2006,10,7,14,235
2006,10,7,15,229
2006,10,7,16,224
2006,10,7,17,263
2006,10,7,18,213
2006,10,7,19,247
2006,10,7,20,311
2006,10,7,21,310
2006,10,7,22,312
2006,10,7,23,286
2006,11,1,0,278
2006,11,1,1,170
2006,11,1,2,177
2006,11,1,3,163
2006,11,1,4,110
2006,11,1,5,99
2006,11,1,6,71
2006,11,1,7,81
2006,11,1,8,107
2006,11,1,9,137
2006,11,1,10,169
2006,11,1,11,177
2006,11,1,12,214
2006,11,1,13,196
2006,11,1,14,172
2006,11,1,15,191
2006,11,1,16,218
2006,11,1,17,185
2006,11,1,18,239
2006,11,1,19,279
2006,11,1,20,239
2006,11,1,21,223
2006,11,1,22,243
2006,11,1,23,222
2006,11,2,0,270
2006,11,2,1,109
2006,11,2,2,101
2006,11,2,3,64
2006,11,2,4,50
2006,11,2,5,66
2006,11,2,6,79
2006,11,2,7,105
2006,11,2,8,209
2006,11,2,9,220
2006,11,2,10,196
2006,11,2,11,180
2006,11,2,12,258
2006,11,2,13,222
2006,11,2,14,241
2006,11,2,15,286
2006,11,2,16,289
2006,11,2,17,256
2006,11,2,18,246
2006,11,2,19,283
2006,11,2,20,289
2006,11,2,21,273
2006,11,2,22,230
2006,11,2,23,216
2006,11,3,0,234
2006,11,3,1,128
2006,11,3,2,84
2006,11,3,3,71
2006,11,3,4,56
2006,11,3,5,62
2006,11,3,6,67
2006,11,3,7,138
2006,11,3,8,198
2006,11,3,9,257
2006,11,3,10,208
2006,11,3,11,245
2006,11,3,12,298
2006,11,3,13,267
2006,11,3,14,290
2006,11,3,15,251
2006,11,3,16,215
2006,11,3,17,260
2006,11,3,18,262
2006,11,3,19,282
2006,11,3,20,299
2006,11,3,21,276
2006,11,3,22,257
2006,11,3,23,206
2006,11,4,0,405
2006,11,4,1,144
2006,11,4,2,146
2006,11,4,3,78
2006,11,4,4,73
2006,11,4,5,82
2006,11,4,6,96
2006,11,4,7,164
2006,11,4,8,232
2006,11,4,9,355
2006,11,4,10,257
2006,11,4,11,292
2006,11,4,12,377
2006,11,4,13,303
2006,11,4,14,335
2006,11,4,15,325
2006,11,4,16,325
2006,11,4,17,292
2006,11,4,18,329
2006,11,4,19,355
2006,11,4,20,376
2006,11,4,21,323
2006,11,4,22,298
2006,11,4,23,230
2006,11,5,0,314
2006,11,5,1,148
2006,11,5,2,117
2006,11,5,3,111
2006,11,5,4,73
2006,11,5,5,45
2006,11,5,6,95
2006,11,5,7,182
2006,11,5,8,243
2006,11,5,9,283
2006,11,5,10,238
2006,11,5,11,317
2006,11,5,12,324
2006,11,5,13,283
2006,11,5,14,310
2006,11,5,15,334
2006,11,5,16,256
2006,11,5,17,253
2006,11,5,18,281
2006,11,5,19,286
2006,11,5,20,334
2006,11,5,21,306
2006,11,5,22,294
2006,11,5,23,236
2006,11,6,0,288
2006,11,6,1,140
2006,11,6,2,108
2006,11,6,3,65
2006,11,6,4,52
2006,11,6,5,43
2006,11,6,6,90
2006,11,6,7,126
2006,11,6,8,189
2006,11,6,9,209
2006,11,6,10,238
2006,11,6,11,260
2006,11,6,12,288
2006,11,6,13,218
2006,11,6,14,242
2006,11,6,15,292
2006,11,6,16,260
2006,11,6,17,226
2006,11,6,18,242
2006,11,6,19,259
2006,11,6,20,287
2006,11,6,21,265
2006,11,6,22,305
2006,11,6,23,225
2006,11,7,0,302
2006,11,7,1,228
2006,11,7,2,180
2006,11,7,3,154
2006,11,7,4,89
2006,11,7,5,74
2006,11,7,6,59
2006,11,7,7,79
2006,11,7,8,124
2006,11,7,9,155
2006,11,7,10,185
2006,11,7,11,232
2006,11,7,12,235
2006,11,7,13,224
2006,11,7,14,187
2006,11,7,15,200
2006,11,7,16,213
2006,11,7,17,209
2006,11,7,18,281
2006,11,7,19,264
2006,11,7,20,325
2006,11,7,21,283
2006,11,7,22,252
2006,11,7,23,256
2006,12,1,0,371
2006,12,1,1,236
2006,12,1,2,207
2006,12,1,3,201
2006,12,1,4,116
2006,12,1,5,83
2006,12,1,6,81
2006,12,1,7,85
2006,12,1,8,117
2006,12,1,9,159
2006,12,1,10,161
2006,12,1,11,202
2006,12,1,12,255
2006,12,1,13,180
2006,12,1,14,208
2006,12,1,15,212
2006,12,1,16,216
2006,12,1,17,208
2006,12,1,18,254
2006,12,1,19,259
2006,12,1,20,255
2006,12,1,21,231
2006,12,1,22,249
2006,12,1,23,225
2006,12,2,0,232
2006,12,2,1,109
2006,12,2,2,94
2006,12,2,3,82
2006,12,2,4,59
2006,12,2,5,48
2006,12,2,6,73
2006,12,2,7,100
2006,12,2,8,153
2006,12,2,9,194
2006,12,2,10,177
2006,12,2,11,163
2006,12,2,12,235
2006,12,2,13,219
2006,12,2,14,199
2006,12,2,15,207
2006,12,2,16,203
2006,12,2,17,206
2006,12,2,18,206
2006,12,2,19,249
2006,12,2,20,187
2006,12,2,21,237
2006,12,2,22,207
2006,12,2,23,166
2006,12,3,0,235
2006,12,3,1,106
2006,12,3,2,89
2006,12,3,3,71
2006,12,3,4,51
2006,12,3,5,41
2006,12,3,6,56
2006,12,3,7,113
2006,12,3,8,182
2006,12,3,9,193
2006,12,3,10,200
2006,12,3,11,222
2006,12,3,12,279
2006,12,3,13,207
2006,12,3,14,256
2006,12,3,15,237
2006,12,3,16,232
2006,12,3,17,235
2006,12,3,18,244
2006,12,3,19,259
2006,12,3,20,266
2006,12,3,21,279
2006,12,3,22,249
2006,12,3,23,176
2006,12,4,0,231
2006,12,4,1,86
2006,12,4,2,89
2006,12,4,3,61
2006,12,4,4,50
2006,12,4,5,42
2006,12,4,6,86
2006,12,4,7,123
2006,12,4,8,193
2006,12,4,9,255
2006,12,4,10,212
2006,12,4,11,238
2006,12,4,12,325
2006,12,4,13,240
2006,12,4,14,238
2006,12,4,15,252
2006,12,4,16,245
2006,12,4,17,258
2006,12,4,18,257
2006,12,4,19,272
2006,12,4,20,275
2006,12,4,21,260
2006,12,4,22,268
2006,12,4,23,173
2006,12,5,0,240
2006,12,5,1,113
2006,12,5,2,74
2006,12,5,3,77
2006,12,5,4,53
2006,12,5,5,59
2006,12,5,6,70
2006,12,5,7,125
2006,12,5,8,210
2006,12,5,9,250
2006,12,5,10,203
2006,12,5,11,220
2006,12,5,12,256
2006,12,5,13,254
2006,12,5,14,256
2006,12,5,15,267
2006,12,5,16,237
2006,12,5,17,224
2006,12,5,18,242
2006,12,5,19,251
2006,12,5,20,246
2006,12,5,21,246
2006,12,5,22,236
2006,12,5,23,220
2006,12,6,0,408
2006,12,6,1,162
2006,12,6,2,124
2006,12,6,3,76
2006,12,6,4,72
2006,12,6,5,54
2006,12,6,6,76
2006,12,6,7,145
2006,12,6,8,212
2006,12,6,9,275
2006,12,6,10,232
2006,12,6,11,245
2006,12,6,12,398
2006,12,6,13,295
2006,12,6,14,294
2006,12,6,15,309
2006,12,6,16,301
2006,12,6,17,307
2006,12,6,18,340
2006,12,6,19,351
2006,12,6,20,308
2006,12,6,21,386
2006,12,6,22,378
2006,12,6,23,270
2006,12,7,0,365
2006,12,7,1,228
2006,12,7,2,232
2006,12,7,3,184
2006,12,7,4,128
2006,12,7,5,83
2006,12,7,6,86
2006,12,7,7,103
2006,12,7,8,137
2006,12,7,9,175
2006,12,7,10,206
2006,12,7,11,228
2006,12,7,12,282
2006,12,7,13,258
2006,12,7,14,282
2006,12,7,15,288
2006,12,7,16,242
2006,12,7,17,222
2006,12,7,18,268
2006,12,7,19,289
2006,12,7,20,287
2006,12,7,21,319
2006,12,7,22,341
2006,12,7,23,283
2007,1,1,0,276
2007,1,1,1,153
2007,1,1,2,168
2007,1,1,3,147
2007,1,1,4,110
2007,1,1,5,64
2007,1,1,6,74
2007,1,1,7,74
2007,1,1,8,86
2007,1,1,9,114
2007,1,1,10,136
2007,1,1,11,149
2007,1,1,12,179
2007,1,1,13,157
2007,1,1,14,138
2007,1,1,15,178
2007,1,1,16,169
2007,1,1,17,131
2007,1,1,18,207
2007,1,1,19,225
2007,1,1,20,230
2007,1,1,21,242
2007,1,1,22,200
2007,1,1,23,152
2007,1,2,0,761
2007,1,2,1,189
2007,1,2,2,189
2007,1,2,3,160
2007,1,2,4,95
2007,1,2,5,87
2007,1,2,6,91
2007,1,2,7,166
2007,1,2,8,246
2007,1,2,9,343
2007,1,2,10,244
2007,1,2,11,227
2007,1,2,12,336
2007,1,2,13,236
2007,1,2,14,242
2007,1,2,15,281
2007,1,2,16,239
2007,1,2,17,262
2007,1,2,18,302
2007,1,2,19,302
2007,1,2,20,265
2007,1,2,21,285
2007,1,2,22,242
2007,1,2,23,193
2007,1,3,0,276
2007,1,3,1,110
2007,1,3,2,74
2007,1,3,3,73
2007,1,3,4,56
2007,1,3,5,54
2007,1,3,6,78
2007,1,3,7,144
2007,1,3,8,188
2007,1,3,9,264
2007,1,3,10,272
2007,1,3,11,273
2007,1,3,12,331
2007,1,3,13,287
2007,1,3,14,303
2007,1,3,15,281
2007,1,3,16,261
2007,1,3,17,257
2007,1,3,18,297
2007,1,3,19,306
2007,1,3,20,313
2007,1,3,21,281
2007,1,3,22,275
2007,1,3,23,197
2007,1,4,0,257
2007,1,4,1,150
2007,1,4,2,111
2007,1,4,3,87
2007,1,4,4,47
2007,1,4,5,36
2007,1,4,6,89
2007,1,4,7,141
2007,1,4,8,199
2007,1,4,9,249
2007,1,4,10,219
2007,1,4,11,259
2007,1,4,12,320
2007,1,4,13,250
2007,1,4,14,301
2007,1,4,15,316
2007,1,4,16,266
2007,1,4,17,268
2007,1,4,18,316
2007,1,4,19,344
2007,1,4,20,279
2007,1,4,21,304
2007,1,4,22,296
2007,1,4,23,214
2007,1,5,0,224
2007,1,5,1,128
2007,1,5,2,71
2007,1,5,3,61
2007,1,5,4,49
2007,1,5,5,39
2007,1,5,6,79
2007,1,5,7,108
2007,1,5,8,182
2007,1,5,9,218
2007,1,5,10,212
2007,1,5,11,205
2007,1,5,12,262
2007,1,5,13,251
2007,1,5,14,253
2007,1,5,15,249
2007,1,5,16,207
2007,1,5,17,212
2007,1,5,18,257
2007,1,5,19,262
2007,1,5,20,241
2007,1,5,21,237
2007,1,5,22,258
2007,1,5,23,186
2007,1,6,0,279
2007,1,6,1,134
2007,1,6,2,112
2007,1,6,3,84
2007,1,6,4,58
2007,1,6,5,57
2007,1,6,6,70
2007,1,6,7,120
2007,1,6,8,171
2007,1,6,9,221
2007,1,6,10,199
2007,1,6,11,235
2007,1,6,12,271
2007,1,6,13,253
2007,1,6,14,241
2007,1,6,15,259
2007,1,6,16,243
2007,1,6,17,226
2007,1,6,18,272
2007,1,6,19,273
2007,1,6,20,274
2007,1,6,21,301
2007,1,6,22,330
2007,1,6,23,257
2007,1,7,0,281
2007,1,7,1,202
2007,1,7,2,177
2007,1,7,3,121
2007,1,7,4,116
2007,1,7,5,61
2007,1,7,6,55
2007,1,7,7,67
2007,1,7,8,101
2007,1,7,9,166
2007,1,7,10,168
2007,1,7,11,213
2007,1,7,12,228
2007,1,7,13,179
2007,1,7,14,231
2007,1,7,15,211
2007,1,7,16,219
2007,1,7,17,182
2007,1,7,18,249
2007,1,7,19,238
2007,1,7,20,231
2007,1,7,21,254
2007,1,7,22,231
2007,1,7,23,236
2007,2,1,0,186
2007,2,1,1,136
2007,2,1,2,127
2007,2,1,3,126
2007,2,1,4,100
2007,2,1,5,56
2007,2,1,6,45
2007,2,1,7,48
2007,2,1,8,76
2007,2,1,9,99
2007,2,1,10,129
2007,2,1,11,142
2007,2,1,12,147
2007,2,1,13,151
2007,2,1,14,159
2007,2,1,15,159
2007,2,1,16,141
2007,2,1,17,161
2007,2,1,18,152
2007,2,1,19,180
2007,2,1,20,181
2007,2,1,21,213
2007,2,1,22,201
2007,2,1,23,162
2007,2,2,0,206
2007,2,2,1,114
2007,2,2,2,80
2007,2,2,3,60
2007,2,2,4,41
2007,2,2,5,46
2007,2,2,6,71
2007,2,2,7,77
2007,2,2,8,134
2007,2,2,9,149
2007,2,2,10,163
2007,2,2,11,176
2007,2,2,12,246
2007,2,2,13,203
2007,2,2,14,201
2007,2,2,15,173
2007,2,2,16,206
2007,2,2,17,193
2007,2,2,18,217
2007,2,2,19,167
2007,2,2,20,227
2007,2,2,21,215
2007,2,2,22,173
2007,2,2,23,114
2007,2,3,0,213
2007,2,3,1,94
2007,2,3,2,67
2007,2,3,3,47
2007,2,3,4,39
2007,2,3,5,34
2007,2,3,6,61
2007,2,3,7,114
2007,2,3,8,162
2007,2,3,9,217
2007,2,3,10,198
2007,2,3,11,184
2007,2,3,12,249
2007,2,3,13,196
2007,2,3,14,238
2007,2,3,15,217
2007,2,3,16,185
2007,2,3,17,171
2007,2,3,18,201
2007,2,3,19,175
2007,2,3,20,241
2007,2,3,21,221
2007,2,3,22,194
2007,2,3,23,163
2007,2,4,0,172
2007,2,4,1,91
2007,2,4,2,68
2007,2,4,3,48
2007,2,4,4,43
2007,2,4,5,35
2007,2,4,6,69
2007,2,4,7,98
2007,2,4,8,173
2007,2,4,9,178
2007,2,4,10,170
2007,2,4,11,209
2007,2,4,12,243
2007,2,4,13,219
2007,2,4,14,235
2007,2,4,15,247
2007,2,4,16,225
2007,2,4,17,206
2007,2,4,18,211
2007,2,4,19,242
2007,2,4,20,284
2007,2,4,21,235
2007,2,4,22,190
2007,2,4,23,171
2007,2,5,0,273
2007,2,5,1,111
2007,2,5,2,63
2007,2,5,3,49
2007,2,5,4,38
2007,2,5,5,32
2007,2,5,6,57
2007,2,5,7,125
2007,2,5,8,173
2007,2,5,9,223
2007,2,5,10,162
2007,2,5,11,186
2007,2,5,12,294
2007,2,5,13,220
2007,2,5,14,256
2007,2,5,15,237
2007,2,5,16,230
2007,2,5,17,211
2007,2,5,18,203
2007,2,5,19,195
2007,2,5,20,260
2007,2,5,21,211
2007,2,5,22,196
2007,2,5,23,160
2007,2,6,0,202
2007,2,6,1,114
2007,2,6,2,85
2007,2,6,3,57
2007,2,6,4,46
2007,2,6,5,41
2007,2,6,6,72
2007,2,6,7,126
2007,2,6,8,190
2007,2,6,9,229
2007,2,6,10,175
2007,2,6,11,208
2007,2,6,12,242
2007,2,6,13,261
2007,2,6,14,251
2007,2,6,15,256
2007,2,6,16,220
2007,2,6,17,183
2007,2,6,18,192
2007,2,6,19,243
2007,2,6,20,218
2007,2,6,21,262
2007,2,6,22,290
2007,2,6,23,218
2007,2,7,0,241
2007,2,7,1,142
2007,2,7,2,135
2007,2,7,3,119
2007,2,7,4,70
2007,2,7,5,55
2007,2,7,6,42
2007,2,7,7,72
2007,2,7,8,110
2007,2,7,9,159
2007,2,7,10,146
2007,2,7,11,170
2007,2,7,12,187
2007,2,7,13,197
2007,2,7,14,219
2007,2,7,15,198
2007,2,7,16,173
2007,2,7,17,157
2007,2,7,18,192
2007,2,7,19,185
2007,2,7,20,181
2007,2,7,21,196
2007,2,7,22,196
2007,2,7,23,179
2007,3,1,0,306
2007,3,1,1,216
2007,3,1,2,138
2007,3,1,3,176
2007,3,1,4,114
2007,3,1,5,79
2007,3,1,6,63
2007,3,1,7,75
2007,3,1,8,107
2007,3,1,9,151
2007,3,1,10,154
2007,3,1,11,167
2007,3,1,12,200
2007,3,1,13,199
2007,3,1,14,197
2007,3,1,15,208
2007,3,1,16,189
2007,3,1,17,209
2007,3,1,18,217
2007,3,1,19,245
2007,3,1,20,292
2007,3,1,21,239
2007,3,1,22,247
2007,3,1,23,203
2007,3,2,0,265
2007,3,2,1,125
2007,3,2,2,106
2007,3,2,3,85
2007,3,2,4,52
2007,3,2,5,46
2007,3,2,6,53
2007,3,2,7,113
2007,3,2,8,158
2007,3,2,9,215
2007,3,2,10,194
2007,3,2,11,239
2007,3,2,12,271
2007,3,2,13,221
2007,3,2,14,230
2007,3,2,15,267
2007,3,2,16,234
2007,3,2,17,230
2007,3,2,18,226
2007,3,2,19,278
2007,3,2,20,273
2007,3,2,21,273
2007,3,2,22,239
2007,3,2,23,204
2007,3,3,0,291
2007,3,3,1,150
2007,3,3,2,93
2007,3,3,3,79
2007,3,3,4,52
2007,3,3,5,49
2007,3,3,6,78
2007,3,3,7,116
2007,3,3,8,174
2007,3,3,9,183
2007,3,3,10,187
2007,3,3,11,216
2007,3,3,12,276
2007,3,3,13,239
2007,3,3,14,265
2007,3,3,15,250
2007,3,3,16,231
2007,3,3,17,245
2007,3,3,18,251
2007,3,3,19,265
2007,3,3,20,271
2007,3,3,21,279
2007,3,3,22,241
2007,3,3,23,181
2007,3,4,0,256
2007,3,4,1,122
2007,3,4,2,84
2007,3,4,3,69
2007,3,4,4,54
2007,3,4,5,46
2007,3,4,6,73
2007,3,4,7,115
2007,3,4,8,192
2007,3,4,9,219
2007,3,4,10,192
2007,3,4,11,227
2007,3,4,12,282
2007,3,4,13,250
2007,3,4,14,261
2007,3,4,15,264
2007,3,4,16,216
2007,3,4,17,237
2007,3,4,18,218
2007,3,4,19,273
2007,3,4,20,271
2007,3,4,21,246
2007,3,4,22,242
2007,3,4,23,174
2007,3,5,0,383
2007,3,5,1,153
2007,3,5,2,114
2007,3,5,3,85
2007,3,5,4,63
2007,3,5,5,59
2007,3,5,6,103
2007,3,5,7,124
2007,3,5,8,259
2007,3,5,9,310
2007,3,5,10,251
2007,3,5,11,273
2007,3,5,12,392
2007,3,5,13,300
2007,3,5,14,337
2007,3,5,15,347
2007,3,5,16,309
2007,3,5,17,317
2007,3,5,18,306
2007,3,5,19,320
2007,3,5,20,346
2007,3,5,21,345
2007,3,5,22,303
2007,3,5,23,218
2007,3,6,0,337
2007,3,6,1,143
2007,3,6,2,136
2007,3,6,3,115
2007,3,6,4,83
2007,3,6,5,59
2007,3,6,6,98
2007,3,6,7,168
2007,3,6,8,242
2007,3,6,9,285
2007,3,6,10,280
2007,3,6,11,290
2007,3,6,12,346
2007,3,6,13,290
2007,3,6,14,347
2007,3,6,15,372
2007,3,6,16,307
2007,3,6,17,292
2007,3,6,18,317
2007,3,6,19,352
2007,3,6,20,329
2007,3,6,21,349
2007,3,6,22,346
2007,3,6,23,339
2007,3,7,0,396
2007,3,7,1,247
2007,3,7,2,215
2007,3,7,3,181
2007,3,7,4,123
2007,3,7,5,85
2007,3,7,6,87
2007,3,7,7,92
2007,3,7,8,164
2007,3,7,9,233
2007,3,7,10,252
2007,3,7,11,242
2007,3,7,12,338
2007,3,7,13,257
2007,3,7,14,256
2007,3,7,15,299
2007,3,7,16,242
2007,3,7,17,273
2007,3,7,18,288
2007,3,7,19,316
2007,3,7,20,346
2007,3,7,21,334
2007,3,7,22,321
2007,3,7,23,297
2007,4,1,0,481
2007,4,1,1,254
2007,4,1,2,232
2007,4,1,3,236
2007,4,1,4,158
2007,4,1,5,116
2007,4,1,6,99
2007,4,1,7,90
2007,4,1,8,161
2007,4,1,9,212
2007,4,1,10,203
2007,4,1,11,216
2007,4,1,12,280
2007,4,1,13,232
2007,4,1,14,240
2007,4,1,15,268
2007,4,1,16,261
2007,4,1,17,303
2007,4,1,18,262
2007,4,1,19,292
2007,4,1,20,374
2007,4,1,21,344
2007,4,1,22,336
2007,4,1,23,279
2007,4,2,0,370
2007,4,2,1,140
2007,4,2,2,149
2007,4,2,3,95
2007,4,2,4,94
2007,4,2,5,68
2007,4,2,6,110
2007,4,2,7,166
2007,4,2,8,222
2007,4,2,9,256
2007,4,2,10,250
2007,4,2,11,223
2007,4,2,12,342
2007,4,2,13,278
2007,4,2,14,343
2007,4,2,15,329
2007,4,2,16,314
2007,4,2,17,343
2007,4,2,18,334
2007,4,2,19,371
2007,4,2,20,312
2007,4,2,21,342
2007,4,2,22,358
2007,4,2,23,253
2007,4,3,0,281
2007,4,3,1,118
2007,4,3,2,100
2007,4,3,3,80
2007,4,3,4,56
2007,4,3,5,55
2007,4,3,6,60
2007,4,3,7,123
2007,4,3,8,177
2007,4,3,9,197
2007,4,3,10,201
2007,4,3,11,191
2007,4,3,12,283
2007,4,3,13,231
2007,4,3,14,256
2007,4,3,15,272
2007,4,3,16,287
2007,4,3,17,256
2007,4,3,18,298
2007,4,3,19,267
2007,4,3,20,300
2007,4,3,21,279
2007,4,3,22,273
2007,4,3,23,206
2007,4,4,0,255
2007,4,4,1,100
2007,4,4,2,101
2007,4,4,3,70
2007,4,4,4,59
2007,4,4,5,37
2007,4,4,6,74
2007,4,4,7,119
2007,4,4,8,170
2007,4,4,9,212
2007,4,4,10,174
2007,4,4,11,166
2007,4,4,12,234
2007,4,4,13,212
2007,4,4,14,236
2007,4,4,15,240
2007,4,4,16,246
2007,4,4,17,219
2007,4,4,18,236
2007,4,4,19,239
2007,4,4,20,258
2007,4,4,21,271
2007,4,4,22,261
2007,4,4,23,178
2007,4,5,0,263
2007,4,5,1,109
2007,4,5,2,82
2007,4,5,3,67
2007,4,5,4,58
2007,4,5,5,32
2007,4,5,6,53
2007,4,5,7,102
2007,4,5,8,157
2007,4,5,9,185
2007,4,5,10,183
2007,4,5,11,197
2007,4,5,12,242
2007,4,5,13,193
2007,4,5,14,255
2007,4,5,15,261
2007,4,5,16,216
2007,4,5,17,237
2007,4,5,18,252
2007,4,5,19,274
2007,4,5,20,291
2007,4,5,21,278
2007,4,5,22,285
2007,4,5,23,187
2007,4,6,0,251
2007,4,6,1,142
2007,4,6,2,123
2007,4,6,3,87
2007,4,6,4,67
2007,4,6,5,58
2007,4,6,6,88
2007,4,6,7,115
2007,4,6,8,173
2007,4,6,9,227
2007,4,6,10,202
2007,4,6,11,212
2007,4,6,12,261
2007,4,6,13,242
2007,4,6,14,244
2007,4,6,15,280
2007,4,6,16,252
2007,4,6,17,285
2007,4,6,18,283
2007,4,6,19,282
2007,4,6,20,302
2007,4,6,21,302
2007,4,6,22,340
2007,4,6,23,293
2007,4,7,0,277
2007,4,7,1,217
2007,4,7,2,176
2007,4,7,3,160
2007,4,7,4,99
2007,4,7,5,72
2007,4,7,6,71
2007,4,7,7,101
2007,4,7,8,107
2007,4,7,9,190
2007,4,7,10,198
2007,4,7,11,215
2007,4,7,12,285
2007,4,7,13,210
2007,4,7,14,232
2007,4,7,15,214
2007,4,7,16,224
2007,4,7,17,224
2007,4,7,18,246
2007,4,7,19,223
2007,4,7,20,272
2007,4,7,21,274
2007,4,7,22,311
2007,4,7,23,268
2007,5,1,0,324
2007,5,1,1,235
2007,5,1,2,185
2007,5,1,3,208
2007,5,1,4,165
2007,5,1,5,80
2007,5,1,6,80
2007,5,1,7,83
2007,5,1,8,107
2007,5,1,9,127
2007,5,1,10,157
2007,5,1,11,169
2007,5,1,12,207
2007,5,1,13,170
2007,5,1,14,192
2007,5,1,15,172
2007,5,1,16,224
2007,5,1,17,237
2007,5,1,18,240
2007,5,1,19,271
2007,5,1,20,241
2007,5,1,21,281
2007,5,1,22,256
2007,5,1,23,238
2007,5,2,0,333
2007,5,2,1,159
2007,5,2,2,152
2007,5,2,3,106
2007,5,2,4,73
2007,5,2,5,58
2007,5,2,6,71
2007,5,2,7,125
2007,5,2,8,224
2007,5,2,9,225
2007,5,2,10,205
2007,5,2,11,185
2007,5,2,12,237
2007,5,2,13,243
2007,5,2,14,260
2007,5,2,15,272
2007,5,2,16,233
2007,5,2,17,262
2007,5,2,18,287
2007,5,2,19,323
2007,5,2,20,321
2007,5,2,21,325
2007,5,2,22,292
2007,5,2,23,240
2007,5,3,0,454
2007,5,3,1,204
2007,5,3,2,172
2007,5,3,3,135
2007,5,3,4,83
2007,5,3,5,79
2007,5,3,6,103
2007,5,3,7,217
2007,5,3,8,284
2007,5,3,9,315
2007,5,3,10,285
2007,5,3,11,271
2007,5,3,12,421
2007,5,3,13,319
2007,5,3,14,343
2007,5,3,15,364
2007,5,3,16,285
2007,5,3,17,315
2007,5,3,18,325
2007,5,3,19,367
2007,5,3,20,335
2007,5,3,21,374
2007,5,3,22,405
2007,5,3,23,281
2007,5,4,0,340
2007,5,4,1,191
2007,5,4,2,158
2007,5,4,3,93
2007,5,4,4,87
2007,5,4,5,70
2007,5,4,6,88
2007,5,4,7,210
2007,5,4,8,320
2007,5,4,9,348
2007,5,4,10,313
2007,5,4,11,310
2007,5,4,12,387
2007,5,4,13,289
2007,5,4,14,343
2007,5,4,15,331
2007,5,4,16,322
2007,5,4,17,332
2007,5,4,18,339
2007,5,4,19,384
2007,5,4,20,350
2007,5,4,21,357
2007,5,4,22,359
2007,5,4,23,292
2007,5,5,0,392
2007,5,5,1,192
2007,5,5,2,151
2007,5,5,3,95
2007,5,5,4,85
2007,5,5,5,76
2007,5,5,6,96
2007,5,5,7,176
2007,5,5,8,276
2007,5,5,9,302
2007,5,5,10,315
2007,5,5,11,290
2007,5,5,12,349
2007,5,5,13,317
2007,5,5,14,331
2007,5,5,15,357
2007,5,5,16,306
2007,5,5,17,310
2007,5,5,18,377
2007,5,5,19,389
2007,5,5,20,316
2007,5,5,21,336
2007,5,5,22,395
2007,5,5,23,324
2007,5,6,0,303
2007,5,6,1,156
2007,5,6,2,133
2007,5,6,3,100
2007,5,6,4,81
2007,5,6,5,58
2007,5,6,6,71
2007,5,6,7,137
2007,5,6,8,222
2007,5,6,9,245
2007,5,6,10,227
2007,5,6,11,225
2007,5,6,12,269
2007,5,6,13,238
2007,5,6,14,276
2007,5,6,15,310
2007,5,6,16,237
2007,5,6,17,289
2007,5,6,18,298
2007,5,6,19,314
2007,5,6,20,329
2007,5,6,21,325
2007,5,6,22,335
2007,5,6,23,293
2007,5,7,0,313
2007,5,7,1,237
2007,5,7,2,190
2007,5,7,3,157
2007,5,7,4,114
2007,5,7,5,67
2007,5,7,6,58
2007,5,7,7,79
2007,5,7,8,127
2007,5,7,9,162
2007,5,7,10,181
2007,5,7,11,202
2007,5,7,12,295
2007,5,7,13,210
2007,5,7,14,221
2007,5,7,15,210
2007,5,7,16,231
2007,5,7,17,234
2007,5,7,18,255
2007,5,7,19,254
2007,5,7,20,265
2007,5,7,21,264
2007,5,7,22,279
2007,5,7,23,254
2007,6,1,0,354
2007,6,1,1,249
2007,6,1,2,235
2007,6,1,3,207
2007,6,1,4,164
2007,6,1,5,96
2007,6,1,6,71
2007,6,1,7,81
2007,6,1,8,94
2007,6,1,9,173
2007,6,1,10,161
2007,6,1,11,179
2007,6,1,12,228
2007,6,1,13,205
2007,6,1,14,230
2007,6,1,15,193
2007,6,1,16,242
2007,6,1,17,215
2007,6,1,18,246
2007,6,1,19,288
2007,6,1,20,286
2007,6,1,21,297
2007,6,1,22,312
2007,6,1,23,250
2007,6,2,0,349
2007,6,2,1,159
2007,6,2,2,156
2007,6,2,3,109
2007,6,2,4,93
2007,6,2,5,81
2007,6,2,6,74
2007,6,2,7,124
2007,6,2,8,200
2007,6,2,9,191
2007,6,2,10,181
2007,6,2,11,195
2007,6,2,12,318
2007,6,2,13,224
2007,6,2,14,245
2007,6,2,15,253
2007,6,2,16,267
2007,6,2,17,219
2007,6,2,18,268
2007,6,2,19,283
2007,6,2,20,265
2007,6,2,21,297
2007,6,2,22,299
2007,6,2,23,236
2007,6,3,0,300
2007,6,3,1,148
2007,6,3,2,118
2007,6,3,3,79
2007,6,3,4,66
2007,6,3,5,57
2007,6,3,6,88
2007,6,3,7,100
2007,6,3,8,164
2007,6,3,9,178
2007,6,3,10,212
2007,6,3,11,233
2007,6,3,12,283
2007,6,3,13,231
2007,6,3,14,277
2007,6,3,15,254
2007,6,3,16,212
2007,6,3,17,252
2007,6,3,18,299
2007,6,3,19,281
2007,6,3,20,314
2007,6,3,21,282
2007,6,3,22,291
2007,6,3,23,233
2007,6,4,0,347
2007,6,4,1,161
2007,6,4,2,118
2007,6,4,3,107
2007,6,4,4,77
2007,6,4,5,66
2007,6,4,6,83
2007,6,4,7,110
2007,6,4,8,189
2007,6,4,9,207
2007,6,4,10,213
2007,6,4,11,222
2007,6,4,12,311
2007,6,4,13,255
2007,6,4,14,219
2007,6,4,15,260
2007,6,4,16,265
2007,6,4,17,239
2007,6,4,18,279
2007,6,4,19,289
2007,6,4,20,313
2007,6,4,21,297
2007,6,4,22,341
2007,6,4,23,242
2007,6,5,0,326
2007,6,5,1,176
2007,6,5,2,142
2007,6,5,3,118
2007,6,5,4,79
2007,6,5,5,68
2007,6,5,6,81
2007,6,5,7,113
2007,6,5,8,198
2007,6,5,9,204
2007,6,5,10,214
2007,6,5,11,220
2007,6,5,12,304
2007,6,5,13,245
2007,6,5,14,223
2007,6,5,15,237
2007,6,5,16,237
2007,6,5,17,269
2007,6,5,18,261
2007,6,5,19,334
2007,6,5,20,312
2007,6,5,21,301
2007,6,5,22,318
2007,6,5,23,235
2007,6,6,0,504
2007,6,6,1,225
2007,6,6,2,191
2007,6,6,3,148
2007,6,6,4,99
2007,6,6,5,91
2007,6,6,6,122
2007,6,6,7,169
2007,6,6,8,251
2007,6,6,9,284
2007,6,6,10,295
2007,6,6,11,298
2007,6,6,12,376
2007,6,6,13,366
2007,6,6,14,324
2007,6,6,15,334
2007,6,6,16,308
2007,6,6,17,343
2007,6,6,18,376
2007,6,6,19,381
2007,6,6,20,405
2007,6,6,21,362
2007,6,6,22,436
2007,6,6,23,397
2007,6,7,0,469
2007,6,7,1,320
2007,6,7,2,260
2007,6,7,3,232
2007,6,7,4,179
2007,6,7,5,114
2007,6,7,6,103
2007,6,7,7,132
2007,6,7,8,145
2007,6,7,9,195
2007,6,7,10,236
2007,6,7,11,230
2007,6,7,12,303
2007,6,7,13,271
2007,6,7,14,245
2007,6,7,15,303
2007,6,7,16,276
2007,6,7,17,302
2007,6,7,18,311
2007,6,7,19,297
2007,6,7,20,322
2007,6,7,21,366
2007,6,7,22,417
2007,6,7,23,364
2007,7,1,0,518
2007,7,1,1,337
2007,7,1,2,286
2007,7,1,3,291
2007,7,1,4,231
2007,7,1,5,135
2007,7,1,6,110
2007,7,1,7,110
2007,7,1,8,147
2007,7,1,9,207
2007,7,1,10,228
2007,7,1,11,262
2007,7,1,12,305
2007,7,1,13,280
2007,7,1,14,295
2007,7,1,15,301
2007,7,1,16,286
2007,7,1,17,292
2007,7,1,18,334
2007,7,1,19,341
2007,7,1,20,380
2007,7,1,21,382
2007,7,1,22,384
2007,7,1,23,323
2007,7,2,0,411
2007,7,2,1,250
2007,7,2,2,185
2007,7,2,3,126
2007,7,2,4,100
2007,7,2,5,81
2007,7,2,6,105
2007,7,2,7,151
2007,7,2,8,216
2007,7,2,9,264
2007,7,2,10,260
2007,7,2,11,240
2007,7,2,12,366
2007,7,2,13,280
2007,7,2,14,281
2007,7,2,15,270
2007,7,2,16,286
2007,7,2,17,305
2007,7,2,18,315
2007,7,2,19,383
2007,7,2,20,328
2007,7,2,21,414
2007,7,2,22,400
2007,7,2,23,343
2007,7,3,0,394
2007,7,3,1,169
2007,7,3,2,155
2007,7,3,3,134
2007,7,3,4,98
2007,7,3,5,84
2007,7,3,6,103
2007,7,3,7,161
2007,7,3,8,175
2007,7,3,9,235
2007,7,3,10,244
2007,7,3,11,256
2007,7,3,12,381
2007,7,3,13,307
2007,7,3,14,307
2007,7,3,15,313
2007,7,3,16,310
2007,7,3,17,300
2007,7,3,18,306
2007,7,3,19,362
2007,7,3,20,421
2007,7,3,21,436
2007,7,3,22,414
2007,7,3,23,384
2007,7,4,0,359
2007,7,4,1,184
2007,7,4,2,174
2007,7,4,3,157
2007,7,4,4,82
2007,7,4,5,89
2007,7,4,6,83
2007,7,4,7,139
2007,7,4,8,160
2007,7,4,9,167
2007,7,4,10,196
2007,7,4,11,191
2007,7,4,12,296
2007,7,4,13,272
2007,7,4,14,221
2007,7,4,15,226
2007,7,4,16,253
2007,7,4,17,249
2007,7,4,18,278
2007,7,4,19,302
2007,7,4,20,309
2007,7,4,21,297
2007,7,4,22,304
2007,7,4,23,277
2007,7,5,0,396
2007,7,5,1,207
2007,7,5,2,149
2007,7,5,3,102
2007,7,5,4,99
2007,7,5,5,68
2007,7,5,6,100
2007,7,5,7,140
2007,7,5,8,179
2007,7,5,9,178
2007,7,5,10,184
2007,7,5,11,208
2007,7,5,12,278
2007,7,5,13,257
2007,7,5,14,242
2007,7,5,15,262
2007,7,5,16,225
2007,7,5,17,291
2007,7,5,18,266
2007,7,5,19,300
2007,7,5,20,327
2007,7,5,21,339
2007,7,5,22,324
2007,7,5,23,225
2007,7,6,0,336
2007,7,6,1,174
2007,7,6,2,169
2007,7,6,3,120
2007,7,6,4,66
2007,7,6,5,57
2007,7,6,6,78
2007,7,6,7,148
2007,7,6,8,180
2007,7,6,9,198
2007,7,6,10,210
2007,7,6,11,233
2007,7,6,12,266
2007,7,6,13,250
2007,7,6,14,270
2007,7,6,15,259
2007,7,6,16,277
2007,7,6,17,264
2007,7,6,18,304
2007,7,6,19,282
2007,7,6,20,307
2007,7,6,21,361
2007,7,6,22,365
2007,7,6,23,326
2007,7,7,0,380
2007,7,7,1,249
2007,7,7,2,248
2007,7,7,3,198
2007,7,7,4,139
2007,7,7,5,101
2007,7,7,6,73
2007,7,7,7,85
2007,7,7,8,131
2007,7,7,9,172
2007,7,7,10,193
2007,7,7,11,204
2007,7,7,12,255
2007,7,7,13,214
2007,7,7,14,221
2007,7,7,15,229
2007,7,7,16,217
2007,7,7,17,248
2007,7,7,18,235
2007,7,7,19,285
2007,7,7,20,262
2007,7,7,21,316
2007,7,7,22,333
2007,7,7,23,319
2007,8,1,0,361
2007,8,1,1,248
2007,8,1,2,236
2007,8,1,3,225
2007,8,1,4,144
2007,8,1,5,95
2007,8,1,6,96
2007,8,1,7,82
2007,8,1,8,105
2007,8,1,9,165
2007,8,1,10,164
2007,8,1,11,179
2007,8,1,12,198
2007,8,1,13,197
2007,8,1,14,197
2007,8,1,15,193
2007,8,1,16,209
2007,8,1,17,198
2007,8,1,18,225
2007,8,1,19,261
2007,8,1,20,253
2007,8,1,21,272
2007,8,1,22,306
2007,8,1,23,252
2007,8,2,0,358
2007,8,2,1,174
2007,8,2,2,144
2007,8,2,3,126
2007,8,2,4,76
2007,8,2,5,75
2007,8,2,6,90
2007,8,2,7,115
2007,8,2,8,159
2007,8,2,9,242
2007,8,2,10,190
2007,8,2,11,210
2007,8,2,12,277
2007,8,2,13,226
2007,8,2,14,243
2007,8,2,15,210
2007,8,2,16,238
2007,8,2,17,264
2007,8,2,18,264
2007,8,2,19,260
2007,8,2,20,274
2007,8,2,21,304
2007,8,2,22,280
2007,8,2,23,246
2007,8,3,0,354
2007,8,3,1,174
2007,8,3,2,132
2007,8,3,3,98
2007,8,3,4,73
2007,8,3,5,57
2007,8,3,6,74
2007,8,3,7,118
2007,8,3,8,163
2007,8,3,9,188
2007,8,3,10,191
2007,8,3,11,185
2007,8,3,12,256
2007,8,3,13,279
2007,8,3,14,274
2007,8,3,15,245
2007,8,3,16,234
2007,8,3,17,275
2007,8,3,18,311
2007,8,3,19,310
2007,8,3,20,310
2007,8,3,21,347
2007,8,3,22,307
2007,8,3,23,292
2007,8,4,0,512
2007,8,4,1,227
2007,8,4,2,189
2007,8,4,3,128
2007,8,4,4,109
2007,8,4,5,89
2007,8,4,6,118
2007,8,4,7,182
2007,8,4,8,220
2007,8,4,9,310
2007,8,4,10,261
2007,8,4,11,240
2007,8,4,12,366
2007,8,4,13,300
2007,8,4,14,290
2007,8,4,15,294
2007,8,4,16,320
2007,8,4,17,332
2007,8,4,18,350
2007,8,4,19,369
2007,8,4,20,385
2007,8,4,21,428
2007,8,4,22,392
2007,8,4,23,303
2007,8,5,0,407
2007,8,5,1,215
2007,8,5,2,158
2007,8,5,3,118
2007,8,5,4,88
2007,8,5,5,79
2007,8,5,6,92
2007,8,5,7,150
2007,8,5,8,208
2007,8,5,9,260
2007,8,5,10,259
2007,8,5,11,232
2007,8,5,12,365
2007,8,5,13,276
2007,8,5,14,294
2007,8,5,15,302
2007,8,5,16,304
2007,8,5,17,322
2007,8,5,18,352
2007,8,5,19,371
2007,8,5,20,347
2007,8,5,21,345
2007,8,5,22,332
2007,8,5,23,318
2007,8,6,0,464
2007,8,6,1,185
2007,8,6,2,154
2007,8,6,3,131
2007,8,6,4,100
2007,8,6,5,82
2007,8,6,6,97
2007,8,6,7,159
2007,8,6,8,222
2007,8,6,9,275
2007,8,6,10,259
2007,8,6,11,312
2007,8,6,12,375
2007,8,6,13,301
2007,8,6,14,350
2007,8,6,15,325
2007,8,6,16,346
2007,8,6,17,311
2007,8,6,18,341
2007,8,6,19,393
2007,8,6,20,370
2007,8,6,21,402
2007,8,6,22,414
2007,8,6,23,347
2007,8,7,0,373
2007,8,7,1,263
2007,8,7,2,239
2007,8,7,3,205
2007,8,7,4,157
2007,8,7,5,105
2007,8,7,6,68
2007,8,7,7,87
2007,8,7,8,121
2007,8,7,9,180
2007,8,7,10,188
2007,8,7,11,199
2007,8,7,12,216
2007,8,7,13,211
2007,8,7,14,216
2007,8,7,15,242
2007,8,7,16,230
2007,8,7,17,237
2007,8,7,18,229
2007,8,7,19,204
2007,8,7,20,246
2007,8,7,21,248
2007,8,7,22,310
2007,8,7,23,300
2007,9,1,0,420
2007,9,1,1,289
2007,9,1,2,281
2007,9,1,3,238
2007,9,1,4,168
2007,9,1,5,126
2007,9,1,6,78
2007,9,1,7,93
2007,9,1,8,136
2007,9,1,9,191
2007,9,1,10,191
2007,9,1,11,259
2007,9,1,12,314
2007,9,1,13,238
2007,9,1,14,245
2007,9,1,15,267
2007,9,1,16,261
2007,9,1,17,308
2007,9,1,18,299
2007,9,1,19,317
2007,9,1,20,354
2007,9,1,21,359
2007,9,1,22,359
2007,9,1,23,279
2007,9,2,0,318
2007,9,2,1,158
2007,9,2,2,140
2007,9,2,3,90
2007,9,2,4,77
2007,9,2,5,70
2007,9,2,6,72
2007,9,2,7,140
2007,9,2,8,171
2007,9,2,9,218
2007,9,2,10,191
2007,9,2,11,203
2007,9,2,12,282
2007,9,2,13,203
2007,9,2,14,212
2007,9,2,15,222
2007,9,2,16,261
2007,9,2,17,267
2007,9,2,18,272
2007,9,2,19,269
2007,9,2,20,312
2007,9,2,21,259
2007,9,2,22,261
2007,9,2,23,226
2007,9,3,0,308
2007,9,3,1,108
2007,9,3,2,105
2007,9,3,3,81
2007,9,3,4,68
2007,9,3,5,52
2007,9,3,6,96
2007,9,3,7,145
2007,9,3,8,206
2007,9,3,9,222
2007,9,3,10,205
2007,9,3,11,231
2007,9,3,12,265
2007,9,3,13,217
2007,9,3,14,234
2007,9,3,15,247
2007,9,3,16,255
2007,9,3,17,247
2007,9,3,18,260
2007,9,3,19,302
2007,9,3,20,347
2007,9,3,21,295
2007,9,3,22,283
2007,9,3,23,247
2007,9,4,0,336
2007,9,4,1,133
2007,9,4,2,92
2007,9,4,3,76
2007,9,4,4,46
2007,9,4,5,64
2007,9,4,6,69
2007,9,4,7,127
2007,9,4,8,194
2007,9,4,9,232
2007,9,4,10,174
2007,9,4,11,223
2007,9,4,12,267
2007,9,4,13,231
2007,9,4,14,236
2007,9,4,15,289
2007,9,4,16,239
2007,9,4,17,248
2007,9,4,18,278
2007,9,4,19,272
2007,9,4,20,283
2007,9,4,21,293
2007,9,4,22,275
2007,9,4,23,231
2007,9,5,0,316
2007,9,5,1,123
2007,9,5,2,132
2007,9,5,3,100
2007,9,5,4,52
2007,9,5,5,45
2007,9,5,6,70
2007,9,5,7,124
2007,9,5,8,183
2007,9,5,9,197
2007,9,5,10,213
2007,9,5,11,238
2007,9,5,12,284
2007,9,5,13,230
2007,9,5,14,244
2007,9,5,15,293
2007,9,5,16,272
2007,9,5,17,269
2007,9,5,18,239
2007,9,5,19,303
2007,9,5,20,331
2007,9,5,21,269
2007,9,5,22,327
2007,9,5,23,213
2007,9,6,0,333
2007,9,6,1,146
2007,9,6,2,123
2007,9,6,3,109
2007,9,6,4,83
2007,9,6,5,71
2007,9,6,6,77
2007,9,6,7,120
2007,9,6,8,201
2007,9,6,9,265
2007,9,6,10,247
2007,9,6,11,230
2007,9,6,12,300
2007,9,6,13,260
2007,9,6,14,287
2007,9,6,15,275
2007,9,6,16,278
2007,9,6,17,280
2007,9,6,18,306
2007,9,6,19,272
2007,9,6,20,312
2007,9,6,21,376
2007,9,6,22,373
2007,9,6,23,317
2007,9,7,0,542
2007,9,7,1,294
2007,9,7,2,258
2007,9,7,3,212
2007,9,7,4,155
2007,9,7,5,113
2007,9,7,6,101
2007,9,7,7,105
2007,9,7,8,168
2007,9,7,9,233
2007,9,7,10,273
2007,9,7,11,262
2007,9,7,12,364
2007,9,7,13,290
2007,9,7,14,276
2007,9,7,15,296
2007,9,7,16,289
2007,9,7,17,268
2007,9,7,18,325
2007,9,7,19,320
2007,9,7,20,348
2007,9,7,21,402
2007,9,7,22,406
2007,9,7,23,361
2007,10,1,0,363
2007,10,1,1,243
2007,10,1,2,228
2007,10,1,3,211
2007,10,1,4,134
2007,10,1,5,117
2007,10,1,6,79
2007,10,1,7,91
2007,10,1,8,107
2007,10,1,9,151
2007,10,1,10,171
2007,10,1,11,187
2007,10,1,12,219
2007,10,1,13,184
2007,10,1,14,186
2007,10,1,15,206
2007,10,1,16,224
2007,10,1,17,222
2007,10,1,18,233
2007,10,1,19,265
2007,10,1,20,258
2007,10,1,21,288
2007,10,1,22,267
2007,10,1,23,213
2007,10,2,0,442
2007,10,2,1,187
2007,10,2,2,124
2007,10,2,3,94
2007,10,2,4,76
2007,10,2,5,72
2007,10,2,6,108
2007,10,2,7,188
2007,10,2,8,257
2007,10,2,9,315
2007,10,2,10,263
2007,10,2,11,288
2007,10,2,12,398
2007,10,2,13,311
2007,10,2,14,279
2007,10,2,15,352
2007,10,2,16,308
2007,10,2,17,318
2007,10,2,18,323
2007,10,2,19,344
2007,10,2,20,380
2007,10,2,21,367
2007,10,2,22,361
2007,10,2,23,275
2007,10,3,0,322
2007,10,3,1,146
2007,10,3,2,134
2007,10,3,3,113
2007,10,3,4,70
2007,10,3,5,86
2007,10,3,6,95
2007,10,3,7,160
2007,10,3,8,248
2007,10,3,9,299
2007,10,3,10,281
2007,10,3,11,274
2007,10,3,12,354
2007,10,3,13,310
2007,10,3,14,341
2007,10,3,15,391
2007,10,3,16,367
2007,10,3,17,314
2007,10,3,18,357
2007,10,3,19,389
2007,10,3,20,443
2007,10,3,21,380
2007,10,3,22,388
2007,10,3,23,266
2007,10,4,0,337
2007,10,4,1,169
2007,10,4,2,116
2007,10,4,3,98
2007,10,4,4,64
2007,10,4,5,56
2007,10,4,6,107
2007,10,4,7,168
2007,10,4,8,253
2007,10,4,9,307
2007,10,4,10,264
2007,10,4,11,315
2007,10,4,12,364
2007,10,4,13,320
2007,10,4,14,336
2007,10,4,15,355
2007,10,4,16,356
2007,10,4,17,330
2007,10,4,18,329
2007,10,4,19,419
2007,10,4,20,398
2007,10,4,21,403
2007,10,4,22,390
2007,10,4,23,269
2007,10,5,0,244
2007,10,5,1,113
2007,10,5,2,89
2007,10,5,3,59
2007,10,5,4,64
2007,10,5,5,54
2007,10,5,6,80
2007,10,5,7,125
2007,10,5,8,194
2007,10,5,9,245
2007,10,5,10,223
2007,10,5,11,245
2007,10,5,12,300
2007,10,5,13,271
2007,10,5,14,239
2007,10,5,15,254
2007,10,5,16,242
2007,10,5,17,252
2007,10,5,18,272
2007,10,5,19,275
2007,10,5,20,306
2007,10,5,21,288
2007,10,5,22,252
2007,10,5,23,216
2007,10,6,0,291
2007,10,6,1,118
2007,10,6,2,147
2007,10,6,3,97
2007,10,6,4,60
2007,10,6,5,79
2007,10,6,6,79
2007,10,6,7,106
2007,10,6,8,179
2007,10,6,9,225
2007,10,6,10,224
2007,10,6,11,239
2007,10,6,12,305
2007,10,6,13,264
2007,10,6,14,238
2007,10,6,15,281
2007,10,6,16,249
2007,10,6,17,298
2007,10,6,18,283
2007,10,6,19,283
2007,10,6,20,317
2007,10,6,21,320
2007,10,6,22,324
2007,10,6,23,275
2007,10,7,0,348
2007,10,7,1,213
2007,10,7,2,203
2007,10,7,3,164
2007,10,7,4,137
2007,10,7,5,84
2007,10,7,6,64
2007,10,7,7,82
2007,10,7,8,113
2007,10,7,9,169
2007,10,7,10,197
2007,10,7,11,224
2007,10,7,12,252
2007,10,7,13,223
2007,10,7,14,229
2007,10,7,15,239
2007,10,7,16,214
2007,10,7,17,234
2007,10,7,18,229
2007,10,7,19,241
2007,10,7,20,286
2007,10,7,21,309
2007,10,7,22,306
2007,10,7,23,326
2007,11,1,0,316
2007,11,1,1,229
2007,11,1,2,185
2007,11,1,3,149
2007,11,1,4,116
2007,11,1,5,53
2007,11,1,6,66
2007,11,1,7,81
2007,11,1,8,102
2007,11,1,9,165
2007,11,1,10,178
2007,11,1,11,167
2007,11,1,12,236
2007,11,1,13,167
2007,11,1,14,179
2007,11,1,15,200
2007,11,1,16,186
2007,11,1,17,205
2007,11,1,18,210
2007,11,1,19,221
2007,11,1,20,287
2007,11,1,21,251
2007,11,1,22,215
2007,11,1,23,196
2007,11,2,0,252
2007,11,2,1,107
2007,11,2,2,86
2007,11,2,3,78
2007,11,2,4,56
2007,11,2,5,47
2007,11,2,6,72
2007,11,2,7,138
2007,11,2,8,172
2007,11,2,9,247
2007,11,2,10,204
2007,11,2,11,198
2007,11,2,12,242
2007,11,2,13,229
2007,11,2,14,241
2007,11,2,15,238
2007,11,2,16,231
2007,11,2,17,246
2007,11,2,18,259
2007,11,2,19,289
2007,11,2,20,284
2007,11,2,21,260
2007,11,2,22,213
2007,11,2,23,192
2007,11,3,0,251
2007,11,3,1,95
2007,11,3,2,81
2007,11,3,3,59
2007,11,3,4,47
2007,11,3,5,61
2007,11,3,6,68
2007,11,3,7,136
2007,11,3,8,217
2007,11,3,9,199
2007,11,3,10,202
2007,11,3,11,219
2007,11,3,12,287
2007,11,3,13,218
2007,11,3,14,251
2007,11,3,15,242
2007,11,3,16,234
2007,11,3,17,236
2007,11,3,18,257
2007,11,3,19,275
2007,11,3,20,283
2007,11,3,21,255
2007,11,3,22,228
2007,11,3,23,162
2007,11,4,0,246
2007,11,4,1,128
2007,11,4,2,87
2007,11,4,3,54
2007,11,4,4,60
2007,11,4,5,69
2007,11,4,6,65
2007,11,4,7,130
2007,11,4,8,189
2007,11,4,9,238
2007,11,4,10,209
2007,11,4,11,182
2007,11,4,12,271
2007,11,4,13,218
2007,11,4,14,245
2007,11,4,15,270
2007,11,4,16,243
2007,11,4,17,226
2007,11,4,18,251
2007,11,4,19,257
2007,11,4,20,262
2007,11,4,21,270
2007,11,4,22,253
2007,11,4,23,173
2007,11,5,0,403
2007,11,5,1,155
2007,11,5,2,124
2007,11,5,3,92
2007,11,5,4,66
2007,11,5,5,64
2007,11,5,6,94
2007,11,5,7,121
2007,11,5,8,220
2007,11,5,9,288
2007,11,5,10,266
2007,11,5,11,244
2007,11,5,12,336
2007,11,5,13,237
2007,11,5,14,275
2007,11,5,15,337
2007,11,5,16,324
2007,11,5,17,293
2007,11,5,18,291
2007,11,5,19,339
2007,11,5,20,320
2007,11,5,21,298
2007,11,5,22,288
2007,11,5,23,229
2007,11,6,0,295
2007,11,6,1,138
2007,11,6,2,117
2007,11,6,3,88
2007,11,6,4,65
2007,11,6,5,63
2007,11,6,6,65
2007,11,6,7,135
2007,11,6,8,188
2007,11,6,9,254
2007,11,6,10,236
2007,11,6,11,272
2007,11,6,12,363
2007,11,6,13,328
2007,11,6,14,312
2007,11,6,15,311
2007,11,6,16,320
2007,11,6,17,272
2007,11,6,18,318
2007,11,6,19,348
2007,11,6,20,384
2007,11,6,21,369
2007,11,6,22,338
2007,11,6,23,322
2007,11,7,0,305
2007,11,7,1,184
2007,11,7,2,163
2007,11,7,3,141
2007,11,7,4,104
2007,11,7,5,61
2007,11,7,6,69
2007,11,7,7,88
2007,11,7,8,125
2007,11,7,9,155
2007,11,7,10,197
2007,11,7,11,213
2007,11,7,12,254
2007,11,7,13,219
2007,11,7,14,212
2007,11,7,15,226
2007,11,7,16,213
2007,11,7,17,248
2007,11,7,18,216
2007,11,7,19,270
2007,11,7,20,271
2007,11,7,21,262
2007,11,7,22,293
2007,11,7,23,232
2007,12,1,0,303
2007,12,1,1,189
2007,12,1,2,196
2007,12,1,3,155
2007,12,1,4,126
2007,12,1,5,84
2007,12,1,6,71
2007,12,1,7,74
2007,12,1,8,83
2007,12,1,9,145
2007,12,1,10,160
2007,12,1,11,178
2007,12,1,12,181
2007,12,1,13,203
2007,12,1,14,190
2007,12,1,15,259
2007,12,1,16,219
2007,12,1,17,227
2007,12,1,18,243
2007,12,1,19,260
2007,12,1,20,289
2007,12,1,21,245
2007,12,1,22,270
2007,12,1,23,220
2007,12,2,0,307
2007,12,2,1,125
2007,12,2,2,101
2007,12,2,3,73
2007,12,2,4,74
2007,12,2,5,51
2007,12,2,6,54
2007,12,2,7,100
2007,12,2,8,184
2007,12,2,9,241
2007,12,2,10,212
2007,12,2,11,235
2007,12,2,12,313
2007,12,2,13,266
2007,12,2,14,248
2007,12,2,15,282
2007,12,2,16,272
2007,12,2,17,269
2007,12,2,18,245
2007,12,2,19,271
2007,12,2,20,262
2007,12,2,21,247
2007,12,2,22,249
2007,12,2,23,210
2007,12,3,0,231
2007,12,3,1,115
2007,12,3,2,81
2007,12,3,3,59
2007,12,3,4,56
2007,12,3,5,50
2007,12,3,6,42
2007,12,3,7,94
2007,12,3,8,148
2007,12,3,9,174
2007,12,3,10,164
2007,12,3,11,181
2007,12,3,12,221
2007,12,3,13,200
2007,12,3,14,216
2007,12,3,15,234
2007,12,3,16,192
2007,12,3,17,216
2007,12,3,18,210
2007,12,3,19,232
2007,12,3,20,214
2007,12,3,21,209
2007,12,3,22,236
2007,12,3,23,161
2007,12,4,0,216
2007,12,4,1,91
2007,12,4,2,69
2007,12,4,3,59
2007,12,4,4,43
2007,12,4,5,51
2007,12,4,6,59
2007,12,4,7,99
2007,12,4,8,168
2007,12,4,9,182
2007,12,4,10,165
2007,12,4,11,191
2007,12,4,12,255
2007,12,4,13,220
2007,12,4,14,244
2007,12,4,15,241
2007,12,4,16,203
2007,12,4,17,216
2007,12,4,18,227
2007,12,4,19,220
2007,12,4,20,260
2007,12,4,21,245
2007,12,4,22,200
2007,12,4,23,166
2007,12,5,0,228
2007,12,5,1,105
2007,12,5,2,79
2007,12,5,3,72
2007,12,5,4,44
2007,12,5,5,39
2007,12,5,6,63
2007,12,5,7,94
2007,12,5,8,186
2007,12,5,9,227
2007,12,5,10,206
2007,12,5,11,223
2007,12,5,12,277
2007,12,5,13,185
2007,12,5,14,240
2007,12,5,15,276
2007,12,5,16,216
2007,12,5,17,230
2007,12,5,18,232
2007,12,5,19,231
2007,12,5,20,261
2007,12,5,21,258
2007,12,5,22,208
2007,12,5,23,176
2007,12,6,0,240
2007,12,6,1,119
2007,12,6,2,86
2007,12,6,3,72
2007,12,6,4,72
2007,12,6,5,70
2007,12,6,6,60
2007,12,6,7,111
2007,12,6,8,141
2007,12,6,9,194
2007,12,6,10,172
2007,12,6,11,188
2007,12,6,12,259
2007,12,6,13,237
2007,12,6,14,251
2007,12,6,15,272
2007,12,6,16,235
2007,12,6,17,223
2007,12,6,18,246
2007,12,6,19,259
2007,12,6,20,262
2007,12,6,21,278
2007,12,6,22,286
2007,12,6,23,218
2007,12,7,0,427
2007,12,7,1,232
2007,12,7,2,166
2007,12,7,3,151
2007,12,7,4,149
2007,12,7,5,58
2007,12,7,6,74
2007,12,7,7,101
2007,12,7,8,161
2007,12,7,9,210
2007,12,7,10,236
2007,12,7,11,226
2007,12,7,12,287
2007,12,7,13,252
2007,12,7,14,245
2007,12,7,15,250
2007,12,7,16,244
2007,12,7,17,240
2007,12,7,18,228
2007,12,7,19,270
2007,12,7,20,236
2007,12,7,21,251
2007,12,7,22,262
2007,12,7,23,259
2008,1,1,0,283
2008,1,1,1,200
2008,1,1,2,198
2008,1,1,3,169
2008,1,1,4,128
2008,1,1,5,95
2008,1,1,6,59
2008,1,1,7,65
2008,1,1,8,100
2008,1,1,9,130
2008,1,1,10,124
2008,1,1,11,152
2008,1,1,12,169
2008,1,1,13,185
2008,1,1,14,186
2008,1,1,15,168
2008,1,1,16,191
2008,1,1,17,189
2008,1,1,18,212
2008,1,1,19,192
2008,1,1,20,275
2008,1,1,21,210
2008,1,1,22,205
2008,1,1,23,190
2008,1,2,0,229
2008,1,2,1,100
2008,1,2,2,89
2008,1,2,3,60
2008,1,2,4,48
2008,1,2,5,56
2008,1,2,6,53
2008,1,2,7,122
2008,1,2,8,173
2008,1,2,9,220
2008,1,2,10,181
2008,1,2,11,197
2008,1,2,12,236
2008,1,2,13,253
2008,1,2,14,210
2008,1,2,15,245
2008,1,2,16,227
2008,1,2,17,217
2008,1,2,18,257
2008,1,2,19,231
2008,1,2,20,240
2008,1,2,21,229
2008,1,2,22,239
2008,1,2,23,157
2008,1,3,0,796
2008,1,3,1,167
2008,1,3,2,147
2008,1,3,3,124
2008,1,3,4,105
2008,1,3,5,74
2008,1,3,6,101
2008,1,3,7,157
2008,1,3,8,242
2008,1,3,9,360
2008,1,3,10,259
2008,1,3,11,226
2008,1,3,12,361
2008,1,3,13,292
2008,1,3,14,284
2008,1,3,15,313
2008,1,3,16,289
2008,1,3,17,246
2008,1,3,18,238
2008,1,3,19,299
2008,1,3,20,294
2008,1,3,21,294
2008,1,3,22,246
2008,1,3,23,179
2008,1,4,0,246
2008,1,4,1,95
2008,1,4,2,99
2008,1,4,3,58
2008,1,4,4,36
2008,1,4,5,51
2008,1,4,6,69
2008,1,4,7,129
2008,1,4,8,236
2008,1,4,9,282
2008,1,4,10,230
2008,1,4,11,254
2008,1,4,12,288
2008,1,4,13,240
2008,1,4,14,287
2008,1,4,15,328
2008,1,4,16,263
2008,1,4,17,256
2008,1,4,18,280
2008,1,4,19,289
2008,1,4,20,332
2008,1,4,21,307
2008,1,4,22,249
2008,1,4,23,190
2008,1,5,0,284
2008,1,5,1,120
2008,1,5,2,89
2008,1,5,3,74
2008,1,5,4,70
2008,1,5,5,49
2008,1,5,6,82
2008,1,5,7,124
2008,1,5,8,208
2008,1,5,9,255
2008,1,5,10,228
2008,1,5,11,259
2008,1,5,12,330
2008,1,5,13,238
2008,1,5,14,263
2008,1,5,15,303
2008,1,5,16,257
2008,1,5,17,256
2008,1,5,18,265
2008,1,5,19,277
2008,1,5,20,279
2008,1,5,21,253
2008,1,5,22,245
2008,1,5,23,206
2008,1,6,0,248
2008,1,6,1,95
2008,1,6,2,76
2008,1,6,3,67
2008,1,6,4,37
2008,1,6,5,48
2008,1,6,6,67
2008,1,6,7,109
2008,1,6,8,146
2008,1,6,9,165
2008,1,6,10,165
2008,1,6,11,202
2008,1,6,12,231
2008,1,6,13,244
2008,1,6,14,219
2008,1,6,15,258
2008,1,6,16,220
2008,1,6,17,248
2008,1,6,18,267
2008,1,6,19,268
2008,1,6,20,312
2008,1,6,21,293
2008,1,6,22,257
2008,1,6,23,241
2008,1,7,0,264
2008,1,7,1,201
2008,1,7,2,188
2008,1,7,3,114
2008,1,7,4,91
2008,1,7,5,70
2008,1,7,6,55
2008,1,7,7,66
2008,1,7,8,116
2008,1,7,9,149
2008,1,7,10,168
2008,1,7,11,202
2008,1,7,12,228
2008,1,7,13,169
2008,1,7,14,211
2008,1,7,15,230
2008,1,7,16,210
2008,1,7,17,192
2008,1,7,18,215
2008,1,7,19,226
2008,1,7,20,263
2008,1,7,21,251
2008,1,7,22,259
2008,1,7,23,225
2008,2,1,0,257
2008,2,1,1,171
2008,2,1,2,179
2008,2,1,3,127
2008,2,1,4,107
2008,2,1,5,77
2008,2,1,6,48
2008,2,1,7,78
2008,2,1,8,99
2008,2,1,9,122
2008,2,1,10,142
2008,2,1,11,150
2008,2,1,12,192
2008,2,1,13,151
2008,2,1,14,166
2008,2,1,15,171
2008,2,1,16,172
2008,2,1,17,166
2008,2,1,18,181
2008,2,1,19,154
2008,2,1,20,195
2008,2,1,21,196
2008,2,1,22,209
2008,2,1,23,164
2008,2,2,0,228
2008,2,2,1,105
2008,2,2,2,85
2008,2,2,3,51
2008,2,2,4,34
2008,2,2,5,41
2008,2,2,6,43
2008,2,2,7,98
2008,2,2,8,171
2008,2,2,9,219
2008,2,2,10,181
2008,2,2,11,180
2008,2,2,12,236
2008,2,2,13,186
2008,2,2,14,208
2008,2,2,15,202
2008,2,2,16,196
2008,2,2,17,217
2008,2,2,18,193
2008,2,2,19,213
2008,2,2,20,216
2008,2,2,21,200
2008,2,2,22,181
2008,2,2,23,148
2008,2,3,0,217
2008,2,3,1,81
2008,2,3,2,63
2008,2,3,3,51
2008,2,3,4,39
2008,2,3,5,48
2008,2,3,6,68
2008,2,3,7,103
2008,2,3,8,153
2008,2,3,9,182
2008,2,3,10,177
2008,2,3,11,200
2008,2,3,12,252
2008,2,3,13,199
2008,2,3,14,213
2008,2,3,15,196
2008,2,3,16,181
2008,2,3,17,186
2008,2,3,18,211
2008,2,3,19,204
2008,2,3,20,212
2008,2,3,21,217
2008,2,3,22,188
2008,2,3,23,123
2008,2,4,0,188
2008,2,4,1,81
2008,2,4,2,64
2008,2,4,3,44
2008,2,4,4,23
2008,2,4,5,34
2008,2,4,6,43
2008,2,4,7,120
2008,2,4,8,195
2008,2,4,9,179
2008,2,4,10,190
2008,2,4,11,183
2008,2,4,12,254
2008,2,4,13,229
2008,2,4,14,225
2008,2,4,15,236
2008,2,4,16,232
2008,2,4,17,179
2008,2,4,18,213
2008,2,4,19,231
2008,2,4,20,228
2008,2,4,21,215
2008,2,4,22,206
2008,2,4,23,151
2008,2,5,0,192
2008,2,5,1,85
2008,2,5,2,77
2008,2,5,3,54
2008,2,5,4,39
2008,2,5,5,42
2008,2,5,6,57
2008,2,5,7,101
2008,2,5,8,173
2008,2,5,9,199
2008,2,5,10,183
2008,2,5,11,203
2008,2,5,12,258
2008,2,5,13,200
2008,2,5,14,221
2008,2,5,15,285
2008,2,5,16,201
2008,2,5,17,176
2008,2,5,18,209
2008,2,5,19,234
2008,2,5,20,253
2008,2,5,21,231
2008,2,5,22,214
2008,2,5,23,133
2008,2,6,0,408
2008,2,6,1,133
2008,2,6,2,121
2008,2,6,3,76
2008,2,6,4,64
2008,2,6,5,58
2008,2,6,6,84
2008,2,6,7,109
2008,2,6,8,230
2008,2,6,9,307
2008,2,6,10,244
2008,2,6,11,273
2008,2,6,12,381
2008,2,6,13,264
2008,2,6,14,287
2008,2,6,15,370
2008,2,6,16,291
2008,2,6,17,277
2008,2,6,18,302
2008,2,6,19,297
2008,2,6,20,284
2008,2,6,21,323
2008,2,6,22,303
2008,2,6,23,271
2008,2,7,0,277
2008,2,7,1,184
2008,2,7,2,158
2008,2,7,3,128
2008,2,7,4,102
2008,2,7,5,59
2008,2,7,6,60
2008,2,7,7,57
2008,2,7,8,110
2008,2,7,9,114
2008,2,7,10,163
2008,2,7,11,152
2008,2,7,12,234
2008,2,7,13,166
2008,2,7,14,198
2008,2,7,15,221
2008,2,7,16,211
2008,2,7,17,189
2008,2,7,18,192
2008,2,7,19,213
2008,2,7,20,230
2008,2,7,21,223
2008,2,7,22,239
2008,2,7,23,183
2008,3,1,0,337
2008,3,1,1,241
2008,3,1,2,180
2008,3,1,3,195
2008,3,1,4,153
2008,3,1,5,107
2008,3,1,6,76
2008,3,1,7,62
2008,3,1,8,136
2008,3,1,9,186
2008,3,1,10,193
2008,3,1,11,193
2008,3,1,12,214
2008,3,1,13,219
2008,3,1,14,195
2008,3,1,15,262
2008,3,1,16,240
2008,3,1,17,236
2008,3,1,18,266
2008,3,1,19,263
2008,3,1,20,262
2008,3,1,21,272
2008,3,1,22,285
2008,3,1,23,196
2008,3,2,0,325
2008,3,2,1,147
2008,3,2,2,144
2008,3,2,3,97
2008,3,2,4,68
2008,3,2,5,67
2008,3,2,6,69
2008,3,2,7,145
2008,3,2,8,240
2008,3,2,9,258
2008,3,2,10,230
2008,3,2,11,240
2008,3,2,12,295
2008,3,2,13,259
2008,3,2,14,285
2008,3,2,15,301
2008,3,2,16,291
2008,3,2,17,261
2008,3,2,18,290
2008,3,2,19,282
2008,3,2,20,294
2008,3,2,21,301
2008,3,2,22,275
2008,3,2,23,211
2008,3,3,0,229
2008,3,3,1,105
2008,3,3,2,86
2008,3,3,3,59
2008,3,3,4,44
2008,3,3,5,38
2008,3,3,6,84
2008,3,3,7,103
2008,3,3,8,170
2008,3,3,9,188
2008,3,3,10,195
2008,3,3,11,199
2008,3,3,12,245
2008,3,3,13,229
2008,3,3,14,235
2008,3,3,15,298
2008,3,3,16,221
2008,3,3,17,254
2008,3,3,18,254
2008,3,3,19,267
2008,3,3,20,259
2008,3,3,21,282
2008,3,3,22,251
2008,3,3,23,196
2008,3,4,0,269
2008,3,4,1,108
2008,3,4,2,91
2008,3,4,3,62
2008,3,4,4,47
2008,3,4,5,37
2008,3,4,6,71
2008,3,4,7,97
2008,3,4,8,170
2008,3,4,9,217
2008,3,4,10,213
2008,3,4,11,204
2008,3,4,12,292
2008,3,4,13,248
2008,3,4,14,272
2008,3,4,15,274
2008,3,4,16,236
2008,3,4,17,240
2008,3,4,18,301
2008,3,4,19,282
2008,3,4,20,241
2008,3,4,21,303
2008,3,4,22,227
2008,3,4,23,174
2008,3,5,0,217
2008,3,5,1,124
2008,3,5,2,97
2008,3,5,3,58
2008,3,5,4,53
2008,3,5,5,37
2008,3,5,6,65
2008,3,5,7,108
2008,3,5,8,180
2008,3,5,9,185
2008,3,5,10,214
2008,3,5,11,207
2008,3,5,12,260
2008,3,5,13,224
2008,3,5,14,218
2008,3,5,15,240
2008,3,5,16,218
2008,3,5,17,240
2008,3,5,18,224
2008,3,5,19,281
2008,3,5,20,256
2008,3,5,21,246
2008,3,5,22,219
2008,3,5,23,167
2008,3,6,0,245
2008,3,6,1,109
2008,3,6,2,112
2008,3,6,3,84
2008,3,6,4,62
2008,3,6,5,45
2008,3,6,6,81
2008,3,6,7,125
2008,3,6,8,181
2008,3,6,9,185
2008,3,6,10,187
2008,3,6,11,222
2008,3,6,12,264
2008,3,6,13,207
2008,3,6,14,247
2008,3,6,15,285
2008,3,6,16,231
2008,3,6,17,250
2008,3,6,18,226
2008,3,6,19,243
2008,3,6,20,256
2008,3,6,21,274
2008,3,6,22,285
2008,3,6,23,232
2008,3,7,0,419
2008,3,7,1,215
2008,3,7,2,199
2008,3,7,3,170
2008,3,7,4,123
2008,3,7,5,72
2008,3,7,6,83
2008,3,7,7,83
2008,3,7,8,155
2008,3,7,9,229
2008,3,7,10,213
2008,3,7,11,213
2008,3,7,12,317
2008,3,7,13,229
2008,3,7,14,259
2008,3,7,15,260
2008,3,7,16,250
2008,3,7,17,253
2008,3,7,18,245
2008,3,7,19,258
2008,3,7,20,309
2008,3,7,21,323
2008,3,7,22,345
2008,3,7,23,274
2008,4,1,0,337
2008,4,1,1,198
2008,4,1,2,185
2008,4,1,3,180
2008,4,1,4,102
2008,4,1,5,76
2008,4,1,6,50
2008,4,1,7,59
2008,4,1,8,89
2008,4,1,9,143
2008,4,1,10,160
2008,4,1,11,180
2008,4,1,12,209
2008,4,1,13,165
2008,4,1,14,154
2008,4,1,15,221
2008,4,1,16,222
2008,4,1,17,220
2008,4,1,18,228
2008,4,1,19,234
2008,4,1,20,260
2008,4,1,21,253
2008,4,1,22,218
2008,4,1,23,197
2008,4,2,0,313
2008,4,2,1,116
2008,4,2,2,101
2008,4,2,3,64
2008,4,2,4,62
2008,4,2,5,34
2008,4,2,6,56
2008,4,2,7,144
2008,4,2,8,210
2008,4,2,9,249
2008,4,2,10,212
2008,4,2,11,198
2008,4,2,12,292
2008,4,2,13,229
2008,4,2,14,259
2008,4,2,15,289
2008,4,2,16,248
2008,4,2,17,248
2008,4,2,18,228
2008,4,2,19,260
2008,4,2,20,249
2008,4,2,21,261
2008,4,2,22,224
2008,4,2,23,164
2008,4,3,0,462
2008,4,3,1,135
2008,4,3,2,101
2008,4,3,3,72
2008,4,3,4,52
2008,4,3,5,64
2008,4,3,6,71
2008,4,3,7,167
2008,4,3,8,269
2008,4,3,9,364
2008,4,3,10,321
2008,4,3,11,255
2008,4,3,12,372
2008,4,3,13,273
2008,4,3,14,330
2008,4,3,15,380
2008,4,3,16,345
2008,4,3,17,356
2008,4,3,18,334
2008,4,3,19,327
2008,4,3,20,353
2008,4,3,21,325
2008,4,3,22,308
2008,4,3,23,239
2008,4,4,0,311
2008,4,4,1,160
2008,4,4,2,94
2008,4,4,3,92
2008,4,4,4,58
2008,4,4,5,58
2008,4,4,6,109
2008,4,4,7,146
2008,4,4,8,255
2008,4,4,9,293
2008,4,4,10,261
2008,4,4,11,279
2008,4,4,12,356
2008,4,4,13,305
2008,4,4,14,328
2008,4,4,15,381
2008,4,4,16,346
2008,4,4,17,297
2008,4,4,18,334
2008,4,4,19,355
2008,4,4,20,364
2008,4,4,21,353
2008,4,4,22,309
2008,4,4,23,229
2008,4,5,0,252
2008,4,5,1,118
2008,4,5,2,99
2008,4,5,3,80
2008,4,5,4,63
2008,4,5,5,49
2008,4,5,6,56
2008,4,5,7,113
2008,4,5,8,186
2008,4,5,9,243
2008,4,5,10,219
2008,4,5,11,219
2008,4,5,12,288
2008,4,5,13,234
2008,4,5,14,259
2008,4,5,15,254
2008,4,5,16,210
2008,4,5,17,276
2008,4,5,18,240
2008,4,5,19,256
2008,4,5,20,246
2008,4,5,21,261
2008,4,5,22,252
2008,4,5,23,198
2008,4,6,0,260
2008,4,6,1,133
2008,4,6,2,105
2008,4,6,3,71
2008,4,6,4,66
2008,4,6,5,45
2008,4,6,6,61
2008,4,6,7,149
2008,4,6,8,171
2008,4,6,9,217
2008,4,6,10,208
2008,4,6,11,242
2008,4,6,12,275
2008,4,6,13,242
2008,4,6,14,268
2008,4,6,15,300
2008,4,6,16,241
2008,4,6,17,265
2008,4,6,18,262
2008,4,6,19,285
2008,4,6,20,299
2008,4,6,21,279
2008,4,6,22,303
2008,4,6,23,251
2008,4,7,0,350
2008,4,7,1,190
2008,4,7,2,181
2008,4,7,3,134
2008,4,7,4,113
2008,4,7,5,79
2008,4,7,6,54
2008,4,7,7,61
2008,4,7,8,111
2008,4,7,9,163
2008,4,7,10,182
2008,4,7,11,180
2008,4,7,12,208
2008,4,7,13,196
2008,4,7,14,186
2008,4,7,15,224
2008,4,7,16,209
2008,4,7,17,224
2008,4,7,18,224
2008,4,7,19,265
2008,4,7,20,242
2008,4,7,21,251
2008,4,7,22,259
2008,4,7,23,249
2008,5,1,0,299
2008,5,1,1,182
2008,5,1,2,176
2008,5,1,3,150
2008,5,1,4,124
2008,5,1,5,77
2008,5,1,6,60
2008,5,1,7,54
2008,5,1,8,88
2008,5,1,9,126
2008,5,1,10,165
2008,5,1,11,167
2008,5,1,12,201
2008,5,1,13,139
2008,5,1,14,160
2008,5,1,15,180
2008,5,1,16,221
2008,5,1,17,173
2008,5,1,18,236
2008,5,1,19,250
2008,5,1,20,222
2008,5,1,21,223
2008,5,1,22,293
2008,5,1,23,213
2008,5,2,0,296
2008,5,2,1,137
2008,5,2,2,113
2008,5,2,3,94
2008,5,2,4,59
2008,5,2,5,59
2008,5,2,6,75
2008,5,2,7,120
2008,5,2,8,193
2008,5,2,9,218
2008,5,2,10,202
2008,5,2,11,202
2008,5,2,12,251
2008,5,2,13,252
2008,5,2,14,268
2008,5,2,15,270
2008,5,2,16,240
2008,5,2,17,207
2008,5,2,18,257
2008,5,2,19,276
2008,5,2,20,284
2008,5,2,21,283
2008,5,2,22,271
2008,5,2,23,203
2008,5,3,0,278
2008,5,3,1,119
2008,5,3,2,95
2008,5,3,3,63
2008,5,3,4,55
2008,5,3,5,48
2008,5,3,6,77
2008,5,3,7,139
2008,5,3,8,184
2008,5,3,9,244
2008,5,3,10,200
2008,5,3,11,223
2008,5,3,12,288
2008,5,3,13,274
2008,5,3,14,261
2008,5,3,15,275
2008,5,3,16,265
2008,5,3,17,272
2008,5,3,18,279
2008,5,3,19,285
2008,5,3,20,261
2008,5,3,21,285
2008,5,3,22,238
2008,5,3,23,189
2008,5,4,0,302
2008,5,4,1,117
2008,5,4,2,109
2008,5,4,3,70
2008,5,4,4,54
2008,5,4,5,53
2008,5,4,6,85
2008,5,4,7,139
2008,5,4,8,213
2008,5,4,9,224
2008,5,4,10,233
2008,5,4,11,221
2008,5,4,12,268
2008,5,4,13,252
2008,5,4,14,269
2008,5,4,15,299
2008,5,4,16,275
2008,5,4,17,259
2008,5,4,18,312
2008,5,4,19,313
2008,5,4,20,287
2008,5,4,21,265
2008,5,4,22,232
2008,5,4,23,179
2008,5,5,0,435
2008,5,5,1,143
2008,5,5,2,145
2008,5,5,3,88
2008,5,5,4,84
2008,5,5,5,55
2008,5,5,6,99
2008,5,5,7,195
2008,5,5,8,249
2008,5,5,9,363
2008,5,5,10,296
2008,5,5,11,256
2008,5,5,12,378
2008,5,5,13,334
2008,5,5,14,369
2008,5,5,15,385
2008,5,5,16,331
2008,5,5,17,317
2008,5,5,18,320
2008,5,5,19,353
2008,5,5,20,308
2008,5,5,21,384
2008,5,5,22,319
2008,5,5,23,266
2008,5,6,0,374
2008,5,6,1,183
2008,5,6,2,169
2008,5,6,3,120
2008,5,6,4,73
2008,5,6,5,97
2008,5,6,6,118
2008,5,6,7,156
2008,5,6,8,248
2008,5,6,9,283
2008,5,6,10,272
2008,5,6,11,268
2008,5,6,12,328
2008,5,6,13,308
2008,5,6,14,366
2008,5,6,15,371
2008,5,6,16,311
2008,5,6,17,370
2008,5,6,18,342
2008,5,6,19,364
2008,5,6,20,369
2008,5,6,21,397
2008,5,6,22,391
2008,5,6,23,347
2008,5,7,0,440
2008,5,7,1,290
2008,5,7,2,238
2008,5,7,3,202
2008,5,7,4,147
2008,5,7,5,88
2008,5,7,6,95
2008,5,7,7,124
2008,5,7,8,139
2008,5,7,9,214
2008,5,7,10,234
2008,5,7,11,241
2008,5,7,12,307
2008,5,7,13,265
2008,5,7,14,272
2008,5,7,15,278
2008,5,7,16,262
2008,5,7,17,292
2008,5,7,18,287
2008,5,7,19,339
2008,5,7,20,325
2008,5,7,21,321
2008,5,7,22,355
2008,5,7,23,278
2008,6,1,0,548
2008,6,1,1,298
2008,6,1,2,287
2008,6,1,3,229
2008,6,1,4,173
2008,6,1,5,111
2008,6,1,6,92
2008,6,1,7,99
2008,6,1,8,155
2008,6,1,9,194
2008,6,1,10,215
2008,6,1,11,210
2008,6,1,12,319
2008,6,1,13,256
2008,6,1,14,264
2008,6,1,15,296
2008,6,1,16,260
2008,6,1,17,296
2008,6,1,18,285
2008,6,1,19,293
2008,6,1,20,313
2008,6,1,21,335
2008,6,1,22,374
2008,6,1,23,274
2008,6,2,0,440
2008,6,2,1,191
2008,6,2,2,151
2008,6,2,3,127
2008,6,2,4,93
2008,6,2,5,84
2008,6,2,6,96
2008,6,2,7,151
2008,6,2,8,214
2008,6,2,9,245
2008,6,2,10,241
2008,6,2,11,270
2008,6,2,12,350
2008,6,2,13,277
2008,6,2,14,295
2008,6,2,15,325
2008,6,2,16,298
2008,6,2,17,321
2008,6,2,18,297
2008,6,2,19,341
2008,6,2,20,347
2008,6,2,21,354
2008,6,2,22,368
2008,6,2,23,287
2008,6,3,0,292
2008,6,3,1,142
2008,6,3,2,107
2008,6,3,3,80
2008,6,3,4,56
2008,6,3,5,48
2008,6,3,6,77
2008,6,3,7,123
2008,6,3,8,152
2008,6,3,9,229
2008,6,3,10,231
2008,6,3,11,178
2008,6,3,12,280
2008,6,3,13,245
2008,6,3,14,244
2008,6,3,15,225
2008,6,3,16,259
2008,6,3,17,257
2008,6,3,18,277
2008,6,3,19,292
2008,6,3,20,311
2008,6,3,21,297
2008,6,3,22,275
2008,6,3,23,209
2008,6,4,0,335
2008,6,4,1,144
2008,6,4,2,126
2008,6,4,3,76
2008,6,4,4,52
2008,6,4,5,66
2008,6,4,6,84
2008,6,4,7,111
2008,6,4,8,179
2008,6,4,9,208
2008,6,4,10,214
2008,6,4,11,208
2008,6,4,12,301
2008,6,4,13,218
2008,6,4,14,248
2008,6,4,15,265
2008,6,4,16,263
2008,6,4,17,273
2008,6,4,18,278
2008,6,4,19,292
2008,6,4,20,311
2008,6,4,21,291
2008,6,4,22,344
2008,6,4,23,252
2008,6,5,0,287
2008,6,5,1,165
2008,6,5,2,107
2008,6,5,3,114
2008,6,5,4,61
2008,6,5,5,61
2008,6,5,6,66
2008,6,5,7,114
2008,6,5,8,161
2008,6,5,9,205
2008,6,5,10,230
2008,6,5,11,233
2008,6,5,12,296
2008,6,5,13,232
2008,6,5,14,248
2008,6,5,15,250
2008,6,5,16,235
2008,6,5,17,242
2008,6,5,18,290
2008,6,5,19,276
2008,6,5,20,306
2008,6,5,21,303
2008,6,5,22,302
2008,6,5,23,251
2008,6,6,0,354
2008,6,6,1,187
2008,6,6,2,165
2008,6,6,3,110
2008,6,6,4,73
2008,6,6,5,65
2008,6,6,6,91
2008,6,6,7,115
2008,6,6,8,160
2008,6,6,9,205
2008,6,6,10,221
2008,6,6,11,225
2008,6,6,12,291
2008,6,6,13,231
2008,6,6,14,253
2008,6,6,15,287
2008,6,6,16,260
2008,6,6,17,270
2008,6,6,18,267
2008,6,6,19,260
2008,6,6,20,257
2008,6,6,21,298
2008,6,6,22,354
2008,6,6,23,311
2008,6,7,0,401
2008,6,7,1,221
2008,6,7,2,215
2008,6,7,3,206
2008,6,7,4,128
2008,6,7,5,85
2008,6,7,6,71
2008,6,7,7,83
2008,6,7,8,115
2008,6,7,9,171
2008,6,7,10,165
2008,6,7,11,196
2008,6,7,12,274
2008,6,7,13,202
2008,6,7,14,238
2008,6,7,15,190
2008,6,7,16,251
2008,6,7,17,194
2008,6,7,18,232
2008,6,7,19,222
2008,6,7,20,265
2008,6,7,21,263
2008,6,7,22,326
2008,6,7,23,283
2008,7,1,0,361
2008,7,1,1,279
2008,7,1,2,221
2008,7,1,3,209
2008,7,1,4,145
2008,7,1,5,100
2008,7,1,6,86
2008,7,1,7,66
2008,7,1,8,107
2008,7,1,9,148
2008,7,1,10,156
2008,7,1,11,170
2008,7,1,12,215
2008,7,1,13,201
2008,7,1,14,218
2008,7,1,15,231
2008,7,1,16,226
2008,7,1,17,226
2008,7,1,18,247
2008,7,1,19,272
2008,7,1,20,313
2008,7,1,21,289
2008,7,1,22,326
2008,7,1,23,273
2008,7,2,0,387
2008,7,2,1,180
2008,7,2,2,156
2008,7,2,3,111
2008,7,2,4,86
2008,7,2,5,68
2008,7,2,6,97
2008,7,2,7,137
2008,7,2,8,158
2008,7,2,9,214
2008,7,2,10,172
2008,7,2,11,179
2008,7,2,12,265
2008,7,2,13,276
2008,7,2,14,254
2008,7,2,15,260
2008,7,2,16,228
2008,7,2,17,289
2008,7,2,18,273
2008,7,2,19,302
2008,7,2,20,341
2008,7,2,21,293
2008,7,2,22,313
2008,7,2,23,255
2008,7,3,0,496
2008,7,3,1,203
2008,7,3,2,160
2008,7,3,3,119
2008,7,3,4,88
2008,7,3,5,81
2008,7,3,6,112
2008,7,3,7,169
2008,7,3,8,200
2008,7,3,9,271
2008,7,3,10,259
2008,7,3,11,260
2008,7,3,12,395
2008,7,3,13,298
2008,7,3,14,297
2008,7,3,15,315
2008,7,3,16,306
2008,7,3,17,338
2008,7,3,18,324
2008,7,3,19,373
2008,7,3,20,406
2008,7,3,21,400
2008,7,3,22,440
2008,7,3,23,307
2008,7,4,0,434
2008,7,4,1,205
2008,7,4,2,133
2008,7,4,3,122
2008,7,4,4,102
2008,7,4,5,104
2008,7,4,6,105
2008,7,4,7,162
2008,7,4,8,230
2008,7,4,9,270
2008,7,4,10,282
2008,7,4,11,267
2008,7,4,12,330
2008,7,4,13,327
2008,7,4,14,295
2008,7,4,15,301
2008,7,4,16,290
2008,7,4,17,327
2008,7,4,18,350
2008,7,4,19,419
2008,7,4,20,423
2008,7,4,21,409
2008,7,4,22,373
2008,7,4,23,300
2008,7,5,0,461
2008,7,5,1,207
2008,7,5,2,164
2008,7,5,3,146
2008,7,5,4,99
2008,7,5,5,87
2008,7,5,6,108
2008,7,5,7,150
2008,7,5,8,199
2008,7,5,9,245
2008,7,5,10,273
2008,7,5,11,272
2008,7,5,12,391
2008,7,5,13,301
2008,7,5,14,295
2008,7,5,15,267
2008,7,5,16,324
2008,7,5,17,315
2008,7,5,18,346
2008,7,5,19,345
2008,7,5,20,372
2008,7,5,21,360
2008,7,5,22,335
2008,7,5,23,338
2008,7,6,0,381
2008,7,6,1,191
2008,7,6,2,161
2008,7,6,3,112
2008,7,6,4,79
2008,7,6,5,69
2008,7,6,6,80
2008,7,6,7,88
2008,7,6,8,156
2008,7,6,9,197
2008,7,6,10,215
2008,7,6,11,236
2008,7,6,12,259
2008,7,6,13,220
2008,7,6,14,228
2008,7,6,15,274
2008,7,6,16,241
2008,7,6,17,263
2008,7,6,18,249
2008,7,6,19,269
2008,7,6,20,278
2008,7,6,21,323
2008,7,6,22,371
2008,7,6,23,318
2008,7,7,0,418
2008,7,7,1,266
2008,7,7,2,261
2008,7,7,3,183
2008,7,7,4,148
2008,7,7,5,102
2008,7,7,6,69
2008,7,7,7,77
2008,7,7,8,122
2008,7,7,9,163
2008,7,7,10,189
2008,7,7,11,224
2008,7,7,12,291
2008,7,7,13,230
2008,7,7,14,215
2008,7,7,15,209
2008,7,7,16,203
2008,7,7,17,250
2008,7,7,18,238
2008,7,7,19,266
2008,7,7,20,257
2008,7,7,21,294
2008,7,7,22,317
2008,7,7,23,288
2008,8,1,0,460
2008,8,1,1,269
2008,8,1,2,285
2008,8,1,3,266
2008,8,1,4,173
2008,8,1,5,172
2008,8,1,6,94
2008,8,1,7,82
2008,8,1,8,146
2008,8,1,9,194
2008,8,1,10,208
2008,8,1,11,255
2008,8,1,12,276
2008,8,1,13,276
2008,8,1,14,240
2008,8,1,15,271
2008,8,1,16,258
2008,8,1,17,273
2008,8,1,18,307
2008,8,1,19,328
2008,8,1,20,349
2008,8,1,21,377
2008,8,1,22,398
2008,8,1,23,300
2008,8,2,0,359
2008,8,2,1,137
2008,8,2,2,111
2008,8,2,3,91
2008,8,2,4,70
2008,8,2,5,83
2008,8,2,6,80
2008,8,2,7,118
2008,8,2,8,164
2008,8,2,9,219
2008,8,2,10,195
2008,8,2,11,202
2008,8,2,12,275
2008,8,2,13,225
2008,8,2,14,275
2008,8,2,15,232
2008,8,2,16,245
2008,8,2,17,278
2008,8,2,18,294
2008,8,2,19,285
2008,8,2,20,281
2008,8,2,21,299
2008,8,2,22,281
2008,8,2,23,210
2008,8,3,0,342
2008,8,3,1,144
2008,8,3,2,107
2008,8,3,3,84
2008,8,3,4,58
2008,8,3,5,62
2008,8,3,6,70
2008,8,3,7,110
2008,8,3,8,155
2008,8,3,9,207
2008,8,3,10,207
2008,8,3,11,203
2008,8,3,12,279
2008,8,3,13,232
2008,8,3,14,247
2008,8,3,15,235
2008,8,3,16,272
2008,8,3,17,238
2008,8,3,18,309
2008,8,3,19,308
2008,8,3,20,321
2008,8,3,21,370
2008,8,3,22,338
2008,8,3,23,237
2008,8,4,0,329
2008,8,4,1,155
2008,8,4,2,129
2008,8,4,3,115
2008,8,4,4,75
2008,8,4,5,54
2008,8,4,6,79
2008,8,4,7,120
2008,8,4,8,148
2008,8,4,9,227
2008,8,4,10,199
2008,8,4,11,237
2008,8,4,12,281
2008,8,4,13,249
2008,8,4,14,268
2008,8,4,15,236
2008,8,4,16,240
2008,8,4,17,286
2008,8,4,18,296
2008,8,4,19,305
2008,8,4,20,345
2008,8,4,21,343
2008,8,4,22,350
2008,8,4,23,259
2008,8,5,0,316
2008,8,5,1,154
2008,8,5,2,114
2008,8,5,3,102
2008,8,5,4,95
2008,8,5,5,70
2008,8,5,6,93
2008,8,5,7,125
2008,8,5,8,183
2008,8,5,9,225
2008,8,5,10,203
2008,8,5,11,214
2008,8,5,12,260
2008,8,5,13,248
2008,8,5,14,228
2008,8,5,15,250
2008,8,5,16,241
2008,8,5,17,253
2008,8,5,18,272
2008,8,5,19,307
2008,8,5,20,322
2008,8,5,21,332
2008,8,5,22,354
2008,8,5,23,276
2008,8,6,0,562
2008,8,6,1,211
2008,8,6,2,177
2008,8,6,3,134
2008,8,6,4,103
2008,8,6,5,90
2008,8,6,6,105
2008,8,6,7,138
2008,8,6,8,250
2008,8,6,9,317
2008,8,6,10,300
2008,8,6,11,274
2008,8,6,12,440
2008,8,6,13,294
2008,8,6,14,305
2008,8,6,15,335
2008,8,6,16,347
2008,8,6,17,338
2008,8,6,18,367
2008,8,6,19,394
2008,8,6,20,378
2008,8,6,21,412
2008,8,6,22,472
2008,8,6,23,385
2008,8,7,0,450
2008,8,7,1,312
2008,8,7,2,306
2008,8,7,3,229
2008,8,7,4,178
2008,8,7,5,111
2008,8,7,6,104
2008,8,7,7,111
2008,8,7,8,154
2008,8,7,9,203
2008,8,7,10,228
2008,8,7,11,249
2008,8,7,12,318
2008,8,7,13,273
2008,8,7,14,256
2008,8,7,15,309
2008,8,7,16,282
2008,8,7,17,254
2008,8,7,18,272
2008,8,7,19,336
2008,8,7,20,355
2008,8,7,21,357
2008,8,7,22,431
2008,8,7,23,373
2008,9,1,0,310
2008,9,1,1,229
2008,9,1,2,238
2008,9,1,3,199
2008,9,1,4,138
2008,9,1,5,92
2008,9,1,6,57
2008,9,1,7,51
2008,9,1,8,94
2008,9,1,9,143
2008,9,1,10,176
2008,9,1,11,182
2008,9,1,12,211
2008,9,1,13,207
2008,9,1,14,172
2008,9,1,15,217
2008,9,1,16,204
2008,9,1,17,237
2008,9,1,18,237
2008,9,1,19,268
2008,9,1,20,271
2008,9,1,21,269
2008,9,1,22,241
2008,9,1,23,231
2008,9,2,0,470
2008,9,2,1,195
2008,9,2,2,131
2008,9,2,3,112
2008,9,2,4,70
2008,9,2,5,66
2008,9,2,6,101
2008,9,2,7,148
2008,9,2,8,253
2008,9,2,9,288
2008,9,2,10,266
2008,9,2,11,290
2008,9,2,12,346
2008,9,2,13,254
2008,9,2,14,287
2008,9,2,15,326
2008,9,2,16,287
2008,9,2,17,315
2008,9,2,18,315
2008,9,2,19,307
2008,9,2,20,387
2008,9,2,21,322
2008,9,2,22,348
2008,9,2,23,251
2008,9,3,0,368
2008,9,3,1,157
2008,9,3,2,125
2008,9,3,3,88
2008,9,3,4,74
2008,9,3,5,60
2008,9,3,6,100
2008,9,3,7,149
2008,9,3,8,253
2008,9,3,9,296
2008,9,3,10,254
2008,9,3,11,274
2008,9,3,12,359
2008,9,3,13,313
2008,9,3,14,336
2008,9,3,15,345
2008,9,3,16,329
2008,9,3,17,312
2008,9,3,18,341
2008,9,3,19,389
2008,9,3,20,380
2008,9,3,21,419
2008,9,3,22,413
2008,9,3,23,246
2008,9,4,0,311
2008,9,4,1,123
2008,9,4,2,110
2008,9,4,3,74
2008,9,4,4,49
2008,9,4,5,47
2008,9,4,6,84
2008,9,4,7,131
2008,9,4,8,188
2008,9,4,9,244
2008,9,4,10,227
2008,9,4,11,214
2008,9,4,12,296
2008,9,4,13,225
2008,9,4,14,219
2008,9,4,15,275
2008,9,4,16,235
2008,9,4,17,264
2008,9,4,18,335
2008,9,4,19,339
2008,9,4,20,315
2008,9,4,21,321
2008,9,4,22,286
2008,9,4,23,220
2008,9,5,0,309
2008,9,5,1,137
2008,9,5,2,94
2008,9,5,3,60
2008,9,5,4,58
2008,9,5,5,64
2008,9,5,6,81
2008,9,5,7,116
2008,9,5,8,202
2008,9,5,9,256
2008,9,5,10,208
2008,9,5,11,217
2008,9,5,12,268
2008,9,5,13,233
2008,9,5,14,221
2008,9,5,15,255
2008,9,5,16,233
2008,9,5,17,221
2008,9,5,18,267
2008,9,5,19,273
2008,9,5,20,270
2008,9,5,21,272
2008,9,5,22,263
2008,9,5,23,235
2008,9,6,0,317
2008,9,6,1,130
2008,9,6,2,97
2008,9,6,3,99
2008,9,6,4,68
2008,9,6,5,59
2008,9,6,6,79
2008,9,6,7,133
2008,9,6,8,193
2008,9,6,9,217
2008,9,6,10,222
2008,9,6,11,227
2008,9,6,12,286
2008,9,6,13,226
2008,9,6,14,241
2008,9,6,15,294
2008,9,6,16,282
2008,9,6,17,232
2008,9,6,18,272
2008,9,6,19,322
2008,9,6,20,316
2008,9,6,21,354
2008,9,6,22,333
2008,9,6,23,341
2008,9,7,0,314
2008,9,7,1,236
2008,9,7,2,187
2008,9,7,3,160
2008,9,7,4,126
2008,9,7,5,84
2008,9,7,6,54
2008,9,7,7,78
2008,9,7,8,106
2008,9,7,9,164
2008,9,7,10,170
2008,9,7,11,232
2008,9,7,12,235
2008,9,7,13,214
2008,9,7,14,218
2008,9,7,15,224
2008,9,7,16,258
2008,9,7,17,224
2008,9,7,18,231
2008,9,7,19,263
2008,9,7,20,299
2008,9,7,21,298
2008,9,7,22,318
2008,9,7,23,288
2008,10,1,0,336
2008,10,1,1,219
2008,10,1,2,211
2008,10,1,3,184
2008,10,1,4,128
2008,10,1,5,84
2008,10,1,6,79
2008,10,1,7,64
2008,10,1,8,122
2008,10,1,9,141
2008,10,1,10,149
2008,10,1,11,190
2008,10,1,12,217
2008,10,1,13,189
2008,10,1,14,187
2008,10,1,15,221
2008,10,1,16,181
2008,10,1,17,227
2008,10,1,18,238
2008,10,1,19,290
2008,10,1,20,266
2008,10,1,21,276
2008,10,1,22,273
2008,10,1,23,184
2008,10,2,0,266
2008,10,2,1,126
2008,10,2,2,88
2008,10,2,3,58
2008,10,2,4,46
2008,10,2,5,52
2008,10,2,6,82
2008,10,2,7,128
2008,10,2,8,179
2008,10,2,9,194
2008,10,2,10,229
2008,10,2,11,225
2008,10,2,12,295
2008,10,2,13,214
2008,10,2,14,241
2008,10,2,15,241
2008,10,2,16,228
2008,10,2,17,240
2008,10,2,18,255
2008,10,2,19,281
2008,10,2,20,275
2008,10,2,21,256
2008,10,2,22,237
2008,10,2,23,197
2008,10,3,0,280
2008,10,3,1,132
2008,10,3,2,96
2008,10,3,3,61
2008,10,3,4,50
2008,10,3,5,61
2008,10,3,6,67
2008,10,3,7,149
2008,10,3,8,203
2008,10,3,9,209
2008,10,3,10,200
2008,10,3,11,248
2008,10,3,12,267
2008,10,3,13,233
2008,10,3,14,278
2008,10,3,15,283
2008,10,3,16,240
2008,10,3,17,249
2008,10,3,18,240
2008,10,3,19,265
2008,10,3,20,298
2008,10,3,21,278
2008,10,3,22,262
2008,10,3,23,178
2008,10,4,0,389
2008,10,4,1,132
2008,10,4,2,115
2008,10,4,3,71
2008,10,4,4,51
2008,10,4,5,56
2008,10,4,6,97
2008,10,4,7,138
2008,10,4,8,273
2008,10,4,9,299
2008,10,4,10,270
2008,10,4,11,273
2008,10,4,12,381
2008,10,4,13,300
2008,10,4,14,331
2008,10,4,15,374
2008,10,4,16,348
2008,10,4,17,331
2008,10,4,18,335
2008,10,4,19,354
2008,10,4,20,399
2008,10,4,21,398
2008,10,4,22,328
2008,10,4,23,217
2008,10,5,0,318
2008,10,5,1,164
2008,10,5,2,132
2008,10,5,3,71
2008,10,5,4,56
2008,10,5,5,69
2008,10,5,6,86
2008,10,5,7,169
2008,10,5,8,267
2008,10,5,9,295
2008,10,5,10,227
2008,10,5,11,270
2008,10,5,12,328
2008,10,5,13,288
2008,10,5,14,321
2008,10,5,15,382
2008,10,5,16,357
2008,10,5,17,331
2008,10,5,18,322
2008,10,5,19,366
2008,10,5,20,385
2008,10,5,21,358
2008,10,5,22,330
2008,10,5,23,271
2008,10,6,0,354
2008,10,6,1,167
2008,10,6,2,126
2008,10,6,3,97
2008,10,6,4,74
2008,10,6,5,59
2008,10,6,6,95
2008,10,6,7,149
2008,10,6,8,236
2008,10,6,9,288
2008,10,6,10,258
2008,10,6,11,296
2008,10,6,12,370
2008,10,6,13,287
2008,10,6,14,347
2008,10,6,15,348
2008,10,6,16,334
2008,10,6,17,313
2008,10,6,18,323
2008,10,6,19,394
2008,10,6,20,401
2008,10,6,21,437
2008,10,6,22,422
2008,10,6,23,367
2008,10,7,0,303
2008,10,7,1,233
2008,10,7,2,188
2008,10,7,3,139
2008,10,7,4,111
2008,10,7,5,79
2008,10,7,6,54
2008,10,7,7,68
2008,10,7,8,103
2008,10,7,9,185
2008,10,7,10,189
2008,10,7,11,185
2008,10,7,12,232
2008,10,7,13,220
2008,10,7,14,226
2008,10,7,15,224
2008,10,7,16,187
2008,10,7,17,226
2008,10,7,18,230
2008,10,7,19,240
2008,10,7,20,286
2008,10,7,21,318
2008,10,7,22,296
2008,10,7,23,288
2008,11,1,0,331
2008,11,1,1,253
2008,11,1,2,245
2008,11,1,3,217
2008,11,1,4,145
2008,11,1,5,89
2008,11,1,6,66
2008,11,1,7,85
2008,11,1,8,127
2008,11,1,9,162
2008,11,1,10,195
2008,11,1,11,208
2008,11,1,12,252
2008,11,1,13,215
2008,11,1,14,232
2008,11,1,15,218
2008,11,1,16,253
2008,11,1,17,275
2008,11,1,18,269
2008,11,1,19,286
2008,11,1,20,276
2008,11,1,21,280
2008,11,1,22,228
2008,11,1,23,205
2008,11,2,0,214
2008,11,2,1,109
2008,11,2,2,60
2008,11,2,3,61
2008,11,2,4,48
2008,11,2,5,46
2008,11,2,6,69
2008,11,2,7,121
2008,11,2,8,195
2008,11,2,9,234
2008,11,2,10,193
2008,11,2,11,183
2008,11,2,12,241
2008,11,2,13,240
2008,11,2,14,208
2008,11,2,15,264
2008,11,2,16,226
2008,11,2,17,221
2008,11,2,18,239
2008,11,2,19,252
2008,11,2,20,251
2008,11,2,21,250
2008,11,2,22,201
2008,11,2,23,164
2008,11,3,0,224
2008,11,3,1,111
2008,11,3,2,74
2008,11,3,3,64
2008,11,3,4,43
2008,11,3,5,38
2008,11,3,6,67
2008,11,3,7,101
2008,11,3,8,196
2008,11,3,9,214
2008,11,3,10,171
2008,11,3,11,192
2008,11,3,12,256
2008,11,3,13,216
2008,11,3,14,215
2008,11,3,15,247
2008,11,3,16,218
2008,11,3,17,232
2008,11,3,18,250
2008,11,3,19,242
2008,11,3,20,274
2008,11,3,21,261
2008,11,3,22,253
2008,11,3,23,226
2008,11,4,0,245
2008,11,4,1,139
2008,11,4,2,76
2008,11,4,3,72
2008,11,4,4,31
2008,11,4,5,46
2008,11,4,6,69
2008,11,4,7,134
2008,11,4,8,173
2008,11,4,9,249
2008,11,4,10,190
2008,11,4,11,203
2008,11,4,12,275
2008,11,4,13,231
2008,11,4,14,241
2008,11,4,15,255
2008,11,4,16,246
2008,11,4,17,253
2008,11,4,18,268
2008,11,4,19,277
2008,11,4,20,316
2008,11,4,21,296
2008,11,4,22,256
2008,11,4,23,196
2008,11,5,0,228
2008,11,5,1,135
2008,11,5,2,96
2008,11,5,3,65
2008,11,5,4,64
2008,11,5,5,34
2008,11,5,6,73
2008,11,5,7,117
2008,11,5,8,172
2008,11,5,9,214
2008,11,5,10,200
2008,11,5,11,226
2008,11,5,12,266
2008,11,5,13,225
2008,11,5,14,228
2008,11,5,15,249
2008,11,5,16,211
2008,11,5,17,220
2008,11,5,18,226
2008,11,5,19,264
2008,11,5,20,257
2008,11,5,21,255
2008,11,5,22,225
2008,11,5,23,168
2008,11,6,0,250
2008,11,6,1,145
2008,11,6,2,81
2008,11,6,3,74
2008,11,6,4,57
2008,11,6,5,44
2008,11,6,6,62
2008,11,6,7,103
2008,11,6,8,191
2008,11,6,9,219
2008,11,6,10,192
2008,11,6,11,202
2008,11,6,12,293
2008,11,6,13,210
2008,11,6,14,242
2008,11,6,15,246
2008,11,6,16,213
2008,11,6,17,256
2008,11,6,18,251
2008,11,6,19,231
2008,11,6,20,284
2008,11,6,21,289
2008,11,6,22,296
2008,11,6,23,246
2008,11,7,0,475
2008,11,7,1,246
2008,11,7,2,244
2008,11,7,3,173
2008,11,7,4,142
2008,11,7,5,75
2008,11,7,6,77
2008,11,7,7,89
2008,11,7,8,151
2008,11,7,9,215
2008,11,7,10,206
2008,11,7,11,245
2008,11,7,12,322
2008,11,7,13,275
2008,11,7,14,284
2008,11,7,15,297
2008,11,7,16,269
2008,11,7,17,263
2008,11,7,18,301
2008,11,7,19,324
2008,11,7,20,311
2008,11,7,21,329
2008,11,7,22,317
2008,11,7,23,316
2008,12,1,0,242
2008,12,1,1,171
2008,12,1,2,145
2008,12,1,3,131
2008,12,1,4,105
2008,12,1,5,58
2008,12,1,6,38
2008,12,1,7,57
2008,12,1,8,89
2008,12,1,9,100
2008,12,1,10,132
2008,12,1,11,158
2008,12,1,12,178
2008,12,1,13,139
2008,12,1,14,155
2008,12,1,15,175
2008,12,1,16,179
2008,12,1,17,161
2008,12,1,18,204
2008,12,1,19,214
2008,12,1,20,200
2008,12,1,21,173
2008,12,1,22,174
2008,12,1,23,147
2008,12,2,0,330
2008,12,2,1,133
2008,12,2,2,69
2008,12,2,3,69
2008,12,2,4,72
2008,12,2,5,51
2008,12,2,6,80
2008,12,2,7,122
2008,12,2,8,175
2008,12,2,9,268
2008,12,2,10,210
2008,12,2,11,234
2008,12,2,12,313
2008,12,2,13,233
2008,12,2,14,239
2008,12,2,15,291
2008,12,2,16,245
2008,12,2,17,298
2008,12,2,18,272
2008,12,2,19,300
2008,12,2,20,258
2008,12,2,21,241
2008,12,2,22,225
2008,12,2,23,176
2008,12,3,0,302
2008,12,3,1,124
2008,12,3,2,77
2008,12,3,3,63
2008,12,3,4,48
2008,12,3,5,35
2008,12,3,6,71
2008,12,3,7,134
2008,12,3,8,197
2008,12,3,9,229
2008,12,3,10,179
2008,12,3,11,227
2008,12,3,12,268
2008,12,3,13,227
2008,12,3,14,235
2008,12,3,15,273
2008,12,3,16,249
2008,12,3,17,254
2008,12,3,18,231
2008,12,3,19,304
2008,12,3,20,283
2008,12,3,21,277
2008,12,3,22,249
2008,12,3,23,179
2008,12,4,0,294
2008,12,4,1,109
2008,12,4,2,83
2008,12,4,3,75
2008,12,4,4,46
2008,12,4,5,53
2008,12,4,6,69
2008,12,4,7,112
2008,12,4,8,207
2008,12,4,9,228
2008,12,4,10,246
2008,12,4,11,229
2008,12,4,12,321
2008,12,4,13,250
2008,12,4,14,273
2008,12,4,15,245
2008,12,4,16,250
2008,12,4,17,263
2008,12,4,18,240
2008,12,4,19,265
2008,12,4,20,246
2008,12,4,21,244
2008,12,4,22,233
2008,12,4,23,217
2008,12,5,0,208
2008,12,5,1,115
2008,12,5,2,78
2008,12,5,3,64
2008,12,5,4,49
2008,12,5,5,40
2008,12,5,6,53
2008,12,5,7,92
2008,12,5,8,135
2008,12,5,9,162
2008,12,5,10,164
2008,12,5,11,165
2008,12,5,12,198
2008,12,5,13,184
2008,12,5,14,187
2008,12,5,15,214
2008,12,5,16,164
2008,12,5,17,183
2008,12,5,18,221
2008,12,5,19,183
2008,12,5,20,180
2008,12,5,21,200
2008,12,5,22,165
2008,12,5,23,146
2008,12,6,0,221
2008,12,6,1,108
2008,12,6,2,80
2008,12,6,3,67
2008,12,6,4,54
2008,12,6,5,41
2008,12,6,6,52
2008,12,6,7,87
2008,12,6,8,127
2008,12,6,9,162
2008,12,6,10,167
2008,12,6,11,146
2008,12,6,12,226
2008,12,6,13,202
2008,12,6,14,234
2008,12,6,15,224
2008,12,6,16,180
2008,12,6,17,229
2008,12,6,18,222
2008,12,6,19,231
2008,12,6,20,261
2008,12,6,21,230
2008,12,6,22,210
2008,12,6,23,167
2008,12,7,0,244
2008,12,7,1,180
2008,12,7,2,165
2008,12,7,3,119
2008,12,7,4,83
2008,12,7,5,66
2008,12,7,6,35
2008,12,7,7,45
2008,12,7,8,90
2008,12,7,9,138
2008,12,7,10,179
2008,12,7,11,155
2008,12,7,12,224
2008,12,7,13,187
2008,12,7,14,183
2008,12,7,15,198
2008,12,7,16,192
2008,12,7,17,226
2008,12,7,18,218
2008,12,7,19,232
2008,12,7,20,210
2008,12,7,21,233
2008,12,7,22,199
2008,12,7,23,198
2009,1,1,0,242
2009,1,1,1,173
2009,1,1,2,135
2009,1,1,3,137
2009,1,1,4,87
2009,1,1,5,67
2009,1,1,6,49
2009,1,1,7,55
2009,1,1,8,70
2009,1,1,9,103
2009,1,1,10,145
2009,1,1,11,121
2009,1,1,12,180
2009,1,1,13,148
2009,1,1,14,181
2009,1,1,15,186
2009,1,1,16,149
2009,1,1,17,169
2009,1,1,18,178
2009,1,1,19,209
2009,1,1,20,192
2009,1,1,21,194
2009,1,1,22,185
2009,1,1,23,129
2009,1,2,0,194
2009,1,2,1,92
2009,1,2,2,56
2009,1,2,3,42
2009,1,2,4,38
2009,1,2,5,32
2009,1,2,6,55
2009,1,2,7,93
2009,1,2,8,122
2009,1,2,9,174
2009,1,2,10,155
2009,1,2,11,158
2009,1,2,12,204
2009,1,2,13,185
2009,1,2,14,239
2009,1,2,15,217
2009,1,2,16,185
2009,1,2,17,189
2009,1,2,18,237
2009,1,2,19,201
2009,1,2,20,202
2009,1,2,21,206
2009,1,2,22,185
2009,1,2,23,138
2009,1,3,0,197
2009,1,3,1,82
2009,1,3,2,56
2009,1,3,3,60
2009,1,3,4,39
2009,1,3,5,50
2009,1,3,6,59
2009,1,3,7,108
2009,1,3,8,131
2009,1,3,9,197
2009,1,3,10,192
2009,1,3,11,145
2009,1,3,12,215
2009,1,3,13,195
2009,1,3,14,235
2009,1,3,15,235
2009,1,3,16,215
2009,1,3,17,221
2009,1,3,18,228
2009,1,3,19,237
2009,1,3,20,218
2009,1,3,21,224
2009,1,3,22,199
2009,1,3,23,137
2009,1,4,0,196
2009,1,4,1,66
2009,1,4,2,63
2009,1,4,3,40
2009,1,4,4,26
2009,1,4,5,34
2009,1,4,6,57
2009,1,4,7,109
2009,1,4,8,165
2009,1,4,9,190
2009,1,4,10,169
2009,1,4,11,199
2009,1,4,12,231
2009,1,4,13,217
2009,1,4,14,239
2009,1,4,15,233
2009,1,4,16,232
2009,1,4,17,178
2009,1,4,18,214
2009,1,4,19,237
2009,1,4,20,207
2009,1,4,21,225
2009,1,4,22,198
2009,1,4,23,131
2009,1,5,0,634
2009,1,5,1,185
2009,1,5,2,156
2009,1,5,3,122
2009,1,5,4,82
2009,1,5,5,74
2009,1,5,6,91
2009,1,5,7,128
2009,1,5,8,226
2009,1,5,9,344
2009,1,5,10,217
2009,1,5,11,234
2009,1,5,12,353
2009,1,5,13,218
2009,1,5,14,271
2009,1,5,15,304
2009,1,5,16,260
2009,1,5,17,228
2009,1,5,18,262
2009,1,5,19,274
2009,1,5,20,271
2009,1,5,21,233
2009,1,5,22,221
2009,1,5,23,206
2009,1,6,0,264
2009,1,6,1,128
2009,1,6,2,106
2009,1,6,3,63
2009,1,6,4,41
2009,1,6,5,39
2009,1,6,6,80
2009,1,6,7,111
2009,1,6,8,174
2009,1,6,9,237
2009,1,6,10,220
2009,1,6,11,233
2009,1,6,12,293
2009,1,6,13,274
2009,1,6,14,257
2009,1,6,15,314
2009,1,6,16,255
2009,1,6,17,255
2009,1,6,18,281
2009,1,6,19,309
2009,1,6,20,298
2009,1,6,21,320
2009,1,6,22,288
2009,1,6,23,219
2009,1,7,0,302
2009,1,7,1,222
2009,1,7,2,179
2009,1,7,3,156
2009,1,7,4,90
2009,1,7,5,58
2009,1,7,6,58
2009,1,7,7,61
2009,1,7,8,109
2009,1,7,9,160
2009,1,7,10,204
2009,1,7,11,213
2009,1,7,12,219
2009,1,7,13,229
2009,1,7,14,250
2009,1,7,15,232
2009,1,7,16,264
2009,1,7,17,234
2009,1,7,18,241
2009,1,7,19,257
2009,1,7,20,307
2009,1,7,21,267
2009,1,7,22,265
2009,1,7,23,221
2009,2,1,0,296
2009,2,1,1,177
2009,2,1,2,167
2009,2,1,3,147
2009,2,1,4,92
2009,2,1,5,71
2009,2,1,6,63
2009,2,1,7,58
2009,2,1,8,90
2009,2,1,9,156
2009,2,1,10,145
2009,2,1,11,145
2009,2,1,12,204
2009,2,1,13,157
2009,2,1,14,167
2009,2,1,15,183
2009,2,1,16,153
2009,2,1,17,178
2009,2,1,18,171
2009,2,1,19,180
2009,2,1,20,178
2009,2,1,21,172
2009,2,1,22,168
2009,2,1,23,153
2009,2,2,0,209
2009,2,2,1,85
2009,2,2,2,83
2009,2,2,3,58
2009,2,2,4,36
2009,2,2,5,50
2009,2,2,6,62
2009,2,2,7,100
2009,2,2,8,160
2009,2,2,9,222
2009,2,2,10,170
2009,2,2,11,178
2009,2,2,12,224
2009,2,2,13,174
2009,2,2,14,243
2009,2,2,15,229
2009,2,2,16,222
2009,2,2,17,202
2009,2,2,18,237
2009,2,2,19,208
2009,2,2,20,205
2009,2,2,21,224
2009,2,2,22,176
2009,2,2,23,172
2009,2,3,0,232
2009,2,3,1,83
2009,2,3,2,67
2009,2,3,3,54
2009,2,3,4,44
2009,2,3,5,26
2009,2,3,6,48
2009,2,3,7,107
2009,2,3,8,164
2009,2,3,9,205
2009,2,3,10,202
2009,2,3,11,189
2009,2,3,12,228
2009,2,3,13,220
2009,2,3,14,237
2009,2,3,15,233
2009,2,3,16,243
2009,2,3,17,185
2009,2,3,18,231
2009,2,3,19,263
2009,2,3,20,267
2009,2,3,21,229
2009,2,3,22,195
2009,2,3,23,162
2009,2,4,0,285
2009,2,4,1,110
2009,2,4,2,86
2009,2,4,3,52
2009,2,4,4,30
2009,2,4,5,32
2009,2,4,6,72
2009,2,4,7,110
2009,2,4,8,149
2009,2,4,9,204
2009,2,4,10,198
2009,2,4,11,200
2009,2,4,12,255
2009,2,4,13,221
2009,2,4,14,248
2009,2,4,15,256
2009,2,4,16,214
2009,2,4,17,216
2009,2,4,18,244
2009,2,4,19,244
2009,2,4,20,226
2009,2,4,21,214
2009,2,4,22,207
2009,2,4,23,147
2009,2,5,0,208
2009,2,5,1,89
2009,2,5,2,83
2009,2,5,3,45
2009,2,5,4,34
2009,2,5,5,41
2009,2,5,6,52
2009,2,5,7,97
2009,2,5,8,183
2009,2,5,9,201
2009,2,5,10,210
2009,2,5,11,195
2009,2,5,12,245
2009,2,5,13,181
2009,2,5,14,184
2009,2,5,15,249
2009,2,5,16,207
2009,2,5,17,230
2009,2,5,18,224
2009,2,5,19,256
2009,2,5,20,220
2009,2,5,21,210
2009,2,5,22,203
2009,2,5,23,157
2009,2,6,0,218
2009,2,6,1,108
2009,2,6,2,85
2009,2,6,3,55
2009,2,6,4,54
2009,2,6,5,46
2009,2,6,6,57
2009,2,6,7,93
2009,2,6,8,155
2009,2,6,9,215
2009,2,6,10,169
2009,2,6,11,196
2009,2,6,12,256
2009,2,6,13,244
2009,2,6,14,226
2009,2,6,15,274
2009,2,6,16,223
2009,2,6,17,232
2009,2,6,18,248
2009,2,6,19,238
2009,2,6,20,266
2009,2,6,21,256
2009,2,6,22,221
2009,2,6,23,227
2009,2,7,0,302
2009,2,7,1,160
2009,2,7,2,154
2009,2,7,3,137
2009,2,7,4,100
2009,2,7,5,74
2009,2,7,6,57
2009,2,7,7,60
2009,2,7,8,93
2009,2,7,9,146
2009,2,7,10,157
2009,2,7,11,149
2009,2,7,12,219
2009,2,7,13,158
2009,2,7,14,196
2009,2,7,15,201
2009,2,7,16,211
2009,2,7,17,173
2009,2,7,18,178
2009,2,7,19,215
2009,2,7,20,204
2009,2,7,21,214
2009,2,7,22,204
2009,2,7,23,178
2009,3,1,0,367
2009,3,1,1,197
2009,3,1,2,157
2009,3,1,3,207
2009,3,1,4,142
2009,3,1,5,95
2009,3,1,6,70
2009,3,1,7,74
2009,3,1,8,117
2009,3,1,9,197
2009,3,1,10,186
2009,3,1,11,203
2009,3,1,12,235
2009,3,1,13,190
2009,3,1,14,195
2009,3,1,15,216
2009,3,1,16,225
2009,3,1,17,230
2009,3,1,18,249
2009,3,1,19,251
2009,3,1,20,252
2009,3,1,21,248
2009,3,1,22,241
2009,3,1,23,190
2009,3,2,0,245
2009,3,2,1,130
2009,3,2,2,95
2009,3,2,3,67
2009,3,2,4,62
2009,3,2,5,44
2009,3,2,6,60
2009,3,2,7,148
2009,3,2,8,195
2009,3,2,9,264
2009,3,2,10,239
2009,3,2,11,254
2009,3,2,12,318
2009,3,2,13,247
2009,3,2,14,282
2009,3,2,15,317
2009,3,2,16,254
2009,3,2,17,230
2009,3,2,18,313
2009,3,2,19,256
2009,3,2,20,279
2009,3,2,21,272
2009,3,2,22,251
2009,3,2,23,223
2009,3,3,0,279
2009,3,3,1,129
2009,3,3,2,106
2009,3,3,3,74
2009,3,3,4,48
2009,3,3,5,63
2009,3,3,6,84
2009,3,3,7,138
2009,3,3,8,228
2009,3,3,9,275
2009,3,3,10,236
2009,3,3,11,302
2009,3,3,12,317
2009,3,3,13,275
2009,3,3,14,298
2009,3,3,15,334
2009,3,3,16,272
2009,3,3,17,287
2009,3,3,18,323
2009,3,3,19,358
2009,3,3,20,323
2009,3,3,21,307
2009,3,3,22,331
2009,3,3,23,249
2009,3,4,0,281
2009,3,4,1,115
2009,3,4,2,71
2009,3,4,3,69
2009,3,4,4,44
2009,3,4,5,54
2009,3,4,6,55
2009,3,4,7,117
2009,3,4,8,191
2009,3,4,9,212
2009,3,4,10,240
2009,3,4,11,208
2009,3,4,12,258
2009,3,4,13,232
2009,3,4,14,278
2009,3,4,15,262
2009,3,4,16,221
2009,3,4,17,278
2009,3,4,18,251
2009,3,4,19,251
2009,3,4,20,268
2009,3,4,21,257
2009,3,4,22,227
2009,3,4,23,167
2009,3,5,0,214
2009,3,5,1,93
2009,3,5,2,73
2009,3,5,3,50
2009,3,5,4,52
2009,3,5,5,43
2009,3,5,6,81
2009,3,5,7,120
2009,3,5,8,169
2009,3,5,9,224
2009,3,5,10,209
2009,3,5,11,203
2009,3,5,12,258
2009,3,5,13,235
2009,3,5,14,271
2009,3,5,15,281
2009,3,5,16,269
2009,3,5,17,263
2009,3,5,18,268
2009,3,5,19,283
2009,3,5,20,264
2009,3,5,21,266
2009,3,5,22,247
2009,3,5,23,181
2009,3,6,0,244
2009,3,6,1,127
2009,3,6,2,90
2009,3,6,3,73
2009,3,6,4,62
2009,3,6,5,44
2009,3,6,6,70
2009,3,6,7,112
2009,3,6,8,168
2009,3,6,9,200
2009,3,6,10,201
2009,3,6,11,198
2009,3,6,12,296
2009,3,6,13,230
2009,3,6,14,266
2009,3,6,15,291
2009,3,6,16,255
2009,3,6,17,249
2009,3,6,18,255
2009,3,6,19,268
2009,3,6,20,268
2009,3,6,21,298
2009,3,6,22,258
2009,3,6,23,242
2009,3,7,0,245
2009,3,7,1,193
2009,3,7,2,185
2009,3,7,3,123
2009,3,7,4,102
2009,3,7,5,63
2009,3,7,6,62
2009,3,7,7,72
2009,3,7,8,97
2009,3,7,9,171
2009,3,7,10,170
2009,3,7,11,164
2009,3,7,12,226
2009,3,7,13,212
2009,3,7,14,189
2009,3,7,15,229
2009,3,7,16,200
2009,3,7,17,176
2009,3,7,18,207
2009,3,7,19,229
2009,3,7,20,236
2009,3,7,21,247
2009,3,7,22,257
2009,3,7,23,229
2009,4,1,0,245
2009,4,1,1,163
2009,4,1,2,169
2009,4,1,3,167
2009,4,1,4,109
2009,4,1,5,83
2009,4,1,6,43
2009,4,1,7,47
2009,4,1,8,77
2009,4,1,9,130
2009,4,1,10,141
2009,4,1,11,135
2009,4,1,12,159
2009,4,1,13,160
2009,4,1,14,188
2009,4,1,15,188
2009,4,1,16,158
2009,4,1,17,174
2009,4,1,18,212
2009,4,1,19,186
2009,4,1,20,214
2009,4,1,21,185
2009,4,1,22,187
2009,4,1,23,146
2009,4,2,0,241
2009,4,2,1,100
2009,4,2,2,86
2009,4,2,3,56
2009,4,2,4,40
2009,4,2,5,44
2009,4,2,6,69
2009,4,2,7,114
2009,4,2,8,192
2009,4,2,9,201
2009,4,2,10,173
2009,4,2,11,178
2009,4,2,12,265
2009,4,2,13,187
2009,4,2,14,246
2009,4,2,15,235
2009,4,2,16,221
2009,4,2,17,214
2009,4,2,18,221
2009,4,2,19,205
2009,4,2,20,186
2009,4,2,21,208
2009,4,2,22,205
2009,4,2,23,140
2009,4,3,0,228
2009,4,3,1,85
2009,4,3,2,74
2009,4,3,3,42
2009,4,3,4,48
2009,4,3,5,49
2009,4,3,6,69
2009,4,3,7,109
2009,4,3,8,170
2009,4,3,9,208
2009,4,3,10,188
2009,4,3,11,201
2009,4,3,12,272
2009,4,3,13,216
2009,4,3,14,271
2009,4,3,15,251
2009,4,3,16,232
2009,4,3,17,206
2009,4,3,18,237
2009,4,3,19,267
2009,4,3,20,238
2009,4,3,21,278
2009,4,3,22,214
2009,4,3,23,169
2009,4,4,0,422
2009,4,4,1,130
2009,4,4,2,89
2009,4,4,3,71
2009,4,4,4,70
2009,4,4,5,38
2009,4,4,6,118
2009,4,4,7,123
2009,4,4,8,229
2009,4,4,9,275
2009,4,4,10,267
2009,4,4,11,262
2009,4,4,12,351
2009,4,4,13,286
2009,4,4,14,308
2009,4,4,15,343
2009,4,4,16,292
2009,4,4,17,324
2009,4,4,18,318
2009,4,4,19,365
2009,4,4,20,369
2009,4,4,21,336
2009,4,4,22,324
2009,4,4,23,251
2009,4,5,0,306
2009,4,5,1,143
2009,4,5,2,105
2009,4,5,3,67
2009,4,5,4,73
2009,4,5,5,46
2009,4,5,6,69
2009,4,5,7,150
2009,4,5,8,227
2009,4,5,9,253
2009,4,5,10,248
2009,4,5,11,266
2009,4,5,12,299
2009,4,5,13,266
2009,4,5,14,322
2009,4,5,15,332
2009,4,5,16,286
2009,4,5,17,290
2009,4,5,18,304
2009,4,5,19,321
2009,4,5,20,294
2009,4,5,21,286
2009,4,5,22,301
2009,4,5,23,215
2009,4,6,0,232
2009,4,6,1,118
2009,4,6,2,106
2009,4,6,3,88
2009,4,6,4,56
2009,4,6,5,46
2009,4,6,6,88
2009,4,6,7,118
2009,4,6,8,160
2009,4,6,9,198
2009,4,6,10,215
2009,4,6,11,185
2009,4,6,12,271
2009,4,6,13,231
2009,4,6,14,230
2009,4,6,15,267
2009,4,6,16,212
2009,4,6,17,278
2009,4,6,18,279
2009,4,6,19,250
2009,4,6,20,272
2009,4,6,21,296
2009,4,6,22,285
2009,4,6,23,285
2009,4,7,0,310
2009,4,7,1,180
2009,4,7,2,196
2009,4,7,3,150
2009,4,7,4,117
2009,4,7,5,73
2009,4,7,6,56
2009,4,7,7,79
2009,4,7,8,106
2009,4,7,9,156
2009,4,7,10,167
2009,4,7,11,196
2009,4,7,12,223
2009,4,7,13,195
2009,4,7,14,200
2009,4,7,15,208
2009,4,7,16,213
2009,4,7,17,208
2009,4,7,18,229
2009,4,7,19,231
2009,4,7,20,230
2009,4,7,21,204
2009,4,7,22,233
2009,4,7,23,203
2009,5,1,0,319
2009,5,1,1,262
2009,5,1,2,227
2009,5,1,3,198
2009,5,1,4,119
2009,5,1,5,97
2009,5,1,6,83
2009,5,1,7,71
2009,5,1,8,96
2009,5,1,9,162
2009,5,1,10,155
2009,5,1,11,212
2009,5,1,12,267
2009,5,1,13,219
2009,5,1,14,245
2009,5,1,15,240
2009,5,1,16,231
2009,5,1,17,237
2009,5,1,18,262
2009,5,1,19,324
2009,5,1,20,279
2009,5,1,21,303
2009,5,1,22,270
2009,5,1,23,220
2009,5,2,0,255
2009,5,2,1,115
2009,5,2,2,113
2009,5,2,3,69
2009,5,2,4,54
2009,5,2,5,59
2009,5,2,6,74
2009,5,2,7,98
2009,5,2,8,158
2009,5,2,9,195
2009,5,2,10,208
2009,5,2,11,189
2009,5,2,12,234
2009,5,2,13,206
2009,5,2,14,240
2009,5,2,15,228
2009,5,2,16,196
2009,5,2,17,229
2009,5,2,18,238
2009,5,2,19,253
2009,5,2,20,252
2009,5,2,21,223
2009,5,2,22,239
2009,5,2,23,200
2009,5,3,0,227
2009,5,3,1,127
2009,5,3,2,94
2009,5,3,3,53
2009,5,3,4,52
2009,5,3,5,43
2009,5,3,6,68
2009,5,3,7,126
2009,5,3,8,187
2009,5,3,9,206
2009,5,3,10,197
2009,5,3,11,221
2009,5,3,12,282
2009,5,3,13,231
2009,5,3,14,244
2009,5,3,15,273
2009,5,3,16,258
2009,5,3,17,262
2009,5,3,18,262
2009,5,3,19,273
2009,5,3,20,301
2009,5,3,21,252
2009,5,3,22,260
2009,5,3,23,174
2009,5,4,0,235
2009,5,4,1,128
2009,5,4,2,93
2009,5,4,3,72
2009,5,4,4,58
2009,5,4,5,56
2009,5,4,6,81
2009,5,4,7,125
2009,5,4,8,176
2009,5,4,9,230
2009,5,4,10,209
2009,5,4,11,215
2009,5,4,12,273
2009,5,4,13,224
2009,5,4,14,244
2009,5,4,15,294
2009,5,4,16,249
2009,5,4,17,248
2009,5,4,18,265
2009,5,4,19,261
2009,5,4,20,273
2009,5,4,21,263
2009,5,4,22,209
2009,5,4,23,183
2009,5,5,0,248
2009,5,5,1,110
2009,5,5,2,86
2009,5,5,3,89
2009,5,5,4,59
2009,5,5,5,45
2009,5,5,6,83
2009,5,5,7,122
2009,5,5,8,177
2009,5,5,9,210
2009,5,5,10,203
2009,5,5,11,246
2009,5,5,12,257
2009,5,5,13,227
2009,5,5,14,273
2009,5,5,15,277
2009,5,5,16,252
2009,5,5,17,255
2009,5,5,18,276
2009,5,5,19,264
2009,5,5,20,296
2009,5,5,21,288
2009,5,5,22,267
2009,5,5,23,211
2009,5,6,0,407
2009,5,6,1,186
2009,5,6,2,167
2009,5,6,3,120
2009,5,6,4,82
2009,5,6,5,64
2009,5,6,6,94
2009,5,6,7,141
2009,5,6,8,262
2009,5,6,9,328
2009,5,6,10,259
2009,5,6,11,284
2009,5,6,12,341
2009,5,6,13,289
2009,5,6,14,308
2009,5,6,15,368
2009,5,6,16,285
2009,5,6,17,268
2009,5,6,18,311
2009,5,6,19,358
2009,5,6,20,302
2009,5,6,21,349
2009,5,6,22,318
2009,5,6,23,252
2009,5,7,0,370
2009,5,7,1,247
2009,5,7,2,197
2009,5,7,3,176
2009,5,7,4,151
2009,5,7,5,92
2009,5,7,6,68
2009,5,7,7,84
2009,5,7,8,107
2009,5,7,9,175
2009,5,7,10,222
2009,5,7,11,217
2009,5,7,12,284
2009,5,7,13,211
2009,5,7,14,267
2009,5,7,15,255
2009,5,7,16,265
2009,5,7,17,298
2009,5,7,18,275
2009,5,7,19,322
2009,5,7,20,308
2009,5,7,21,321
2009,5,7,22,305
2009,5,7,23,308
2009,6,1,0,277
2009,6,1,1,207
2009,6,1,2,210
2009,6,1,3,203
2009,6,1,4,148
2009,6,1,5,104
2009,6,1,6,70
2009,6,1,7,62
2009,6,1,8,101
2009,6,1,9,125
2009,6,1,10,140
2009,6,1,11,142
2009,6,1,12,192
2009,6,1,13,186
2009,6,1,14,161
2009,6,1,15,181
2009,6,1,16,201
2009,6,1,17,212
2009,6,1,18,244
2009,6,1,19,214
2009,6,1,20,228
2009,6,1,21,255
2009,6,1,22,286
2009,6,1,23,198
2009,6,2,0,442
2009,6,2,1,172
2009,6,2,2,154
2009,6,2,3,131
2009,6,2,4,87
2009,6,2,5,66
2009,6,2,6,87
2009,6,2,7,134
2009,6,2,8,235
2009,6,2,9,281
2009,6,2,10,244
2009,6,2,11,231
2009,6,2,12,317
2009,6,2,13,277
2009,6,2,14,302
2009,6,2,15,281
2009,6,2,16,301
2009,6,2,17,279
2009,6,2,18,318
2009,6,2,19,327
2009,6,2,20,335
2009,6,2,21,330
2009,6,2,22,349
2009,6,2,23,265
2009,6,3,0,380
2009,6,3,1,164
2009,6,3,2,139
2009,6,3,3,95
2009,6,3,4,77
2009,6,3,5,56
2009,6,3,6,97
2009,6,3,7,149
2009,6,3,8,191
2009,6,3,9,215
2009,6,3,10,214
2009,6,3,11,270
2009,6,3,12,315
2009,6,3,13,320
2009,6,3,14,315
2009,6,3,15,290
2009,6,3,16,278
2009,6,3,17,267
2009,6,3,18,300
2009,6,3,19,318
2009,6,3,20,313
2009,6,3,21,312
2009,6,3,22,325
2009,6,3,23,268
2009,6,4,0,284
2009,6,4,1,125
2009,6,4,2,119
2009,6,4,3,79
2009,6,4,4,37
2009,6,4,5,53
2009,6,4,6,68
2009,6,4,7,97
2009,6,4,8,175
2009,6,4,9,218
2009,6,4,10,193
2009,6,4,11,211
2009,6,4,12,270
2009,6,4,13,228
2009,6,4,14,245
2009,6,4,15,256
2009,6,4,16,215
2009,6,4,17,223
2009,6,4,18,227
2009,6,4,19,276
2009,6,4,20,271
2009,6,4,21,276
2009,6,4,22,284
2009,6,4,23,224
2009,6,5,0,277
2009,6,5,1,141
2009,6,5,2,132
2009,6,5,3,87
2009,6,5,4,51
2009,6,5,5,48
2009,6,5,6,66
2009,6,5,7,82
2009,6,5,8,122
2009,6,5,9,168
2009,6,5,10,171
2009,6,5,11,171
2009,6,5,12,260
2009,6,5,13,224
2009,6,5,14,223
2009,6,5,15,224
2009,6,5,16,208
2009,6,5,17,212
2009,6,5,18,223
2009,6,5,19,252
2009,6,5,20,283
2009,6,5,21,223
2009,6,5,22,261
2009,6,5,23,230
2009,6,6,0,260
2009,6,6,1,153
2009,6,6,2,112
2009,6,6,3,117
2009,6,6,4,73
2009,6,6,5,42
2009,6,6,6,67
2009,6,6,7,114
2009,6,6,8,159
2009,6,6,9,213
2009,6,6,10,225
2009,6,6,11,220
2009,6,6,12,266
2009,6,6,13,222
2009,6,6,14,237
2009,6,6,15,248
2009,6,6,16,230
2009,6,6,17,256
2009,6,6,18,254
2009,6,6,19,283
2009,6,6,20,259
2009,6,6,21,252
2009,6,6,22,244
2009,6,6,23,263
2009,6,7,0,315
2009,6,7,1,211
2009,6,7,2,199
2009,6,7,3,179
2009,6,7,4,114
2009,6,7,5,62
2009,6,7,6,77
2009,6,7,7,76
2009,6,7,8,99
2009,6,7,9,182
2009,6,7,10,185
2009,6,7,11,163
2009,6,7,12,232
2009,6,7,13,190
2009,6,7,14,199
2009,6,7,15,208
2009,6,7,16,219
2009,6,7,17,233
2009,6,7,18,217
2009,6,7,19,224
2009,6,7,20,221
2009,6,7,21,247
2009,6,7,22,281
2009,6,7,23,227
2009,7,1,0,329
2009,7,1,1,201
2009,7,1,2,216
2009,7,1,3,174
2009,7,1,4,117
2009,7,1,5,85
2009,7,1,6,65
2009,7,1,7,47
2009,7,1,8,77
2009,7,1,9,103
2009,7,1,10,154
2009,7,1,11,181
2009,7,1,12,198
2009,7,1,13,174
2009,7,1,14,183
2009,7,1,15,168
2009,7,1,16,193
2009,7,1,17,217
2009,7,1,18,234
2009,7,1,19,236
2009,7,1,20,244
2009,7,1,21,281
2009,7,1,22,256
2009,7,1,23,212
2009,7,2,0,295
2009,7,2,1,149
2009,7,2,2,119
2009,7,2,3,104
2009,7,2,4,69
2009,7,2,5,68
2009,7,2,6,77
2009,7,2,7,102
2009,7,2,8,149
2009,7,2,9,202
2009,7,2,10,167
2009,7,2,11,196
2009,7,2,12,229
2009,7,2,13,222
2009,7,2,14,232
2009,7,2,15,207
2009,7,2,16,220
2009,7,2,17,223
2009,7,2,18,249
2009,7,2,19,260
2009,7,2,20,262
2009,7,2,21,288
2009,7,2,22,254
2009,7,2,23,201
2009,7,3,0,276
2009,7,3,1,137
2009,7,3,2,114
2009,7,3,3,88
2009,7,3,4,79
2009,7,3,5,43
2009,7,3,6,74
2009,7,3,7,109
2009,7,3,8,174
2009,7,3,9,188
2009,7,3,10,213
2009,7,3,11,156
2009,7,3,12,259
2009,7,3,13,229
2009,7,3,14,226
2009,7,3,15,240
2009,7,3,16,255
2009,7,3,17,250
2009,7,3,18,262
2009,7,3,19,288
2009,7,3,20,250
2009,7,3,21,284
2009,7,3,22,290
2009,7,3,23,213
2009,7,4,0,430
2009,7,4,1,164
2009,7,4,2,148
2009,7,4,3,116
2009,7,4,4,91
2009,7,4,5,65
2009,7,4,6,89
2009,7,4,7,135
2009,7,4,8,202
2009,7,4,9,267
2009,7,4,10,235
2009,7,4,11,281
2009,7,4,12,300
2009,7,4,13,288
2009,7,4,14,310
2009,7,4,15,287
2009,7,4,16,281
2009,7,4,17,284
2009,7,4,18,332
2009,7,4,19,323
2009,7,4,20,356
2009,7,4,21,338
2009,7,4,22,357
2009,7,4,23,276
2009,7,5,0,347
2009,7,5,1,181
2009,7,5,2,140
2009,7,5,3,105
2009,7,5,4,93
2009,7,5,5,87
2009,7,5,6,95
2009,7,5,7,130
2009,7,5,8,195
2009,7,5,9,258
2009,7,5,10,228
2009,7,5,11,245
2009,7,5,12,336
2009,7,5,13,285
2009,7,5,14,284
2009,7,5,15,287
2009,7,5,16,279
2009,7,5,17,298
2009,7,5,18,322
2009,7,5,19,360
2009,7,5,20,307
2009,7,5,21,333
2009,7,5,22,317
2009,7,5,23,274
2009,7,6,0,388
2009,7,6,1,175
2009,7,6,2,169
2009,7,6,3,136
2009,7,6,4,98
2009,7,6,5,93
2009,7,6,6,89
2009,7,6,7,133
2009,7,6,8,169
2009,7,6,9,252
2009,7,6,10,267
2009,7,6,11,243
2009,7,6,12,317
2009,7,6,13,255
2009,7,6,14,258
2009,7,6,15,313
2009,7,6,16,291
2009,7,6,17,299
2009,7,6,18,364
2009,7,6,19,327
2009,7,6,20,316
2009,7,6,21,329
2009,7,6,22,367
2009,7,6,23,328
2009,7,7,0,311
2009,7,7,1,203
2009,7,7,2,194
2009,7,7,3,145
2009,7,7,4,119
2009,7,7,5,83
2009,7,7,6,49
2009,7,7,7,63
2009,7,7,8,80
2009,7,7,9,145
2009,7,7,10,154
2009,7,7,11,189
2009,7,7,12,223
2009,7,7,13,174
2009,7,7,14,204
2009,7,7,15,195
2009,7,7,16,193
2009,7,7,17,213
2009,7,7,18,206
2009,7,7,19,227
2009,7,7,20,209
2009,7,7,21,241
2009,7,7,22,270
2009,7,7,23,286
2009,8,1,0,408
2009,8,1,1,303
2009,8,1,2,254
2009,8,1,3,243
2009,8,1,4,187
2009,8,1,5,141
2009,8,1,6,92
2009,8,1,7,87
2009,8,1,8,122
2009,8,1,9,163
2009,8,1,10,182
2009,8,1,11,201
2009,8,1,12,235
2009,8,1,13,209
2009,8,1,14,217
2009,8,1,15,222
2009,8,1,16,271
2009,8,1,17,260
2009,8,1,18,263
2009,8,1,19,274
2009,8,1,20,298
2009,8,1,21,347
2009,8,1,22,297
2009,8,1,23,226
2009,8,2,0,348
2009,8,2,1,188
2009,8,2,2,115
2009,8,2,3,107
2009,8,2,4,77
2009,8,2,5,57
2009,8,2,6,92
2009,8,2,7,118
2009,8,2,8,183
2009,8,2,9,211
2009,8,2,10,228
2009,8,2,11,244
2009,8,2,12,305
2009,8,2,13,280
2009,8,2,14,268
2009,8,2,15,292
2009,8,2,16,290
2009,8,2,17,327
2009,8,2,18,296
2009,8,2,19,324
2009,8,2,20,309
2009,8,2,21,342
2009,8,2,22,324
2009,8,2,23,231
2009,8,3,0,300
2009,8,3,1,153
2009,8,3,2,104
2009,8,3,3,109
2009,8,3,4,55
2009,8,3,5,58
2009,8,3,6,57
2009,8,3,7,101
2009,8,3,8,159
2009,8,3,9,176
2009,8,3,10,202
2009,8,3,11,194
2009,8,3,12,264
2009,8,3,13,235
2009,8,3,14,245
2009,8,3,15,252
2009,8,3,16,261
2009,8,3,17,233
2009,8,3,18,259
2009,8,3,19,292
2009,8,3,20,293
2009,8,3,21,280
2009,8,3,22,289
2009,8,3,23,225
2009,8,4,0,281
2009,8,4,1,169
2009,8,4,2,115
2009,8,4,3,97
2009,8,4,4,74
2009,8,4,5,53
2009,8,4,6,72
2009,8,4,7,107
2009,8,4,8,133
2009,8,4,9,205
2009,8,4,10,214
2009,8,4,11,218
2009,8,4,12,303
2009,8,4,13,227
2009,8,4,14,261
2009,8,4,15,249
2009,8,4,16,254
2009,8,4,17,251
2009,8,4,18,242
2009,8,4,19,284
2009,8,4,20,285
2009,8,4,21,270
2009,8,4,22,268
2009,8,4,23,226
2009,8,5,0,266
2009,8,5,1,126
2009,8,5,2,131
2009,8,5,3,83
2009,8,5,4,57
2009,8,5,5,58
2009,8,5,6,78
2009,8,5,7,100
2009,8,5,8,145
2009,8,5,9,167
2009,8,5,10,159
2009,8,5,11,243
2009,8,5,12,249
2009,8,5,13,215
2009,8,5,14,231
2009,8,5,15,244
2009,8,5,16,215
2009,8,5,17,233
2009,8,5,18,246
2009,8,5,19,281
2009,8,5,20,290
2009,8,5,21,314
2009,8,5,22,247
2009,8,5,23,202
2009,8,6,0,251
2009,8,6,1,165
2009,8,6,2,130
2009,8,6,3,118
2009,8,6,4,73
2009,8,6,5,56
2009,8,6,6,62
2009,8,6,7,86
2009,8,6,8,157
2009,8,6,9,193
2009,8,6,10,202
2009,8,6,11,214
2009,8,6,12,272
2009,8,6,13,243
2009,8,6,14,222
2009,8,6,15,227
2009,8,6,16,223
2009,8,6,17,230
2009,8,6,18,241
2009,8,6,19,258
2009,8,6,20,239
2009,8,6,21,279
2009,8,6,22,289
2009,8,6,23,266
2009,8,7,0,479
2009,8,7,1,235
2009,8,7,2,231
2009,8,7,3,212
2009,8,7,4,144
2009,8,7,5,102
2009,8,7,6,90
2009,8,7,7,96
2009,8,7,8,131
2009,8,7,9,210
2009,8,7,10,208
2009,8,7,11,228
2009,8,7,12,361
2009,8,7,13,215
2009,8,7,14,268
2009,8,7,15,274
2009,8,7,16,275
2009,8,7,17,281
2009,8,7,18,274
2009,8,7,19,268
2009,8,7,20,291
2009,8,7,21,336
2009,8,7,22,324
2009,8,7,23,312
2009,9,1,0,313
2009,9,1,1,221
2009,9,1,2,212
2009,9,1,3,156
2009,9,1,4,119
2009,9,1,5,69
2009,9,1,6,76
2009,9,1,7,65
2009,9,1,8,77
2009,9,1,9,108
2009,9,1,10,165
2009,9,1,11,178
2009,9,1,12,206
2009,9,1,13,191
2009,9,1,14,203
2009,9,1,15,196
2009,9,1,16,200
2009,9,1,17,189
2009,9,1,18,219
2009,9,1,19,251
2009,9,1,20,221
2009,9,1,21,230
2009,9,1,22,194
2009,9,1,23,215
2009,9,2,0,293
2009,9,2,1,138
2009,9,2,2,87
2009,9,2,3,63
2009,9,2,4,42
2009,9,2,5,48
2009,9,2,6,71
2009,9,2,7,114
2009,9,2,8,155
2009,9,2,9,206
2009,9,2,10,227
2009,9,2,11,189
2009,9,2,12,209
2009,9,2,13,213
2009,9,2,14,221
2009,9,2,15,233
2009,9,2,16,253
2009,9,2,17,216
2009,9,2,18,223
2009,9,2,19,262
2009,9,2,20,228
2009,9,2,21,214
2009,9,2,22,226
2009,9,2,23,157
2009,9,3,0,376
2009,9,3,1,146
2009,9,3,2,110
2009,9,3,3,82
2009,9,3,4,65
2009,9,3,5,58
2009,9,3,6,97
2009,9,3,7,150
2009,9,3,8,218
2009,9,3,9,291
2009,9,3,10,241
2009,9,3,11,263
2009,9,3,12,363
2009,9,3,13,269
2009,9,3,14,289
2009,9,3,15,326
2009,9,3,16,290
2009,9,3,17,275
2009,9,3,18,327
2009,9,3,19,332
2009,9,3,20,318
2009,9,3,21,324
2009,9,3,22,303
2009,9,3,23,244
2009,9,4,0,312
2009,9,4,1,127
2009,9,4,2,140
2009,9,4,3,102
2009,9,4,4,69
2009,9,4,5,45
2009,9,4,6,91
2009,9,4,7,144
2009,9,4,8,219
2009,9,4,9,251
2009,9,4,10,252
2009,9,4,11,248
2009,9,4,12,309
2009,9,4,13,284
2009,9,4,14,291
2009,9,4,15,331
2009,9,4,16,283
2009,9,4,17,277
2009,9,4,18,297
2009,9,4,19,339
2009,9,4,20,337
2009,9,4,21,290
2009,9,4,22,317
2009,9,4,23,224
2009,9,5,0,216
2009,9,5,1,144
2009,9,5,2,97
2009,9,5,3,85
2009,9,5,4,45
2009,9,5,5,48
2009,9,5,6,59
2009,9,5,7,118
2009,9,5,8,164
2009,9,5,9,222
2009,9,5,10,198
2009,9,5,11,201
2009,9,5,12,262
2009,9,5,13,224
2009,9,5,14,275
2009,9,5,15,280
2009,9,5,16,236
2009,9,5,17,232
2009,9,5,18,268
2009,9,5,19,265
2009,9,5,20,281
2009,9,5,21,285
2009,9,5,22,260
2009,9,5,23,206
2009,9,6,0,277
2009,9,6,1,148
2009,9,6,2,104
2009,9,6,3,92
2009,9,6,4,52
2009,9,6,5,56
2009,9,6,6,65
2009,9,6,7,106
2009,9,6,8,157
2009,9,6,9,197
2009,9,6,10,200
2009,9,6,11,214
2009,9,6,12,304
2009,9,6,13,247
2009,9,6,14,246
2009,9,6,15,305
2009,9,6,16,244
2009,9,6,17,256
2009,9,6,18,261
2009,9,6,19,237
2009,9,6,20,306
2009,9,6,21,296
2009,9,6,22,274
2009,9,6,23,250
2009,9,7,0,314
2009,9,7,1,195
2009,9,7,2,185
2009,9,7,3,138
2009,9,7,4,106
2009,9,7,5,69
2009,9,7,6,65
2009,9,7,7,77
2009,9,7,8,114
2009,9,7,9,158
2009,9,7,10,151
2009,9,7,11,184
2009,9,7,12,224
2009,9,7,13,191
2009,9,7,14,185
2009,9,7,15,208
2009,9,7,16,209
2009,9,7,17,206
2009,9,7,18,204
2009,9,7,19,243
2009,9,7,20,229
2009,9,7,21,248
2009,9,7,22,295
2009,9,7,23,211
2009,10,1,0,274
2009,10,1,1,186
2009,10,1,2,176
2009,10,1,3,150
2009,10,1,4,107
2009,10,1,5,71
2009,10,1,6,60
2009,10,1,7,62
2009,10,1,8,79
2009,10,1,9,140
2009,10,1,10,131
2009,10,1,11,155
2009,10,1,12,230
2009,10,1,13,149
2009,10,1,14,190
2009,10,1,15,192
2009,10,1,16,167
2009,10,1,17,216
2009,10,1,18,183
2009,10,1,19,207
2009,10,1,20,235
2009,10,1,21,220
2009,10,1,22,199
2009,10,1,23,161
2009,10,2,0,256
2009,10,2,1,87
2009,10,2,2,64
2009,10,2,3,55
2009,10,2,4,49
2009,10,2,5,46
2009,10,2,6,63
2009,10,2,7,120
2009,10,2,8,163
2009,10,2,9,226
2009,10,2,10,181
2009,10,2,11,218
2009,10,2,12,271
2009,10,2,13,192
2009,10,2,14,238
2009,10,2,15,237
2009,10,2,16,192
2009,10,2,17,231
2009,10,2,18,249
2009,10,2,19,245
2009,10,2,20,262
2009,10,2,21,222
2009,10,2,22,179
2009,10,2,23,154
2009,10,3,0,238
2009,10,3,1,113
2009,10,3,2,71
2009,10,3,3,65
2009,10,3,4,58
2009,10,3,5,47
2009,10,3,6,87
2009,10,3,7,129
2009,10,3,8,181
2009,10,3,9,241
2009,10,3,10,184
2009,10,3,11,236
2009,10,3,12,266
2009,10,3,13,233
2009,10,3,14,233
2009,10,3,15,249
2009,10,3,16,231
2009,10,3,17,215
2009,10,3,18,243
2009,10,3,19,261
2009,10,3,20,264
2009,10,3,21,247
2009,10,3,22,262
2009,10,3,23,164
2009,10,4,0,214
2009,10,4,1,109
2009,10,4,2,89
2009,10,4,3,66
2009,10,4,4,51
2009,10,4,5,39
2009,10,4,6,69
2009,10,4,7,117
2009,10,4,8,176
2009,10,4,9,224
2009,10,4,10,195
2009,10,4,11,199
2009,10,4,12,263
2009,10,4,13,226
2009,10,4,14,243
2009,10,4,15,257
2009,10,4,16,222
2009,10,4,17,248
2009,10,4,18,225
2009,10,4,19,312
2009,10,4,20,297
2009,10,4,21,267
2009,10,4,22,216
2009,10,4,23,149
2009,10,5,0,349
2009,10,5,1,165
2009,10,5,2,105
2009,10,5,3,79
2009,10,5,4,57
2009,10,5,5,57
2009,10,5,6,97
2009,10,5,7,132
2009,10,5,8,238
2009,10,5,9,284
2009,10,5,10,273
2009,10,5,11,297
2009,10,5,12,362
2009,10,5,13,278
2009,10,5,14,286
2009,10,5,15,318
2009,10,5,16,285
2009,10,5,17,257
2009,10,5,18,258
2009,10,5,19,295
2009,10,5,20,259
2009,10,5,21,281
2009,10,5,22,247
2009,10,5,23,178
2009,10,6,0,268
2009,10,6,1,124
2009,10,6,2,116
2009,10,6,3,69
2009,10,6,4,60
2009,10,6,5,49
2009,10,6,6,92
2009,10,6,7,129
2009,10,6,8,180
2009,10,6,9,282
2009,10,6,10,283
2009,10,6,11,246
2009,10,6,12,306
2009,10,6,13,271
2009,10,6,14,296
2009,10,6,15,327
2009,10,6,16,293
2009,10,6,17,303
2009,10,6,18,349
2009,10,6,19,303
2009,10,6,20,315
2009,10,6,21,296
2009,10,6,22,333
2009,10,6,23,262
2009,10,7,0,346
2009,10,7,1,226
2009,10,7,2,209
2009,10,7,3,162
2009,10,7,4,143
2009,10,7,5,85
2009,10,7,6,74
2009,10,7,7,66
2009,10,7,8,122
2009,10,7,9,188
2009,10,7,10,217
2009,10,7,11,226
2009,10,7,12,324
2009,10,7,13,253
2009,10,7,14,242
2009,10,7,15,264
2009,10,7,16,246
2009,10,7,17,269
2009,10,7,18,267
2009,10,7,19,274
2009,10,7,20,311
2009,10,7,21,299
2009,10,7,22,337
2009,10,7,23,276
2009,11,1,0,410
2009,11,1,1,332
2009,11,1,2,221
2009,11,1,3,203
2009,11,1,4,158
2009,11,1,5,108
2009,11,1,6,77
2009,11,1,7,98
2009,11,1,8,106
2009,11,1,9,177
2009,11,1,10,168
2009,11,1,11,192
2009,11,1,12,232
2009,11,1,13,230
2009,11,1,14,209
2009,11,1,15,251
2009,11,1,16,255
2009,11,1,17,231
2009,11,1,18,265
2009,11,1,19,283
2009,11,1,20,277
2009,11,1,21,258
2009,11,1,22,230
2009,11,1,23,185
2009,11,2,0,305
2009,11,2,1,141
2009,11,2,2,91
2009,11,2,3,81
2009,11,2,4,50
2009,11,2,5,48
2009,11,2,6,86
2009,11,2,7,151
2009,11,2,8,247
2009,11,2,9,272
2009,11,2,10,240
2009,11,2,11,275
2009,11,2,12,295
2009,11,2,13,237
2009,11,2,14,278
2009,11,2,15,296
2009,11,2,16,291
2009,11,2,17,244
2009,11,2,18,296
2009,11,2,19,295
2009,11,2,20,272
2009,11,2,21,274
2009,11,2,22,237
2009,11,2,23,168
2009,11,3,0,213
2009,11,3,1,81
2009,11,3,2,67
2009,11,3,3,43
2009,11,3,4,40
2009,11,3,5,37
2009,11,3,6,56
2009,11,3,7,139
2009,11,3,8,182
2009,11,3,9,238
2009,11,3,10,193
2009,11,3,11,209
2009,11,3,12,242
2009,11,3,13,206
2009,11,3,14,254
2009,11,3,15,244
2009,11,3,16,204
2009,11,3,17,231
2009,11,3,18,226
2009,11,3,19,230
2009,11,3,20,257
2009,11,3,21,218
2009,11,3,22,202
2009,11,3,23,170
2009,11,4,0,247
2009,11,4,1,104
2009,11,4,2,75
2009,11,4,3,62
2009,11,4,4,44
2009,11,4,5,46
2009,11,4,6,60
2009,11,4,7,104
2009,11,4,8,194
2009,11,4,9,181
2009,11,4,10,207
2009,11,4,11,233
2009,11,4,12,278
2009,11,4,13,239
2009,11,4,14,243
2009,11,4,15,250
2009,11,4,16,202
2009,11,4,17,251
2009,11,4,18,223
2009,11,4,19,239
2009,11,4,20,269
2009,11,4,21,187
2009,11,4,22,213
2009,11,4,23,162
2009,11,5,0,199
2009,11,5,1,88
2009,11,5,2,94
2009,11,5,3,57
2009,11,5,4,41
2009,11,5,5,57
2009,11,5,6,76
2009,11,5,7,114
2009,11,5,8,152
2009,11,5,9,194
2009,11,5,10,166
2009,11,5,11,175
2009,11,5,12,215
2009,11,5,13,196
2009,11,5,14,238
2009,11,5,15,227
2009,11,5,16,193
2009,11,5,17,202
2009,11,5,18,211
2009,11,5,19,197
2009,11,5,20,214
2009,11,5,21,208
2009,11,5,22,192
2009,11,5,23,170
2009,11,6,0,224
2009,11,6,1,113
2009,11,6,2,102
2009,11,6,3,68
2009,11,6,4,66
2009,11,6,5,41
2009,11,6,6,66
2009,11,6,7,103
2009,11,6,8,149
2009,11,6,9,186
2009,11,6,10,187
2009,11,6,11,191
2009,11,6,12,252
2009,11,6,13,218
2009,11,6,14,232
2009,11,6,15,302
2009,11,6,16,209
2009,11,6,17,232
2009,11,6,18,253
2009,11,6,19,247
2009,11,6,20,266
2009,11,6,21,267
2009,11,6,22,266
2009,11,6,23,242
2009,11,7,0,261
2009,11,7,1,191
2009,11,7,2,158
2009,11,7,3,137
2009,11,7,4,97
2009,11,7,5,68
2009,11,7,6,59
2009,11,7,7,57
2009,11,7,8,105
2009,11,7,9,147
2009,11,7,10,153
2009,11,7,11,155
2009,11,7,12,229
2009,11,7,13,170
2009,11,7,14,190
2009,11,7,15,187
2009,11,7,16,181
2009,11,7,17,186
2009,11,7,18,236
2009,11,7,19,260
2009,11,7,20,274
2009,11,7,21,265
2009,11,7,22,261
2009,11,7,23,194
2009,12,1,0,223
2009,12,1,1,143
2009,12,1,2,147
2009,12,1,3,133
2009,12,1,4,104
2009,12,1,5,74
2009,12,1,6,43
2009,12,1,7,67
2009,12,1,8,64
2009,12,1,9,107
2009,12,1,10,138
2009,12,1,11,137
2009,12,1,12,181
2009,12,1,13,146
2009,12,1,14,162
2009,12,1,15,169
2009,12,1,16,156
2009,12,1,17,183
2009,12,1,18,190
2009,12,1,19,202
2009,12,1,20,191
2009,12,1,21,187
2009,12,1,22,159
2009,12,1,23,140
2009,12,2,0,210
2009,12,2,1,108
2009,12,2,2,77
2009,12,2,3,66
2009,12,2,4,50
2009,12,2,5,40
2009,12,2,6,64
2009,12,2,7,90
2009,12,2,8,136
2009,12,2,9,193
2009,12,2,10,156
2009,12,2,11,185
2009,12,2,12,221
2009,12,2,13,185
2009,12,2,14,233
2009,12,2,15,212
2009,12,2,16,205
2009,12,2,17,170
2009,12,2,18,194
2009,12,2,19,204
2009,12,2,20,203
2009,12,2,21,169
2009,12,2,22,151
2009,12,2,23,134
2009,12,3,0,292
2009,12,3,1,111
2009,12,3,2,88
2009,12,3,3,74
2009,12,3,4,45
2009,12,3,5,53
2009,12,3,6,70
2009,12,3,7,117
2009,12,3,8,167
2009,12,3,9,250
2009,12,3,10,207
2009,12,3,11,248
2009,12,3,12,296
2009,12,3,13,236
2009,12,3,14,268
2009,12,3,15,272
2009,12,3,16,268
2009,12,3,17,268
2009,12,3,18,291
2009,12,3,19,293
2009,12,3,20,267
2009,12,3,21,275
2009,12,3,22,231
2009,12,3,23,166
2009,12,4,0,258
2009,12,4,1,105
2009,12,4,2,85
2009,12,4,3,70
2009,12,4,4,42
2009,12,4,5,56
2009,12,4,6,70
2009,12,4,7,129
2009,12,4,8,149
2009,12,4,9,255
2009,12,4,10,182
2009,12,4,11,252
2009,12,4,12,299
2009,12,4,13,242
2009,12,4,14,277
2009,12,4,15,284
2009,12,4,16,243
2009,12,4,17,265
2009,12,4,18,267
2009,12,4,19,255
2009,12,4,20,277
2009,12,4,21,233
2009,12,4,22,209
2009,12,4,23,164
2009,12,5,0,230
2009,12,5,1,139
2009,12,5,2,92
2009,12,5,3,75
2009,12,5,4,50
2009,12,5,5,45
2009,12,5,6,78
2009,12,5,7,101
2009,12,5,8,163
2009,12,5,9,222
2009,12,5,10,206
2009,12,5,11,210
2009,12,5,12,307
2009,12,5,13,219
2009,12,5,14,246
2009,12,5,15,249
2009,12,5,16,208
2009,12,5,17,238
2009,12,5,18,239
2009,12,5,19,233
2009,12,5,20,201
2009,12,5,21,213
2009,12,5,22,206
2009,12,5,23,178
2009,12,6,0,151
2009,12,6,1,106
2009,12,6,2,80
2009,12,6,3,72
2009,12,6,4,54
2009,12,6,5,47
2009,12,6,6,52
2009,12,6,7,94
2009,12,6,8,127
2009,12,6,9,170
2009,12,6,10,171
2009,12,6,11,177
2009,12,6,12,204
2009,12,6,13,179
2009,12,6,14,207
2009,12,6,15,192
2009,12,6,16,193
2009,12,6,17,192
2009,12,6,18,193
2009,12,6,19,218
2009,12,6,20,231
2009,12,6,21,191
2009,12,6,22,191
2009,12,6,23,177
2009,12,7,0,224
2009,12,7,1,180
2009,12,7,2,124
2009,12,7,3,95
2009,12,7,4,88
2009,12,7,5,56
2009,12,7,6,43
2009,12,7,7,61
2009,12,7,8,77
2009,12,7,9,126
2009,12,7,10,135
2009,12,7,11,137
2009,12,7,12,195
2009,12,7,13,162
2009,12,7,14,179
2009,12,7,15,182
2009,12,7,16,171
2009,12,7,17,161
2009,12,7,18,188
2009,12,7,19,207
2009,12,7,20,185
2009,12,7,21,206
2009,12,7,22,210
2009,12,7,23,159
2010,1,1,0,248
2010,1,1,1,185
2010,1,1,2,169
2010,1,1,3,169
2010,1,1,4,108
2010,1,1,5,74
2010,1,1,6,70
2010,1,1,7,70
2010,1,1,8,77
2010,1,1,9,143
2010,1,1,10,174
2010,1,1,11,168
2010,1,1,12,233
2010,1,1,13,161
2010,1,1,14,204
2010,1,1,15,214
2010,1,1,16,185
2010,1,1,17,211
2010,1,1,18,205
2010,1,1,19,214
2010,1,1,20,224
2010,1,1,21,212
2010,1,1,22,218
2010,1,1,23,163
2010,1,2,0,174
2010,1,2,1,84
2010,1,2,2,56
2010,1,2,3,47
2010,1,2,4,49
2010,1,2,5,39
2010,1,2,6,78
2010,1,2,7,106
2010,1,2,8,162
2010,1,2,9,183
2010,1,2,10,168
2010,1,2,11,187
2010,1,2,12,227
2010,1,2,13,189
2010,1,2,14,202
2010,1,2,15,229
2010,1,2,16,204
2010,1,2,17,196
2010,1,2,18,206
2010,1,2,19,207
2010,1,2,20,184
2010,1,2,21,184
2010,1,2,22,168
2010,1,2,23,115
2010,1,3,0,177
2010,1,3,1,83
2010,1,3,2,68
2010,1,3,3,53
2010,1,3,4,32
2010,1,3,5,36
2010,1,3,6,66
2010,1,3,7,111
2010,1,3,8,155
2010,1,3,9,191
2010,1,3,10,183
2010,1,3,11,218
2010,1,3,12,254
2010,1,3,13,219
2010,1,3,14,240
2010,1,3,15,249
2010,1,3,16,228
2010,1,3,17,188
2010,1,3,18,187
2010,1,3,19,197
2010,1,3,20,238
2010,1,3,21,221
2010,1,3,22,206
2010,1,3,23,142
2010,1,4,0,157
2010,1,4,1,86
2010,1,4,2,54
2010,1,4,3,41
2010,1,4,4,38
2010,1,4,5,39
2010,1,4,6,60
2010,1,4,7,98
2010,1,4,8,153
2010,1,4,9,207
2010,1,4,10,179
2010,1,4,11,191
2010,1,4,12,241
2010,1,4,13,210
2010,1,4,14,233
2010,1,4,15,235
2010,1,4,16,223
2010,1,4,17,176
2010,1,4,18,195
2010,1,4,19,216
2010,1,4,20,216
2010,1,4,21,190
2010,1,4,22,161
2010,1,4,23,144
2010,1,5,0,188
2010,1,5,1,82
2010,1,5,2,57
2010,1,5,3,32
2010,1,5,4,34
2010,1,5,5,40
2010,1,5,6,78
2010,1,5,7,103
2010,1,5,8,171
2010,1,5,9,183
2010,1,5,10,191
2010,1,5,11,211
2010,1,5,12,224
2010,1,5,13,210
2010,1,5,14,217
2010,1,5,15,257
2010,1,5,16,184
2010,1,5,17,190
2010,1,5,18,236
2010,1,5,19,213
2010,1,5,20,208
2010,1,5,21,183
2010,1,5,22,177
2010,1,5,23,128
2010,1,6,0,594
2010,1,6,1,182
2010,1,6,2,144
2010,1,6,3,114
2010,1,6,4,80
2010,1,6,5,67
2010,1,6,6,86
2010,1,6,7,133
2010,1,6,8,223
2010,1,6,9,274
2010,1,6,10,236
2010,1,6,11,238
2010,1,6,12,326
2010,1,6,13,238
2010,1,6,14,279
2010,1,6,15,307
2010,1,6,16,248
2010,1,6,17,255
2010,1,6,18,245
2010,1,6,19,295
2010,1,6,20,307
2010,1,6,21,245
2010,1,6,22,246
2010,1,6,23,199
2010,1,7,0,257
2010,1,7,1,190
2010,1,7,2,145
2010,1,7,3,128
2010,1,7,4,102
2010,1,7,5,42
2010,1,7,6,58
2010,1,7,7,70
2010,1,7,8,110
2010,1,7,9,146
2010,1,7,10,165
2010,1,7,11,203
2010,1,7,12,233
2010,1,7,13,234
2010,1,7,14,264
2010,1,7,15,226
2010,1,7,16,213
2010,1,7,17,237
2010,1,7,18,245
2010,1,7,19,248
2010,1,7,20,262
2010,1,7,21,231
2010,1,7,22,252
2010,1,7,23,208
2010,2,1,0,208
2010,2,1,1,168
2010,2,1,2,170
2010,2,1,3,130
2010,2,1,4,100
2010,2,1,5,69
2010,2,1,6,68
2010,2,1,7,68
2010,2,1,8,63
2010,2,1,9,126
2010,2,1,10,135
2010,2,1,11,131
2010,2,1,12,133
2010,2,1,13,139
2010,2,1,14,137
2010,2,1,15,157
2010,2,1,16,159
2010,2,1,17,145
2010,2,1,18,150
2010,2,1,19,153
2010,2,1,20,125
2010,2,1,21,141
2010,2,1,22,164
2010,2,1,23,141
2010,2,2,0,252
2010,2,2,1,80
2010,2,2,2,78
2010,2,2,3,48
2010,2,2,4,34
2010,2,2,5,26
2010,2,2,6,64
2010,2,2,7,93
2010,2,2,8,158
2010,2,2,9,212
2010,2,2,10,194
2010,2,2,11,168
2010,2,2,12,246
2010,2,2,13,185
2010,2,2,14,195
2010,2,2,15,195
2010,2,2,16,155
2010,2,2,17,161
2010,2,2,18,166
2010,2,2,19,180
2010,2,2,20,194
2010,2,2,21,164
2010,2,2,22,167
2010,2,2,23,120
2010,2,3,0,171
2010,2,3,1,82
2010,2,3,2,62
2010,2,3,3,40
2010,2,3,4,36
2010,2,3,5,31
2010,2,3,6,49
2010,2,3,7,98
2010,2,3,8,161
2010,2,3,9,230
2010,2,3,10,147
2010,2,3,11,155
2010,2,3,12,223
2010,2,3,13,212
2010,2,3,14,230
2010,2,3,15,212
2010,2,3,16,207
2010,2,3,17,177
2010,2,3,18,199
2010,2,3,19,191
2010,2,3,20,199
2010,2,3,21,172
2010,2,3,22,163
2010,2,3,23,131
2010,2,4,0,202
2010,2,4,1,73
2010,2,4,2,41
2010,2,4,3,40
2010,2,4,4,33
2010,2,4,5,32
2010,2,4,6,65
2010,2,4,7,97
2010,2,4,8,147
2010,2,4,9,196
2010,2,4,10,169
2010,2,4,11,216
2010,2,4,12,256
2010,2,4,13,212
2010,2,4,14,217
2010,2,4,15,215
2010,2,4,16,162
2010,2,4,17,171
2010,2,4,18,199
2010,2,4,19,202
2010,2,4,20,210
2010,2,4,21,186
2010,2,4,22,135
2010,2,4,23,130
2010,2,5,0,180
2010,2,5,1,77
2010,2,5,2,62
2010,2,5,3,50
2010,2,5,4,37
2010,2,5,5,30
2010,2,5,6,69
2010,2,5,7,85
2010,2,5,8,151
2010,2,5,9,180
2010,2,5,10,169
2010,2,5,11,192
2010,2,5,12,230
2010,2,5,13,179
2010,2,5,14,216
2010,2,5,15,242
2010,2,5,16,201
2010,2,5,17,191
2010,2,5,18,183
2010,2,5,19,219
2010,2,5,20,213
2010,2,5,21,228
2010,2,5,22,189
2010,2,5,23,149
2010,2,6,0,170
2010,2,6,1,83
2010,2,6,2,63
2010,2,6,3,49
2010,2,6,4,40
2010,2,6,5,40
2010,2,6,6,65
2010,2,6,7,79
2010,2,6,8,144
2010,2,6,9,163
2010,2,6,10,184
2010,2,6,11,193
2010,2,6,12,235
2010,2,6,13,196
2010,2,6,14,218
2010,2,6,15,229
2010,2,6,16,208
2010,2,6,17,217
2010,2,6,18,181
2010,2,6,19,197
2010,2,6,20,221
2010,2,6,21,218
2010,2,6,22,198
2010,2,6,23,189
2010,2,7,0,206
2010,2,7,1,143
2010,2,7,2,134
2010,2,7,3,104
2010,2,7,4,69
2010,2,7,5,56
2010,2,7,6,67
2010,2,7,7,50
2010,2,7,8,76
2010,2,7,9,122
2010,2,7,10,142
2010,2,7,11,160
2010,2,7,12,191
2010,2,7,13,183
2010,2,7,14,180
2010,2,7,15,197
2010,2,7,16,144
2010,2,7,17,162
2010,2,7,18,178
2010,2,7,19,206
2010,2,7,20,192
2010,2,7,21,195
2010,2,7,22,191
2010,2,7,23,206
2010,3,1,0,235
2010,3,1,1,161
2010,3,1,2,125
2010,3,1,3,156
2010,3,1,4,100
2010,3,1,5,70
2010,3,1,6,56
2010,3,1,7,65
2010,3,1,8,75
2010,3,1,9,132
2010,3,1,10,143
2010,3,1,11,149
2010,3,1,12,178
2010,3,1,13,154
2010,3,1,14,158
2010,3,1,15,190
2010,3,1,16,170
2010,3,1,17,162
2010,3,1,18,179
2010,3,1,19,186
2010,3,1,20,198
2010,3,1,21,198
2010,3,1,22,212
2010,3,1,23,147
2010,3,2,0,340
2010,3,2,1,130
2010,3,2,2,87
2010,3,2,3,72
2010,3,2,4,64
2010,3,2,5,43
2010,3,2,6,89
2010,3,2,7,129
2010,3,2,8,214
2010,3,2,9,297
2010,3,2,10,278
2010,3,2,11,240
2010,3,2,12,314
2010,3,2,13,233
2010,3,2,14,298
2010,3,2,15,318
2010,3,2,16,279
2010,3,2,17,258
2010,3,2,18,289
2010,3,2,19,299
2010,3,2,20,266
2010,3,2,21,253
2010,3,2,22,248
2010,3,2,23,206
2010,3,3,0,285
2010,3,3,1,131
2010,3,3,2,93
2010,3,3,3,47
2010,3,3,4,62
2010,3,3,5,54
2010,3,3,6,78
2010,3,3,7,132
2010,3,3,8,175
2010,3,3,9,248
2010,3,3,10,234
2010,3,3,11,228
2010,3,3,12,320
2010,3,3,13,317
2010,3,3,14,308
2010,3,3,15,318
2010,3,3,16,311
2010,3,3,17,285
2010,3,3,18,304
2010,3,3,19,307
2010,3,3,20,327
2010,3,3,21,295
2010,3,3,22,304
2010,3,3,23,203
2010,3,4,0,278
2010,3,4,1,121
2010,3,4,2,92
2010,3,4,3,73
2010,3,4,4,35
2010,3,4,5,48
2010,3,4,6,87
2010,3,4,7,132
2010,3,4,8,223
2010,3,4,9,277
2010,3,4,10,247
2010,3,4,11,265
2010,3,4,12,334
2010,3,4,13,261
2010,3,4,14,339
2010,3,4,15,316
2010,3,4,16,274
2010,3,4,17,245
2010,3,4,18,305
2010,3,4,19,288
2010,3,4,20,332
2010,3,4,21,305
2010,3,4,22,280
2010,3,4,23,208
2010,3,5,0,199
2010,3,5,1,122
2010,3,5,2,99
2010,3,5,3,79
2010,3,5,4,47
2010,3,5,5,52
2010,3,5,6,70
2010,3,5,7,108
2010,3,5,8,169
2010,3,5,9,224
2010,3,5,10,191
2010,3,5,11,201
2010,3,5,12,251
2010,3,5,13,211
2010,3,5,14,257
2010,3,5,15,272
2010,3,5,16,217
2010,3,5,17,212
2010,3,5,18,224
2010,3,5,19,259
2010,3,5,20,223
2010,3,5,21,239
2010,3,5,22,214
2010,3,5,23,193
2010,3,6,0,227
2010,3,6,1,113
2010,3,6,2,101
2010,3,6,3,62
2010,3,6,4,60
2010,3,6,5,41
2010,3,6,6,61
2010,3,6,7,108
2010,3,6,8,196
2010,3,6,9,238
2010,3,6,10,223
2010,3,6,11,184
2010,3,6,12,275
2010,3,6,13,246
2010,3,6,14,266
2010,3,6,15,242
2010,3,6,16,220
2010,3,6,17,229
2010,3,6,18,269
2010,3,6,19,225
2010,3,6,20,263
2010,3,6,21,226
2010,3,6,22,226
2010,3,6,23,200
2010,3,7,0,236
2010,3,7,1,188
2010,3,7,2,144
2010,3,7,3,131
2010,3,7,4,87
2010,3,7,5,57
2010,3,7,6,54
2010,3,7,7,66
2010,3,7,8,81
2010,3,7,9,155
2010,3,7,10,152
2010,3,7,11,174
2010,3,7,12,214
2010,3,7,13,162
2010,3,7,14,184
2010,3,7,15,199
2010,3,7,16,187
2010,3,7,17,191
2010,3,7,18,203
2010,3,7,19,202
2010,3,7,20,235
2010,3,7,21,225
2010,3,7,22,218
2010,3,7,23,191
2010,4,1,0,246
2010,4,1,1,178
2010,4,1,2,159
2010,4,1,3,134
2010,4,1,4,113
2010,4,1,5,72
2010,4,1,6,52
2010,4,1,7,62
2010,4,1,8,89
2010,4,1,9,134
2010,4,1,10,134
2010,4,1,11,155
2010,4,1,12,180
2010,4,1,13,157
2010,4,1,14,178
2010,4,1,15,184
2010,4,1,16,188
2010,4,1,17,190
2010,4,1,18,183
2010,4,1,19,181
2010,4,1,20,162
2010,4,1,21,213
2010,4,1,22,189
2010,4,1,23,161
2010,4,2,0,203
2010,4,2,1,97
2010,4,2,2,74
2010,4,2,3,43
2010,4,2,4,31
2010,4,2,5,48
2010,4,2,6,53
2010,4,2,7,118
2010,4,2,8,164
2010,4,2,9,233
2010,4,2,10,198
2010,4,2,11,178
2010,4,2,12,221
2010,4,2,13,216
2010,4,2,14,246
2010,4,2,15,240
2010,4,2,16,206
2010,4,2,17,255
2010,4,2,18,232
2010,4,2,19,240
2010,4,2,20,207
2010,4,2,21,221
2010,4,2,22,224
2010,4,2,23,146
2010,4,3,0,187
2010,4,3,1,100
2010,4,3,2,64
2010,4,3,3,54
2010,4,3,4,38
2010,4,3,5,36
2010,4,3,6,62
2010,4,3,7,96
2010,4,3,8,174
2010,4,3,9,207
2010,4,3,10,166
2010,4,3,11,201
2010,4,3,12,268
2010,4,3,13,225
2010,4,3,14,270
2010,4,3,15,249
2010,4,3,16,232
2010,4,3,17,226
2010,4,3,18,233
2010,4,3,19,240
2010,4,3,20,237
2010,4,3,21,260
2010,4,3,22,220
2010,4,3,23,178
2010,4,4,0,199
2010,4,4,1,106
2010,4,4,2,73
2010,4,4,3,57
2010,4,4,4,33
2010,4,4,5,48
2010,4,4,6,62
2010,4,4,7,101
2010,4,4,8,148
2010,4,4,9,183
2010,4,4,10,172
2010,4,4,11,241
2010,4,4,12,241
2010,4,4,13,210
2010,4,4,14,224
2010,4,4,15,227
2010,4,4,16,226
2010,4,4,17,210
2010,4,4,18,246
2010,4,4,19,248
2010,4,4,20,232
2010,4,4,21,244
2010,4,4,22,200
2010,4,4,23,189
2010,4,5,0,384
2010,4,5,1,141
2010,4,5,2,97
2010,4,5,3,93
2010,4,5,4,66
2010,4,5,5,45
2010,4,5,6,76
2010,4,5,7,138
2010,4,5,8,216
2010,4,5,9,291
2010,4,5,10,264
2010,4,5,11,261
2010,4,5,12,348
2010,4,5,13,257
2010,4,5,14,300
2010,4,5,15,321
2010,4,5,16,282
2010,4,5,17,303
2010,4,5,18,288
2010,4,5,19,341
2010,4,5,20,309
2010,4,5,21,297
2010,4,5,22,330
2010,4,5,23,281
2010,4,6,0,312
2010,4,6,1,188
2010,4,6,2,148
2010,4,6,3,139
2010,4,6,4,78
2010,4,6,5,43
2010,4,6,6,82
2010,4,6,7,116
2010,4,6,8,173
2010,4,6,9,249
2010,4,6,10,263
2010,4,6,11,246
2010,4,6,12,309
2010,4,6,13,254
2010,4,6,14,295
2010,4,6,15,325
2010,4,6,16,276
2010,4,6,17,315
2010,4,6,18,313
2010,4,6,19,283
2010,4,6,20,316
2010,4,6,21,315
2010,4,6,22,353
2010,4,6,23,263
2010,4,7,0,224
2010,4,7,1,178
2010,4,7,2,156
2010,4,7,3,114
2010,4,7,4,91
2010,4,7,5,62
2010,4,7,6,67
2010,4,7,7,58
2010,4,7,8,119
2010,4,7,9,163
2010,4,7,10,170
2010,4,7,11,179
2010,4,7,12,201
2010,4,7,13,171
2010,4,7,14,188
2010,4,7,15,215
2010,4,7,16,189
2010,4,7,17,226
2010,4,7,18,213
2010,4,7,19,247
2010,4,7,20,251
2010,4,7,21,221
2010,4,7,22,257
2010,4,7,23,203
2010,5,1,0,304
2010,5,1,1,227
2010,5,1,2,215
2010,5,1,3,208
2010,5,1,4,140
2010,5,1,5,100
2010,5,1,6,79
2010,5,1,7,64
2010,5,1,8,117
2010,5,1,9,172
2010,5,1,10,173
2010,5,1,11,196
2010,5,1,12,250
2010,5,1,13,212
2010,5,1,14,211
2010,5,1,15,229
2010,5,1,16,191
2010,5,1,17,236
2010,5,1,18,262
2010,5,1,19,264
2010,5,1,20,270
2010,5,1,21,285
2010,5,1,22,286
2010,5,1,23,256
2010,5,2,0,318
2010,5,2,1,149
2010,5,2,2,107
2010,5,2,3,96
2010,5,2,4,74
2010,5,2,5,52
2010,5,2,6,77
2010,5,2,7,122
2010,5,2,8,194
2010,5,2,9,241
2010,5,2,10,257
2010,5,2,11,263
2010,5,2,12,273
2010,5,2,13,230
2010,5,2,14,261
2010,5,2,15,317
2010,5,2,16,260
2010,5,2,17,270
2010,5,2,18,292
2010,5,2,19,276
2010,5,2,20,276
2010,5,2,21,277
2010,5,2,22,310
2010,5,2,23,217
2010,5,3,0,217
2010,5,3,1,98
2010,5,3,2,64
2010,5,3,3,58
2010,5,3,4,36
2010,5,3,5,34
2010,5,3,6,63
2010,5,3,7,111
2010,5,3,8,170
2010,5,3,9,208
2010,5,3,10,196
2010,5,3,11,206
2010,5,3,12,250
2010,5,3,13,197
2010,5,3,14,227
2010,5,3,15,247
2010,5,3,16,264
2010,5,3,17,254
2010,5,3,18,271
2010,5,3,19,262
2010,5,3,20,227
2010,5,3,21,262
2010,5,3,22,228
2010,5,3,23,172
2010,5,4,0,207
2010,5,4,1,143
2010,5,4,2,94
2010,5,4,3,61
2010,5,4,4,61
2010,5,4,5,48
2010,5,4,6,67
2010,5,4,7,111
2010,5,4,8,180
2010,5,4,9,208
2010,5,4,10,204
2010,5,4,11,232
2010,5,4,12,285
2010,5,4,13,238
2010,5,4,14,244
2010,5,4,15,262
2010,5,4,16,234
2010,5,4,17,229
2010,5,4,18,270
2010,5,4,19,294
2010,5,4,20,263
2010,5,4,21,263
2010,5,4,22,252
2010,5,4,23,176
2010,5,5,0,232
2010,5,5,1,121
2010,5,5,2,98
2010,5,5,3,65
2010,5,5,4,55
2010,5,5,5,37
2010,5,5,6,60
2010,5,5,7,116
2010,5,5,8,177
2010,5,5,9,201
2010,5,5,10,197
2010,5,5,11,198
2010,5,5,12,274
2010,5,5,13,218
2010,5,5,14,260
2010,5,5,15,271
2010,5,5,16,194
2010,5,5,17,207
2010,5,5,18,241
2010,5,5,19,237
2010,5,5,20,247
2010,5,5,21,229
2010,5,5,22,246
2010,5,5,23,178
2010,5,6,0,212
2010,5,6,1,112
2010,5,6,2,81
2010,5,6,3,60
2010,5,6,4,72
2010,5,6,5,35
2010,5,6,6,70
2010,5,6,7,102
2010,5,6,8,192
2010,5,6,9,204
2010,5,6,10,206
2010,5,6,11,211
2010,5,6,12,273
2010,5,6,13,213
2010,5,6,14,234
2010,5,6,15,247
2010,5,6,16,254
2010,5,6,17,254
2010,5,6,18,257
2010,5,6,19,292
2010,5,6,20,222
2010,5,6,21,264
2010,5,6,22,256
2010,5,6,23,239
2010,5,7,0,394
2010,5,7,1,238
2010,5,7,2,190
2010,5,7,3,162
2010,5,7,4,135
2010,5,7,5,86
2010,5,7,6,87
2010,5,7,7,107
2010,5,7,8,146
2010,5,7,9,227
2010,5,7,10,216
2010,5,7,11,223
2010,5,7,12,271
2010,5,7,13,250
2010,5,7,14,232
2010,5,7,15,245
2010,5,7,16,218
2010,5,7,17,260
2010,5,7,18,268
2010,5,7,19,304
2010,5,7,20,267
2010,5,7,21,284
2010,5,7,22,301
2010,5,7,23,278
2010,6,1,0,262
2010,6,1,1,208
2010,6,1,2,160
2010,6,1,3,172
2010,6,1,4,132
2010,6,1,5,77
2010,6,1,6,52
2010,6,1,7,74
2010,6,1,8,73
2010,6,1,9,110
2010,6,1,10,166
2010,6,1,11,163
2010,6,1,12,214
2010,6,1,13,172
2010,6,1,14,177
2010,6,1,15,184
2010,6,1,16,197
2010,6,1,17,192
2010,6,1,18,224
2010,6,1,19,229
2010,6,1,20,206
2010,6,1,21,202
2010,6,1,22,245
2010,6,1,23,201
2010,6,2,0,277
2010,6,2,1,129
2010,6,2,2,108
2010,6,2,3,91
2010,6,2,4,54
2010,6,2,5,45
2010,6,2,6,65
2010,6,2,7,132
2010,6,2,8,165
2010,6,2,9,207
2010,6,2,10,219
2010,6,2,11,212
2010,6,2,12,272
2010,6,2,13,225
2010,6,2,14,204
2010,6,2,15,221
2010,6,2,16,234
2010,6,2,17,237
2010,6,2,18,235
2010,6,2,19,233
2010,6,2,20,242
2010,6,2,21,240
2010,6,2,22,256
2010,6,2,23,198
2010,6,3,0,377
2010,6,3,1,162
2010,6,3,2,111
2010,6,3,3,77
2010,6,3,4,43
2010,6,3,5,61
2010,6,3,6,71
2010,6,3,7,122
2010,6,3,8,230
2010,6,3,9,255
2010,6,3,10,287
2010,6,3,11,276
2010,6,3,12,364
2010,6,3,13,279
2010,6,3,14,282
2010,6,3,15,271
2010,6,3,16,258
2010,6,3,17,250
2010,6,3,18,297
2010,6,3,19,324
2010,6,3,20,302
2010,6,3,21,293
2010,6,3,22,309
2010,6,3,23,250
2010,6,4,0,318
2010,6,4,1,160
2010,6,4,2,114
2010,6,4,3,76
2010,6,4,4,71
2010,6,4,5,51
2010,6,4,6,88
2010,6,4,7,129
2010,6,4,8,199
2010,6,4,9,235
2010,6,4,10,249
2010,6,4,11,238
2010,6,4,12,321
2010,6,4,13,268
2010,6,4,14,279
2010,6,4,15,289
2010,6,4,16,299
2010,6,4,17,274
2010,6,4,18,273
2010,6,4,19,355
2010,6,4,20,311
2010,6,4,21,315
2010,6,4,22,295
2010,6,4,23,274
2010,6,5,0,234
2010,6,5,1,134
2010,6,5,2,104
2010,6,5,3,105
2010,6,5,4,70
2010,6,5,5,47
2010,6,5,6,53
2010,6,5,7,104
2010,6,5,8,126
2010,6,5,9,210
2010,6,5,10,203
2010,6,5,11,234
2010,6,5,12,232
2010,6,5,13,230
2010,6,5,14,223
2010,6,5,15,252
2010,6,5,16,217
2010,6,5,17,211
2010,6,5,18,260
2010,6,5,19,277
2010,6,5,20,257
2010,6,5,21,233
2010,6,5,22,247
2010,6,5,23,190
2010,6,6,0,258
2010,6,6,1,142
2010,6,6,2,107
2010,6,6,3,111
2010,6,6,4,79
2010,6,6,5,43
2010,6,6,6,72
2010,6,6,7,124
2010,6,6,8,176
2010,6,6,9,219
2010,6,6,10,222
2010,6,6,11,200
2010,6,6,12,233
2010,6,6,13,176
2010,6,6,14,253
2010,6,6,15,234
2010,6,6,16,197
2010,6,6,17,233
2010,6,6,18,253
2010,6,6,19,239
2010,6,6,20,254
2010,6,6,21,253
2010,6,6,22,251
2010,6,6,23,209
2010,6,7,0,243
2010,6,7,1,181
2010,6,7,2,183
2010,6,7,3,140
2010,6,7,4,110
2010,6,7,5,70
2010,6,7,6,82
2010,6,7,7,61
2010,6,7,8,99
2010,6,7,9,143
2010,6,7,10,144
2010,6,7,11,158
2010,6,7,12,212
2010,6,7,13,194
2010,6,7,14,183
2010,6,7,15,198
2010,6,7,16,180
2010,6,7,17,193
2010,6,7,18,200
2010,6,7,19,219
2010,6,7,20,214
2010,6,7,21,234
2010,6,7,22,234
2010,6,7,23,237
2010,7,1,0,257
2010,7,1,1,210
2010,7,1,2,196
2010,7,1,3,184
2010,7,1,4,126
2010,7,1,5,82
2010,7,1,6,80
2010,7,1,7,64
2010,7,1,8,83
2010,7,1,9,125
2010,7,1,10,134
2010,7,1,11,147
2010,7,1,12,183
2010,7,1,13,167
2010,7,1,14,168
2010,7,1,15,156
2010,7,1,16,190
2010,7,1,17,199
2010,7,1,18,218
2010,7,1,19,244
2010,7,1,20,213
2010,7,1,21,231
2010,7,1,22,252
2010,7,1,23,250
2010,7,2,0,295
2010,7,2,1,166
2010,7,2,2,108
2010,7,2,3,95
2010,7,2,4,80
2010,7,2,5,50
2010,7,2,6,70
2010,7,2,7,73
2010,7,2,8,133
2010,7,2,9,188
2010,7,2,10,146
2010,7,2,11,179
2010,7,2,12,209
2010,7,2,13,198
2010,7,2,14,214
2010,7,2,15,231
2010,7,2,16,218
2010,7,2,17,229
2010,7,2,18,204
2010,7,2,19,251
2010,7,2,20,245
2010,7,2,21,241
2010,7,2,22,234
2010,7,2,23,215
2010,7,3,0,238
2010,7,3,1,123
2010,7,3,2,106
2010,7,3,3,63
2010,7,3,4,62
2010,7,3,5,43
2010,7,3,6,86
2010,7,3,7,93
2010,7,3,8,134
2010,7,3,9,204
2010,7,3,10,170
2010,7,3,11,185
2010,7,3,12,218
2010,7,3,13,245
2010,7,3,14,236
2010,7,3,15,224
2010,7,3,16,239
2010,7,3,17,231
2010,7,3,18,222
2010,7,3,19,260
2010,7,3,20,239
2010,7,3,21,270
2010,7,3,22,239
2010,7,3,23,228
2010,7,4,0,257
2010,7,4,1,137
2010,7,4,2,126
2010,7,4,3,75
2010,7,4,4,62
2010,7,4,5,45
2010,7,4,6,65
2010,7,4,7,110
2010,7,4,8,128
2010,7,4,9,190
2010,7,4,10,180
2010,7,4,11,196
2010,7,4,12,224
2010,7,4,13,213
2010,7,4,14,217
2010,7,4,15,247
2010,7,4,16,200
2010,7,4,17,214
2010,7,4,18,271
2010,7,4,19,253
2010,7,4,20,256
2010,7,4,21,245
2010,7,4,22,257
2010,7,4,23,232
2010,7,5,0,405
2010,7,5,1,163
2010,7,5,2,140
2010,7,5,3,99
2010,7,5,4,72
2010,7,5,5,70
2010,7,5,6,94
2010,7,5,7,115
2010,7,5,8,182
2010,7,5,9,283
2010,7,5,10,244
2010,7,5,11,273
2010,7,5,12,337
2010,7,5,13,284
2010,7,5,14,264
2010,7,5,15,260
2010,7,5,16,260
2010,7,5,17,272
2010,7,5,18,304
2010,7,5,19,335
2010,7,5,20,359
2010,7,5,21,309
2010,7,5,22,309
2010,7,5,23,272
2010,7,6,0,281
2010,7,6,1,182
2010,7,6,2,148
2010,7,6,3,124
2010,7,6,4,96
2010,7,6,5,75
2010,7,6,6,92
2010,7,6,7,108
2010,7,6,8,137
2010,7,6,9,213
2010,7,6,10,228
2010,7,6,11,251
2010,7,6,12,295
2010,7,6,13,280
2010,7,6,14,273
2010,7,6,15,274
2010,7,6,16,294
2010,7,6,17,282
2010,7,6,18,293
2010,7,6,19,297
2010,7,6,20,333
2010,7,6,21,315
2010,7,6,22,322
2010,7,6,23,292
2010,7,7,0,267
2010,7,7,1,238
2010,7,7,2,223
2010,7,7,3,178
2010,7,7,4,131
2010,7,7,5,75
2010,7,7,6,80
2010,7,7,7,81
2010,7,7,8,111
2010,7,7,9,175
2010,7,7,10,197
2010,7,7,11,204
2010,7,7,12,252
2010,7,7,13,210
2010,7,7,14,228
2010,7,7,15,242
2010,7,7,16,211
2010,7,7,17,264
2010,7,7,18,259
2010,7,7,19,282
2010,7,7,20,309
2010,7,7,21,310
2010,7,7,22,323
2010,7,7,23,287
2010,8,1,0,410
2010,8,1,1,257
2010,8,1,2,260
2010,8,1,3,242
2010,8,1,4,190
2010,8,1,5,110
2010,8,1,6,95
2010,8,1,7,75
2010,8,1,8,121
2010,8,1,9,211
2010,8,1,10,200
2010,8,1,11,229
2010,8,1,12,235
2010,8,1,13,220
2010,8,1,14,213
2010,8,1,15,223
2010,8,1,16,251
2010,8,1,17,268
2010,8,1,18,252
2010,8,1,19,282
2010,8,1,20,297
2010,8,1,21,309
2010,8,1,22,325
2010,8,1,23,273
2010,8,2,0,304
2010,8,2,1,178
2010,8,2,2,147
2010,8,2,3,97
2010,8,2,4,77
2010,8,2,5,66
2010,8,2,6,89
2010,8,2,7,118
2010,8,2,8,189
2010,8,2,9,262
2010,8,2,10,237
2010,8,2,11,227
2010,8,2,12,281
2010,8,2,13,238
2010,8,2,14,247
2010,8,2,15,279
2010,8,2,16,248
2010,8,2,17,302
2010,8,2,18,309
2010,8,2,19,319
2010,8,2,20,359
2010,8,2,21,343
2010,8,2,22,351
2010,8,2,23,270
2010,8,3,0,288
2010,8,3,1,153
2010,8,3,2,107
2010,8,3,3,82
2010,8,3,4,71
2010,8,3,5,73
2010,8,3,6,90
2010,8,3,7,121
2010,8,3,8,173
2010,8,3,9,231
2010,8,3,10,233
2010,8,3,11,269
2010,8,3,12,324
2010,8,3,13,253
2010,8,3,14,284
2010,8,3,15,258
2010,8,3,16,252
2010,8,3,17,274
2010,8,3,18,310
2010,8,3,19,331
2010,8,3,20,373
2010,8,3,21,329
2010,8,3,22,329
2010,8,3,23,237
2010,8,4,0,219
2010,8,4,1,113
2010,8,4,2,87
2010,8,4,3,78
2010,8,4,4,64
2010,8,4,5,64
2010,8,4,6,70
2010,8,4,7,90
2010,8,4,8,140
2010,8,4,9,171
2010,8,4,10,183
2010,8,4,11,207
2010,8,4,12,234
2010,8,4,13,180
2010,8,4,14,204
2010,8,4,15,220
2010,8,4,16,219
2010,8,4,17,221
2010,8,4,18,266
2010,8,4,19,277
2010,8,4,20,271
2010,8,4,21,275
2010,8,4,22,285
2010,8,4,23,210
2010,8,5,0,236
2010,8,5,1,115
2010,8,5,2,95
2010,8,5,3,72
2010,8,5,4,69
2010,8,5,5,57
2010,8,5,6,63
2010,8,5,7,106
2010,8,5,8,141
2010,8,5,9,188
2010,8,5,10,191
2010,8,5,11,186
2010,8,5,12,249
2010,8,5,13,188
2010,8,5,14,222
2010,8,5,15,235
2010,8,5,16,215
2010,8,5,17,229
2010,8,5,18,260
2010,8,5,19,266
2010,8,5,20,266
2010,8,5,21,278
2010,8,5,22,291
2010,8,5,23,236
2010,8,6,0,234
2010,8,6,1,130
2010,8,6,2,113
2010,8,6,3,84
2010,8,6,4,64
2010,8,6,5,63
2010,8,6,6,70
2010,8,6,7,105
2010,8,6,8,143
2010,8,6,9,191
2010,8,6,10,202
2010,8,6,11,183
2010,8,6,12,243
2010,8,6,13,209
2010,8,6,14,223
2010,8,6,15,223
2010,8,6,16,233
2010,8,6,17,250
2010,8,6,18,260
2010,8,6,19,242
2010,8,6,20,274
2010,8,6,21,279
2010,8,6,22,273
2010,8,6,23,216
2010,8,7,0,271
2010,8,7,1,216
2010,8,7,2,185
2010,8,7,3,146
2010,8,7,4,117
2010,8,7,5,75
2010,8,7,6,66
2010,8,7,7,66
2010,8,7,8,102
2010,8,7,9,157
2010,8,7,10,157
2010,8,7,11,156
2010,8,7,12,199
2010,8,7,13,168
2010,8,7,14,202
2010,8,7,15,195
2010,8,7,16,209
2010,8,7,17,201
2010,8,7,18,192
2010,8,7,19,232
2010,8,7,20,270
2010,8,7,21,252
2010,8,7,22,254
2010,8,7,23,235
2010,9,1,0,247
2010,9,1,1,164
2010,9,1,2,174
2010,9,1,3,152
2010,9,1,4,110
2010,9,1,5,64
2010,9,1,6,63
2010,9,1,7,53
2010,9,1,8,97
2010,9,1,9,119
2010,9,1,10,167
2010,9,1,11,184
2010,9,1,12,195
2010,9,1,13,166
2010,9,1,14,171
2010,9,1,15,195
2010,9,1,16,199
2010,9,1,17,224
2010,9,1,18,200
2010,9,1,19,216
2010,9,1,20,239
2010,9,1,21,244
2010,9,1,22,231
2010,9,1,23,199
2010,9,2,0,230
2010,9,2,1,121
2010,9,2,2,91
2010,9,2,3,74
2010,9,2,4,59
2010,9,2,5,53
2010,9,2,6,55
2010,9,2,7,99
2010,9,2,8,159
2010,9,2,9,194
2010,9,2,10,165
2010,9,2,11,180
2010,9,2,12,219
2010,9,2,13,213
2010,9,2,14,207
2010,9,2,15,209
2010,9,2,16,228
2010,9,2,17,212
2010,9,2,18,215
2010,9,2,19,242
2010,9,2,20,241
2010,9,2,21,228
2010,9,2,22,232
2010,9,2,23,178
2010,9,3,0,229
2010,9,3,1,130
2010,9,3,2,84
2010,9,3,3,52
2010,9,3,4,43
2010,9,3,5,49
2010,9,3,6,69
2010,9,3,7,137
2010,9,3,8,163
2010,9,3,9,216
2010,9,3,10,202
2010,9,3,11,210
2010,9,3,12,238
2010,9,3,13,238
2010,9,3,14,229
2010,9,3,15,240
2010,9,3,16,224
2010,9,3,17,244
2010,9,3,18,252
2010,9,3,19,284
2010,9,3,20,239
2010,9,3,21,259
2010,9,3,22,205
2010,9,3,23,182
2010,9,4,0,319
2010,9,4,1,126
2010,9,4,2,118
2010,9,4,3,70
2010,9,4,4,45
2010,9,4,5,61
2010,9,4,6,111
2010,9,4,7,145
2010,9,4,8,214
2010,9,4,9,290
2010,9,4,10,229
2010,9,4,11,232
2010,9,4,12,310
2010,9,4,13,261
2010,9,4,14,297
2010,9,4,15,323
2010,9,4,16,278
2010,9,4,17,269
2010,9,4,18,315
2010,9,4,19,309
2010,9,4,20,352
2010,9,4,21,315
2010,9,4,22,326
2010,9,4,23,225
2010,9,5,0,293
2010,9,5,1,129
2010,9,5,2,114
2010,9,5,3,81
2010,9,5,4,66
2010,9,5,5,48
2010,9,5,6,85
2010,9,5,7,123
2010,9,5,8,210
2010,9,5,9,253
2010,9,5,10,228
2010,9,5,11,233
2010,9,5,12,259
2010,9,5,13,236
2010,9,5,14,276
2010,9,5,15,305
2010,9,5,16,272
2010,9,5,17,248
2010,9,5,18,286
2010,9,5,19,287
2010,9,5,20,279
2010,9,5,21,302
2010,9,5,22,311
2010,9,5,23,240
2010,9,6,0,244
2010,9,6,1,130
2010,9,6,2,98
2010,9,6,3,71
2010,9,6,4,60
2010,9,6,5,55
2010,9,6,6,82
2010,9,6,7,98
2010,9,6,8,158
2010,9,6,9,183
2010,9,6,10,202
2010,9,6,11,195
2010,9,6,12,231
2010,9,6,13,174
2010,9,6,14,193
2010,9,6,15,244
2010,9,6,16,228
2010,9,6,17,237
2010,9,6,18,293
2010,9,6,19,284
2010,9,6,20,254
2010,9,6,21,301
2010,9,6,22,257
2010,9,6,23,223
2010,9,7,0,241
2010,9,7,1,205
2010,9,7,2,171
2010,9,7,3,127
2010,9,7,4,97
2010,9,7,5,65
2010,9,7,6,59
2010,9,7,7,81
2010,9,7,8,106
2010,9,7,9,144
2010,9,7,10,173
2010,9,7,11,158
2010,9,7,12,211
2010,9,7,13,186
2010,9,7,14,193
2010,9,7,15,170
2010,9,7,16,191
2010,9,7,17,188
2010,9,7,18,222
2010,9,7,19,221
2010,9,7,20,232
2010,9,7,21,244
2010,9,7,22,225
2010,9,7,23,196
2010,10,1,0,306
2010,10,1,1,236
2010,10,1,2,238
2010,10,1,3,175
2010,10,1,4,133
2010,10,1,5,112
2010,10,1,6,98
2010,10,1,7,59
2010,10,1,8,112
2010,10,1,9,150
2010,10,1,10,197
2010,10,1,11,189
2010,10,1,12,227
2010,10,1,13,192
2010,10,1,14,211
2010,10,1,15,257
2010,10,1,16,240
2010,10,1,17,238
2010,10,1,18,243
2010,10,1,19,271
2010,10,1,20,282
2010,10,1,21,264
2010,10,1,22,263
2010,10,1,23,220
2010,10,2,0,190
2010,10,2,1,92
2010,10,2,2,72
2010,10,2,3,38
2010,10,2,4,48
2010,10,2,5,38
2010,10,2,6,68
2010,10,2,7,94
2010,10,2,8,156
2010,10,2,9,204
2010,10,2,10,200
2010,10,2,11,192
2010,10,2,12,238
2010,10,2,13,215
2010,10,2,14,204
2010,10,2,15,233
2010,10,2,16,235
2010,10,2,17,189
2010,10,2,18,252
2010,10,2,19,252
2010,10,2,20,268
2010,10,2,21,216
2010,10,2,22,201
2010,10,2,23,177
2010,10,3,0,210
2010,10,3,1,99
2010,10,3,2,72
2010,10,3,3,64
2010,10,3,4,40
2010,10,3,5,46
2010,10,3,6,50
2010,10,3,7,125
2010,10,3,8,199
2010,10,3,9,229
2010,10,3,10,185
2010,10,3,11,224
2010,10,3,12,231
2010,10,3,13,211
2010,10,3,14,241
2010,10,3,15,229
2010,10,3,16,216
2010,10,3,17,223
2010,10,3,18,250
2010,10,3,19,233
2010,10,3,20,271
2010,10,3,21,246
2010,10,3,22,211
2010,10,3,23,162
2010,10,4,0,205
2010,10,4,1,71
2010,10,4,2,67
2010,10,4,3,59
2010,10,4,4,36
2010,10,4,5,35
2010,10,4,6,59
2010,10,4,7,120
2010,10,4,8,196
2010,10,4,9,184
2010,10,4,10,181
2010,10,4,11,196
2010,10,4,12,267
2010,10,4,13,225
2010,10,4,14,217
2010,10,4,15,237
2010,10,4,16,216
2010,10,4,17,243
2010,10,4,18,223
2010,10,4,19,281
2010,10,4,20,249
2010,10,4,21,259
2010,10,4,22,248
2010,10,4,23,167
2010,10,5,0,169
2010,10,5,1,95
2010,10,5,2,79
2010,10,5,3,59
2010,10,5,4,43
2010,10,5,5,41
2010,10,5,6,78
2010,10,5,7,124
2010,10,5,8,202
2010,10,5,9,204
2010,10,5,10,190
2010,10,5,11,184
2010,10,5,12,224
2010,10,5,13,202
2010,10,5,14,211
2010,10,5,15,237
2010,10,5,16,195
2010,10,5,17,241
2010,10,5,18,221
2010,10,5,19,265
2010,10,5,20,251
2010,10,5,21,235
2010,10,5,22,236
2010,10,5,23,178
2010,10,6,0,305
2010,10,6,1,157
2010,10,6,2,113
2010,10,6,3,91
2010,10,6,4,60
2010,10,6,5,64
2010,10,6,6,90
2010,10,6,7,171
2010,10,6,8,223
2010,10,6,9,272
2010,10,6,10,223
2010,10,6,11,272
2010,10,6,12,295
2010,10,6,13,244
2010,10,6,14,293
2010,10,6,15,329
2010,10,6,16,280
2010,10,6,17,290
2010,10,6,18,318
2010,10,6,19,337
2010,10,6,20,337
2010,10,6,21,352
2010,10,6,22,340
2010,10,6,23,281
2010,10,7,0,296
2010,10,7,1,225
2010,10,7,2,210
2010,10,7,3,173
2010,10,7,4,107
2010,10,7,5,89
2010,10,7,6,85
2010,10,7,7,84
2010,10,7,8,140
2010,10,7,9,158
2010,10,7,10,165
2010,10,7,11,202
2010,10,7,12,241
2010,10,7,13,229
2010,10,7,14,214
2010,10,7,15,228
2010,10,7,16,234
2010,10,7,17,243
2010,10,7,18,228
2010,10,7,19,289
2010,10,7,20,290
2010,10,7,21,293
2010,10,7,22,319
2010,10,7,23,265
2010,11,1,0,186
2010,11,1,1,204
2010,11,1,2,130
2010,11,1,3,128
2010,11,1,4,97
2010,11,1,5,73
2010,11,1,6,54
2010,11,1,7,54
2010,11,1,8,87
2010,11,1,9,119
2010,11,1,10,134
2010,11,1,11,156
2010,11,1,12,173
2010,11,1,13,173
2010,11,1,14,175
2010,11,1,15,173
2010,11,1,16,183
2010,11,1,17,184
2010,11,1,18,205
2010,11,1,19,225
2010,11,1,20,228
2010,11,1,21,185
2010,11,1,22,193
2010,11,1,23,131
2010,11,2,0,280
2010,11,2,1,108
2010,11,2,2,74
2010,11,2,3,55
2010,11,2,4,44
2010,11,2,5,61
2010,11,2,6,98
2010,11,2,7,167
2010,11,2,8,244
2010,11,2,9,291
2010,11,2,10,248
2010,11,2,11,285
2010,11,2,12,296
2010,11,2,13,237
2010,11,2,14,289
2010,11,2,15,299
2010,11,2,16,267
2010,11,2,17,237
2010,11,2,18,250
2010,11,2,19,296
2010,11,2,20,260
2010,11,2,21,254
2010,11,2,22,244
2010,11,2,23,143
2010,11,3,0,206
2010,11,3,1,96
2010,11,3,2,74
2010,11,3,3,56
2010,11,3,4,53
2010,11,3,5,48
2010,11,3,6,80
2010,11,3,7,163
2010,11,3,8,233
2010,11,3,9,242
2010,11,3,10,247
2010,11,3,11,258
2010,11,3,12,319
2010,11,3,13,261
2010,11,3,14,279
2010,11,3,15,310
2010,11,3,16,259
2010,11,3,17,263
2010,11,3,18,245
2010,11,3,19,291
2010,11,3,20,279
2010,11,3,21,275
2010,11,3,22,218
2010,11,3,23,174
2010,11,4,0,165
2010,11,4,1,96
2010,11,4,2,58
2010,11,4,3,40
2010,11,4,4,37
2010,11,4,5,37
2010,11,4,6,64
2010,11,4,7,122
2010,11,4,8,181
2010,11,4,9,219
2010,11,4,10,224
2010,11,4,11,203
2010,11,4,12,224
2010,11,4,13,194
2010,11,4,14,241
2010,11,4,15,232
2010,11,4,16,205
2010,11,4,17,173
2010,11,4,18,210
2010,11,4,19,235
2010,11,4,20,244
2010,11,4,21,216
2010,11,4,22,194
2010,11,4,23,141
2010,11,5,0,200
2010,11,5,1,114
2010,11,5,2,83
2010,11,5,3,68
2010,11,5,4,57
2010,11,5,5,41
2010,11,5,6,65
2010,11,5,7,87
2010,11,5,8,132
2010,11,5,9,166
2010,11,5,10,158
2010,11,5,11,189
2010,11,5,12,221
2010,11,5,13,175
2010,11,5,14,180
2010,11,5,15,201
2010,11,5,16,199
2010,11,5,17,191
2010,11,5,18,182
2010,11,5,19,209
2010,11,5,20,201
2010,11,5,21,157
2010,11,5,22,185
2010,11,5,23,155
2010,11,6,0,189
2010,11,6,1,106
2010,11,6,2,89
2010,11,6,3,66
2010,11,6,4,46
2010,11,6,5,40
2010,11,6,6,58
2010,11,6,7,101
2010,11,6,8,166
2010,11,6,9,193
2010,11,6,10,178
2010,11,6,11,199
2010,11,6,12,225
2010,11,6,13,168
2010,11,6,14,205
2010,11,6,15,230
2010,11,6,16,197
2010,11,6,17,210
2010,11,6,18,227
2010,11,6,19,230
2010,11,6,20,264
2010,11,6,21,245
2010,11,6,22,213
2010,11,6,23,185
2010,11,7,0,180
2010,11,7,1,159
2010,11,7,2,147
2010,11,7,3,117
2010,11,7,4,82
2010,11,7,5,43
2010,11,7,6,56
2010,11,7,7,77
2010,11,7,8,108
2010,11,7,9,126
2010,11,7,10,150
2010,11,7,11,141
2010,11,7,12,186
2010,11,7,13,171
2010,11,7,14,173
2010,11,7,15,168
2010,11,7,16,166
2010,11,7,17,192
2010,11,7,18,203
2010,11,7,19,207
2010,11,7,20,234
2010,11,7,21,218
2010,11,7,22,205
2010,11,7,23,181
2010,12,1,0,166
2010,12,1,1,148
2010,12,1,2,118
2010,12,1,3,102
2010,12,1,4,54
2010,12,1,5,53
2010,12,1,6,40
2010,12,1,7,32
2010,12,1,8,64
2010,12,1,9,95
2010,12,1,10,107
2010,12,1,11,125
2010,12,1,12,151
2010,12,1,13,132
2010,12,1,14,140
2010,12,1,15,136
2010,12,1,16,139
2010,12,1,17,120
2010,12,1,18,147
2010,12,1,19,159
2010,12,1,20,163
2010,12,1,21,145
2010,12,1,22,144
2010,12,1,23,120
2010,12,2,0,163
2010,12,2,1,68
2010,12,2,2,55
2010,12,2,3,45
2010,12,2,4,45
2010,12,2,5,46
2010,12,2,6,45
2010,12,2,7,92
2010,12,2,8,137
2010,12,2,9,135
2010,12,2,10,145
2010,12,2,11,154
2010,12,2,12,227
2010,12,2,13,150
2010,12,2,14,191
2010,12,2,15,181
2010,12,2,16,148
2010,12,2,17,168
2010,12,2,18,161
2010,12,2,19,152
2010,12,2,20,142
2010,12,2,21,162
2010,12,2,22,124
2010,12,2,23,96
2010,12,3,0,135
2010,12,3,1,54
2010,12,3,2,45
2010,12,3,3,52
2010,12,3,4,37
2010,12,3,5,29
2010,12,3,6,56
2010,12,3,7,80
2010,12,3,8,149
2010,12,3,9,162
2010,12,3,10,160
2010,12,3,11,174
2010,12,3,12,208
2010,12,3,13,172
2010,12,3,14,187
2010,12,3,15,210
2010,12,3,16,147
2010,12,3,17,204
2010,12,3,18,187
2010,12,3,19,183
2010,12,3,20,188
2010,12,3,21,197
2010,12,3,22,180
2010,12,3,23,133
2010,12,4,0,226
2010,12,4,1,103
2010,12,4,2,67
2010,12,4,3,56
2010,12,4,4,45
2010,12,4,5,25
2010,12,4,6,71
2010,12,4,7,115
2010,12,4,8,173
2010,12,4,9,229
2010,12,4,10,211
2010,12,4,11,225
2010,12,4,12,297
2010,12,4,13,221
2010,12,4,14,240
2010,12,4,15,264
2010,12,4,16,212
2010,12,4,17,219
2010,12,4,18,250
2010,12,4,19,251
2010,12,4,20,234
2010,12,4,21,225
2010,12,4,22,231
2010,12,4,23,149
2010,12,5,0,215
2010,12,5,1,116
2010,12,5,2,85
2010,12,5,3,65
2010,12,5,4,48
2010,12,5,5,51
2010,12,5,6,64
2010,12,5,7,124
2010,12,5,8,195
2010,12,5,9,194
2010,12,5,10,205
2010,12,5,11,213
2010,12,5,12,232
2010,12,5,13,210
2010,12,5,14,236
2010,12,5,15,254
2010,12,5,16,248
2010,12,5,17,224
2010,12,5,18,234
2010,12,5,19,279
2010,12,5,20,265
2010,12,5,21,244
2010,12,5,22,231
2010,12,5,23,164
2010,12,6,0,210
2010,12,6,1,120
2010,12,6,2,89
2010,12,6,3,87
2010,12,6,4,55
2010,12,6,5,70
2010,12,6,6,92
2010,12,6,7,99
2010,12,6,8,149
2010,12,6,9,227
2010,12,6,10,197
2010,12,6,11,228
2010,12,6,12,239
2010,12,6,13,203
2010,12,6,14,230
2010,12,6,15,250
2010,12,6,16,217
2010,12,6,17,254
2010,12,6,18,216
2010,12,6,19,222
2010,12,6,20,240
2010,12,6,21,231
2010,12,6,22,244
2010,12,6,23,208
2010,12,7,0,202
2010,12,7,1,142
2010,12,7,2,107
2010,12,7,3,79
2010,12,7,4,63
2010,12,7,5,45
2010,12,7,6,40
2010,12,7,7,54
2010,12,7,8,95
2010,12,7,9,130
2010,12,7,10,121
2010,12,7,11,122
2010,12,7,12,149
2010,12,7,13,133
2010,12,7,14,144
2010,12,7,15,153
2010,12,7,16,138
2010,12,7,17,131
2010,12,7,18,137
2010,12,7,19,158
2010,12,7,20,146
2010,12,7,21,145
2010,12,7,22,174
2010,12,7,23,166
2011,1,1,0,211
2011,1,1,1,167
2011,1,1,2,138
2011,1,1,3,134
2011,1,1,4,89
2011,1,1,5,63
2011,1,1,6,50
2011,1,1,7,50
2011,1,1,8,87
2011,1,1,9,132
2011,1,1,10,142
2011,1,1,11,187
2011,1,1,12,196
2011,1,1,13,146
2011,1,1,14,163
2011,1,1,15,173
2011,1,1,16,178
2011,1,1,17,181
2011,1,1,18,199
2011,1,1,19,222
2011,1,1,20,268
2011,1,1,21,226
2011,1,1,22,212
2011,1,1,23,183
2011,1,2,0,187
2011,1,2,1,88
2011,1,2,2,68
2011,1,2,3,60
2011,1,2,4,40
2011,1,2,5,33
2011,1,2,6,66
2011,1,2,7,112
2011,1,2,8,181
2011,1,2,9,197
2011,1,2,10,202
2011,1,2,11,218
2011,1,2,12,261
2011,1,2,13,248
2011,1,2,14,245
2011,1,2,15,259
2011,1,2,16,245
2011,1,2,17,233
2011,1,2,18,257
2011,1,2,19,254
2011,1,2,20,229
2011,1,2,21,211
2011,1,2,22,210
2011,1,2,23,147
2011,1,3,0,161
2011,1,3,1,71
2011,1,3,2,68
2011,1,3,3,38
2011,1,3,4,33
2011,1,3,5,35
2011,1,3,6,74
2011,1,3,7,104
2011,1,3,8,170
2011,1,3,9,180
2011,1,3,10,138
2011,1,3,11,186
2011,1,3,12,209
2011,1,3,13,197
2011,1,3,14,216
2011,1,3,15,209
2011,1,3,16,187
2011,1,3,17,178
2011,1,3,18,196
2011,1,3,19,176
2011,1,3,20,207
2011,1,3,21,170
2011,1,3,22,167
2011,1,3,23,121
2011,1,4,0,150
2011,1,4,1,67
2011,1,4,2,45
2011,1,4,3,34
2011,1,4,4,25
2011,1,4,5,34
2011,1,4,6,64
2011,1,4,7,110
2011,1,4,8,156
2011,1,4,9,213
2011,1,4,10,173
2011,1,4,11,178
2011,1,4,12,261
2011,1,4,13,213
2011,1,4,14,225
2011,1,4,15,212
2011,1,4,16,200
2011,1,4,17,180
2011,1,4,18,195
2011,1,4,19,219
2011,1,4,20,193
2011,1,4,21,199
2011,1,4,22,182
2011,1,4,23,130
2011,1,5,0,153
2011,1,5,1,90
2011,1,5,2,62
2011,1,5,3,49
2011,1,5,4,26
2011,1,5,5,42
2011,1,5,6,67
2011,1,5,7,95
2011,1,5,8,176
2011,1,5,9,171
2011,1,5,10,169
2011,1,5,11,174
2011,1,5,12,214
2011,1,5,13,197
2011,1,5,14,191
2011,1,5,15,208
2011,1,5,16,161
2011,1,5,17,173
2011,1,5,18,192
2011,1,5,19,205
2011,1,5,20,214
2011,1,5,21,185
2011,1,5,22,148
2011,1,5,23,124
2011,1,6,0,167
2011,1,6,1,79
2011,1,6,2,62
2011,1,6,3,61
2011,1,6,4,35
2011,1,6,5,33
2011,1,6,6,52
2011,1,6,7,105
2011,1,6,8,153
2011,1,6,9,176
2011,1,6,10,180
2011,1,6,11,166
2011,1,6,12,242
2011,1,6,13,167
2011,1,6,14,198
2011,1,6,15,228
2011,1,6,16,186
2011,1,6,17,168
2011,1,6,18,196
2011,1,6,19,208
2011,1,6,20,179
2011,1,6,21,208
2011,1,6,22,220
2011,1,6,23,197
2011,1,7,0,572
2011,1,7,1,224
2011,1,7,2,237
2011,1,7,3,175
2011,1,7,4,130
2011,1,7,5,83
2011,1,7,6,84
2011,1,7,7,79
2011,1,7,8,162
2011,1,7,9,231
2011,1,7,10,168
2011,1,7,11,183
2011,1,7,12,255
2011,1,7,13,189
2011,1,7,14,173
2011,1,7,15,196
2011,1,7,16,198
2011,1,7,17,208
2011,1,7,18,206
2011,1,7,19,240
2011,1,7,20,258
2011,1,7,21,212
2011,1,7,22,224
2011,1,7,23,188
2011,2,1,0,173
2011,2,1,1,129
2011,2,1,2,134
2011,2,1,3,141
2011,2,1,4,96
2011,2,1,5,72
2011,2,1,6,46
2011,2,1,7,44
2011,2,1,8,76
2011,2,1,9,96
2011,2,1,10,121
2011,2,1,11,133
2011,2,1,12,159
2011,2,1,13,110
2011,2,1,14,114
2011,2,1,15,142
2011,2,1,16,149
2011,2,1,17,144
2011,2,1,18,152
2011,2,1,19,143
2011,2,1,20,165
2011,2,1,21,167
2011,2,1,22,146
2011,2,1,23,125
2011,2,2,0,172
2011,2,2,1,69
2011,2,2,2,61
2011,2,2,3,48
2011,2,2,4,33
2011,2,2,5,46
2011,2,2,6,48
2011,2,2,7,95
2011,2,2,8,150
2011,2,2,9,160
2011,2,2,10,152
2011,2,2,11,149
2011,2,2,12,186
2011,2,2,13,161
2011,2,2,14,173
2011,2,2,15,186
2011,2,2,16,160
2011,2,2,17,156
2011,2,2,18,179
2011,2,2,19,193
2011,2,2,20,165
2011,2,2,21,182
2011,2,2,22,154
2011,2,2,23,132
2011,2,3,0,180
2011,2,3,1,77
2011,2,3,2,69
2011,2,3,3,39
2011,2,3,4,28
2011,2,3,5,29
2011,2,3,6,57
2011,2,3,7,94
2011,2,3,8,164
2011,2,3,9,198
2011,2,3,10,146
2011,2,3,11,161
2011,2,3,12,226
2011,2,3,13,176
2011,2,3,14,201
2011,2,3,15,202
2011,2,3,16,161
2011,2,3,17,146
2011,2,3,18,151
2011,2,3,19,145
2011,2,3,20,165
2011,2,3,21,140
2011,2,3,22,134
2011,2,3,23,104
2011,2,4,0,144
2011,2,4,1,55
2011,2,4,2,47
2011,2,4,3,34
2011,2,4,4,18
2011,2,4,5,34
2011,2,4,6,41
2011,2,4,7,66
2011,2,4,8,142
2011,2,4,9,139
2011,2,4,10,124
2011,2,4,11,161
2011,2,4,12,167
2011,2,4,13,165
2011,2,4,14,163
2011,2,4,15,198
2011,2,4,16,155
2011,2,4,17,142
2011,2,4,18,144
2011,2,4,19,168
2011,2,4,20,156
2011,2,4,21,148
2011,2,4,22,148
2011,2,4,23,119
2011,2,5,0,146
2011,2,5,1,72
2011,2,5,2,50
2011,2,5,3,39
2011,2,5,4,28
2011,2,5,5,29
2011,2,5,6,45
2011,2,5,7,74
2011,2,5,8,140
2011,2,5,9,178
2011,2,5,10,147
2011,2,5,11,182
2011,2,5,12,188
2011,2,5,13,155
2011,2,5,14,168
2011,2,5,15,215
2011,2,5,16,148
2011,2,5,17,154
2011,2,5,18,156
2011,2,5,19,179
2011,2,5,20,195
2011,2,5,21,167
2011,2,5,22,172
2011,2,5,23,141
2011,2,6,0,165
2011,2,6,1,76
2011,2,6,2,54
2011,2,6,3,48
2011,2,6,4,37
2011,2,6,5,23
2011,2,6,6,44
2011,2,6,7,85
2011,2,6,8,146
2011,2,6,9,183
2011,2,6,10,153
2011,2,6,11,146
2011,2,6,12,215
2011,2,6,13,184
2011,2,6,14,227
2011,2,6,15,207
2011,2,6,16,199
2011,2,6,17,171
2011,2,6,18,189
2011,2,6,19,219
2011,2,6,20,193
2011,2,6,21,210
2011,2,6,22,204
2011,2,6,23,165
2011,2,7,0,162
2011,2,7,1,139
2011,2,7,2,138
2011,2,7,3,110
2011,2,7,4,78
2011,2,7,5,37
2011,2,7,6,53
2011,2,7,7,63
2011,2,7,8,71
2011,2,7,9,130
2011,2,7,10,141
2011,2,7,11,174
2011,2,7,12,191
2011,2,7,13,153
2011,2,7,14,146
2011,2,7,15,139
2011,2,7,16,144
2011,2,7,17,155
2011,2,7,18,165
2011,2,7,19,174
2011,2,7,20,188
2011,2,7,21,164
2011,2,7,22,182
2011,2,7,23,174
2011,3,1,0,194
2011,3,1,1,146
2011,3,1,2,102
2011,3,1,3,122
2011,3,1,4,101
2011,3,1,5,78
2011,3,1,6,59
2011,3,1,7,53
2011,3,1,8,84
2011,3,1,9,99
2011,3,1,10,112
2011,3,1,11,137
2011,3,1,12,162
2011,3,1,13,134
2011,3,1,14,160
2011,3,1,15,173
2011,3,1,16,152
2011,3,1,17,137
2011,3,1,18,149
2011,3,1,19,161
2011,3,1,20,198
2011,3,1,21,152
2011,3,1,22,162
2011,3,1,23,124
2011,3,2,0,187
2011,3,2,1,91
2011,3,2,2,53
2011,3,2,3,61
2011,3,2,4,43
2011,3,2,5,32
2011,3,2,6,70
2011,3,2,7,100
2011,3,2,8,149
2011,3,2,9,188
2011,3,2,10,158
2011,3,2,11,190
2011,3,2,12,227
2011,3,2,13,164
2011,3,2,14,190
2011,3,2,15,229
2011,3,2,16,211
2011,3,2,17,189
2011,3,2,18,207
2011,3,2,19,207
2011,3,2,20,197
2011,3,2,21,189
2011,3,2,22,194
2011,3,2,23,123
2011,3,3,0,232
2011,3,3,1,90
2011,3,3,2,86
2011,3,3,3,72
2011,3,3,4,43
2011,3,3,5,44
2011,3,3,6,80
2011,3,3,7,113
2011,3,3,8,247
2011,3,3,9,291
2011,3,3,10,226
2011,3,3,11,235
2011,3,3,12,299
2011,3,3,13,215
2011,3,3,14,277
2011,3,3,15,285
2011,3,3,16,248
2011,3,3,17,239
2011,3,3,18,235
2011,3,3,19,260
2011,3,3,20,247
2011,3,3,21,256
2011,3,3,22,233
2011,3,3,23,182
2011,3,4,0,214
2011,3,4,1,100
2011,3,4,2,81
2011,3,4,3,47
2011,3,4,4,48
2011,3,4,5,47
2011,3,4,6,73
2011,3,4,7,104
2011,3,4,8,208
2011,3,4,9,243
2011,3,4,10,196
2011,3,4,11,230
2011,3,4,12,282
2011,3,4,13,230
2011,3,4,14,269
2011,3,4,15,293
2011,3,4,16,267
2011,3,4,17,238
2011,3,4,18,259
2011,3,4,19,274
2011,3,4,20,262
2011,3,4,21,282
2011,3,4,22,257
2011,3,4,23,178
2011,3,5,0,239
2011,3,5,1,103
2011,3,5,2,81
2011,3,5,3,54
2011,3,5,4,42
2011,3,5,5,40
2011,3,5,6,76
2011,3,5,7,138
2011,3,5,8,207
2011,3,5,9,215
2011,3,5,10,215
2011,3,5,11,258
2011,3,5,12,289
2011,3,5,13,243
2011,3,5,14,277
2011,3,5,15,292
2011,3,5,16,264
2011,3,5,17,229
2011,3,5,18,266
2011,3,5,19,283
2011,3,5,20,277
2011,3,5,21,288
2011,3,5,22,256
2011,3,5,23,177
2011,3,6,0,229
2011,3,6,1,98
2011,3,6,2,95
2011,3,6,3,77
2011,3,6,4,52
2011,3,6,5,54
2011,3,6,6,59
2011,3,6,7,95
2011,3,6,8,165
2011,3,6,9,190
2011,3,6,10,176
2011,3,6,11,191
2011,3,6,12,240
2011,3,6,13,210
2011,3,6,14,243
2011,3,6,15,264
2011,3,6,16,237
2011,3,6,17,181
2011,3,6,18,230
2011,3,6,19,208
2011,3,6,20,229
2011,3,6,21,214
2011,3,6,22,236
2011,3,6,23,171
2011,3,7,0,190
2011,3,7,1,149
2011,3,7,2,133
2011,3,7,3,122
2011,3,7,4,76
2011,3,7,5,57
2011,3,7,6,47
2011,3,7,7,72
2011,3,7,8,124
2011,3,7,9,129
2011,3,7,10,154
2011,3,7,11,146
2011,3,7,12,181
2011,3,7,13,163
2011,3,7,14,187
2011,3,7,15,176
2011,3,7,16,170
2011,3,7,17,189
2011,3,7,18,152
2011,3,7,19,187
2011,3,7,20,191
2011,3,7,21,188
2011,3,7,22,181
2011,3,7,23,168
2011,4,1,0,227
2011,4,1,1,204
2011,4,1,2,171
2011,4,1,3,150
2011,4,1,4,104
2011,4,1,5,89
2011,4,1,6,57
2011,4,1,7,50
2011,4,1,8,66
2011,4,1,9,104
2011,4,1,10,128
2011,4,1,11,155
2011,4,1,12,192
2011,4,1,13,155
2011,4,1,14,163
2011,4,1,15,160
2011,4,1,16,181
2011,4,1,17,194
2011,4,1,18,214
2011,4,1,19,219
2011,4,1,20,217
2011,4,1,21,219
2011,4,1,22,223
2011,4,1,23,179
2011,4,2,0,214
2011,4,2,1,117
2011,4,2,2,90
2011,4,2,3,52
2011,4,2,4,50
2011,4,2,5,34
2011,4,2,6,72
2011,4,2,7,99
2011,4,2,8,161
2011,4,2,9,191
2011,4,2,10,156
2011,4,2,11,179
2011,4,2,12,246
2011,4,2,13,201
2011,4,2,14,199
2011,4,2,15,233
2011,4,2,16,195
2011,4,2,17,213
2011,4,2,18,208
2011,4,2,19,235
2011,4,2,20,206
2011,4,2,21,219
2011,4,2,22,189
2011,4,2,23,115
2011,4,3,0,162
2011,4,3,1,82
2011,4,3,2,50
2011,4,3,3,36
2011,4,3,4,31
2011,4,3,5,33
2011,4,3,6,61
2011,4,3,7,104
2011,4,3,8,151
2011,4,3,9,173
2011,4,3,10,163
2011,4,3,11,182
2011,4,3,12,206
2011,4,3,13,172
2011,4,3,14,224
2011,4,3,15,193
2011,4,3,16,190
2011,4,3,17,209
2011,4,3,18,204
2011,4,3,19,248
2011,4,3,20,229
2011,4,3,21,214
2011,4,3,22,206
2011,4,3,23,165
2011,4,4,0,176
2011,4,4,1,109
2011,4,4,2,87
2011,4,4,3,42
2011,4,4,4,50
2011,4,4,5,34
2011,4,4,6,58
2011,4,4,7,96
2011,4,4,8,157
2011,4,4,9,152
2011,4,4,10,160
2011,4,4,11,198
2011,4,4,12,242
2011,4,4,13,188
2011,4,4,14,204
2011,4,4,15,233
2011,4,4,16,234
2011,4,4,17,200
2011,4,4,18,208
2011,4,4,19,269
2011,4,4,20,245
2011,4,4,21,226
2011,4,4,22,209
2011,4,4,23,154
2011,4,5,0,207
2011,4,5,1,97
2011,4,5,2,75
2011,4,5,3,58
2011,4,5,4,37
2011,4,5,5,46
2011,4,5,6,83
2011,4,5,7,99
2011,4,5,8,179
2011,4,5,9,195
2011,4,5,10,139
2011,4,5,11,178
2011,4,5,12,210
2011,4,5,13,198
2011,4,5,14,224
2011,4,5,15,206
2011,4,5,16,207
2011,4,5,17,201
2011,4,5,18,223
2011,4,5,19,224
2011,4,5,20,209
2011,4,5,21,221
2011,4,5,22,171
2011,4,5,23,166
2011,4,6,0,300
2011,4,6,1,118
2011,4,6,2,98
2011,4,6,3,79
2011,4,6,4,45
2011,4,6,5,47
2011,4,6,6,66
2011,4,6,7,119
2011,4,6,8,215
2011,4,6,9,291
2011,4,6,10,246
2011,4,6,11,237
2011,4,6,12,321
2011,4,6,13,212
2011,4,6,14,240
2011,4,6,15,278
2011,4,6,16,235
2011,4,6,17,274
2011,4,6,18,258
2011,4,6,19,271
2011,4,6,20,281
2011,4,6,21,260
2011,4,6,22,269
2011,4,6,23,244
2011,4,7,0,288
2011,4,7,1,211
2011,4,7,2,195
2011,4,7,3,165
2011,4,7,4,122
2011,4,7,5,74
2011,4,7,6,71
2011,4,7,7,103
2011,4,7,8,123
2011,4,7,9,175
2011,4,7,10,181
2011,4,7,11,208
2011,4,7,12,263
2011,4,7,13,199
2011,4,7,14,209
2011,4,7,15,227
2011,4,7,16,227
2011,4,7,17,227
2011,4,7,18,261
2011,4,7,19,274
2011,4,7,20,288
2011,4,7,21,271
2011,4,7,22,281
2011,4,7,23,300
2011,5,1,0,362
2011,5,1,1,242
2011,5,1,2,202
2011,5,1,3,200
2011,5,1,4,137
2011,5,1,5,120
2011,5,1,6,101
2011,5,1,7,77
2011,5,1,8,106
2011,5,1,9,170
2011,5,1,10,184
2011,5,1,11,196
2011,5,1,12,248
2011,5,1,13,173
2011,5,1,14,219
2011,5,1,15,246
2011,5,1,16,246
2011,5,1,17,215
2011,5,1,18,231
2011,5,1,19,281
2011,5,1,20,243
2011,5,1,21,236
2011,5,1,22,259
2011,5,1,23,214
2011,5,2,0,277
2011,5,2,1,132
2011,5,2,2,118
2011,5,2,3,77
2011,5,2,4,64
2011,5,2,5,60
2011,5,2,6,95
2011,5,2,7,129
2011,5,2,8,200
2011,5,2,9,230
2011,5,2,10,220
2011,5,2,11,230
2011,5,2,12,292
2011,5,2,13,271
2011,5,2,14,275
2011,5,2,15,276
2011,5,2,16,247
2011,5,2,17,236
2011,5,2,18,287
2011,5,2,19,286
2011,5,2,20,267
2011,5,2,21,276
2011,5,2,22,278
2011,5,2,23,227
2011,5,3,0,281
2011,5,3,1,152
2011,5,3,2,101
2011,5,3,3,71
2011,5,3,4,55
2011,5,3,5,56
2011,5,3,6,93
2011,5,3,7,132
2011,5,3,8,230
2011,5,3,9,256
2011,5,3,10,250
2011,5,3,11,262
2011,5,3,12,296
2011,5,3,13,244
2011,5,3,14,304
2011,5,3,15,318
2011,5,3,16,269
2011,5,3,17,271
2011,5,3,18,277
2011,5,3,19,285
2011,5,3,20,257
2011,5,3,21,280
2011,5,3,22,264
2011,5,3,23,234
2011,5,4,0,186
2011,5,4,1,112
2011,5,4,2,85
2011,5,4,3,37
2011,5,4,4,42
2011,5,4,5,66
2011,5,4,6,74
2011,5,4,7,104
2011,5,4,8,183
2011,5,4,9,204
2011,5,4,10,178
2011,5,4,11,175
2011,5,4,12,233
2011,5,4,13,224
2011,5,4,14,235
2011,5,4,15,247
2011,5,4,16,228
2011,5,4,17,206
2011,5,4,18,256
2011,5,4,19,234
2011,5,4,20,204
2011,5,4,21,203
2011,5,4,22,192
2011,5,4,23,159
2011,5,5,0,183
2011,5,5,1,113
2011,5,5,2,71
2011,5,5,3,63
2011,5,5,4,47
2011,5,5,5,30
2011,5,5,6,65
2011,5,5,7,112
2011,5,5,8,181
2011,5,5,9,217
2011,5,5,10,194
2011,5,5,11,187
2011,5,5,12,251
2011,5,5,13,211
2011,5,5,14,229
2011,5,5,15,269
2011,5,5,16,213
2011,5,5,17,200
2011,5,5,18,223
2011,5,5,19,259
2011,5,5,20,227
2011,5,5,21,213
2011,5,5,22,189
2011,5,5,23,185
2011,5,6,0,213
2011,5,6,1,111
2011,5,6,2,96
2011,5,6,3,70
2011,5,6,4,61
2011,5,6,5,45
2011,5,6,6,70
2011,5,6,7,118
2011,5,6,8,181
2011,5,6,9,229
2011,5,6,10,215
2011,5,6,11,196
2011,5,6,12,250
2011,5,6,13,193
2011,5,6,14,240
2011,5,6,15,256
2011,5,6,16,215
2011,5,6,17,232
2011,5,6,18,247
2011,5,6,19,218
2011,5,6,20,238
2011,5,6,21,246
2011,5,6,22,242
2011,5,6,23,203
2011,5,7,0,224
2011,5,7,1,179
2011,5,7,2,147
2011,5,7,3,145
2011,5,7,4,90
2011,5,7,5,59
2011,5,7,6,73
2011,5,7,7,79
2011,5,7,8,106
2011,5,7,9,142
2011,5,7,10,152
2011,5,7,11,168
2011,5,7,12,188
2011,5,7,13,178
2011,5,7,14,179
2011,5,7,15,189
2011,5,7,16,192
2011,5,7,17,180
2011,5,7,18,184
2011,5,7,19,202
2011,5,7,20,206
2011,5,7,21,164
2011,5,7,22,207
2011,5,7,23,183
2011,6,1,0,204
2011,6,1,1,190
2011,6,1,2,200
2011,6,1,3,145
2011,6,1,4,124
2011,6,1,5,93
2011,6,1,6,68
2011,6,1,7,57
2011,6,1,8,84
2011,6,1,9,140
2011,6,1,10,155
2011,6,1,11,145
2011,6,1,12,209
2011,6,1,13,180
2011,6,1,14,182
2011,6,1,15,189
2011,6,1,16,207
2011,6,1,17,205
2011,6,1,18,207
2011,6,1,19,258
2011,6,1,20,253
2011,6,1,21,236
2011,6,1,22,254
2011,6,1,23,199
2011,6,2,0,229
2011,6,2,1,134
2011,6,2,2,99
2011,6,2,3,82
2011,6,2,4,71
2011,6,2,5,52
2011,6,2,6,71
2011,6,2,7,90
2011,6,2,8,141
2011,6,2,9,181
2011,6,2,10,168
2011,6,2,11,183
2011,6,2,12,249
2011,6,2,13,205
2011,6,2,14,228
2011,6,2,15,218
2011,6,2,16,213
2011,6,2,17,224
2011,6,2,18,234
2011,6,2,19,231
2011,6,2,20,253
2011,6,2,21,236
2011,6,2,22,241
2011,6,2,23,199
2011,6,3,0,212
2011,6,3,1,137
2011,6,3,2,107
2011,6,3,3,90
2011,6,3,4,58
2011,6,3,5,51
2011,6,3,6,79
2011,6,3,7,88
2011,6,3,8,187
2011,6,3,9,193
2011,6,3,10,204
2011,6,3,11,202
2011,6,3,12,234
2011,6,3,13,219
2011,6,3,14,212
2011,6,3,15,210
2011,6,3,16,219
2011,6,3,17,221
2011,6,3,18,253
2011,6,3,19,257
2011,6,3,20,234
2011,6,3,21,229
2011,6,3,22,240
2011,6,3,23,208
2011,6,4,0,332
2011,6,4,1,150
2011,6,4,2,138
2011,6,4,3,74
2011,6,4,4,69
2011,6,4,5,66
2011,6,4,6,86
2011,6,4,7,155
2011,6,4,8,225
2011,6,4,9,290
2011,6,4,10,263
2011,6,4,11,253
2011,6,4,12,322
2011,6,4,13,288
2011,6,4,14,275
2011,6,4,15,306
2011,6,4,16,257
2011,6,4,17,267
2011,6,4,18,278
2011,6,4,19,343
2011,6,4,20,324
2011,6,4,21,254
2011,6,4,22,292
2011,6,4,23,249
2011,6,5,0,262
2011,6,5,1,144
2011,6,5,2,117
2011,6,5,3,94
2011,6,5,4,78
2011,6,5,5,71
2011,6,5,6,92
2011,6,5,7,141
2011,6,5,8,208
2011,6,5,9,227
2011,6,5,10,218
2011,6,5,11,253
2011,6,5,12,325
2011,6,5,13,252
2011,6,5,14,285
2011,6,5,15,285
2011,6,5,16,276
2011,6,5,17,265
2011,6,5,18,275
2011,6,5,19,334
2011,6,5,20,286
2011,6,5,21,263
2011,6,5,22,279
2011,6,5,23,219
2011,6,6,0,203
2011,6,6,1,131
2011,6,6,2,91
2011,6,6,3,94
2011,6,6,4,64
2011,6,6,5,56
2011,6,6,6,67
2011,6,6,7,100
2011,6,6,8,142
2011,6,6,9,198
2011,6,6,10,212
2011,6,6,11,208
2011,6,6,12,253
2011,6,6,13,212
2011,6,6,14,223
2011,6,6,15,244
2011,6,6,16,228
2011,6,6,17,243
2011,6,6,18,266
2011,6,6,19,274
2011,6,6,20,244
2011,6,6,21,240
2011,6,6,22,243
2011,6,6,23,229
2011,6,7,0,236
2011,6,7,1,175
2011,6,7,2,190
2011,6,7,3,159
2011,6,7,4,113
2011,6,7,5,76
2011,6,7,6,71
2011,6,7,7,74
2011,6,7,8,106
2011,6,7,9,163
2011,6,7,10,170
2011,6,7,11,163
2011,6,7,12,235
2011,6,7,13,182
2011,6,7,14,209
2011,6,7,15,195
2011,6,7,16,194
2011,6,7,17,210
2011,6,7,18,208
2011,6,7,19,234
2011,6,7,20,227
2011,6,7,21,198
2011,6,7,22,240
2011,6,7,23,264
2011,7,1,0,344
2011,7,1,1,281
2011,7,1,2,242
2011,7,1,3,236
2011,7,1,4,178
2011,7,1,5,127
2011,7,1,6,105
2011,7,1,7,77
2011,7,1,8,100
2011,7,1,9,156
2011,7,1,10,170
2011,7,1,11,199
2011,7,1,12,234
2011,7,1,13,189
2011,7,1,14,223
2011,7,1,15,231
2011,7,1,16,218
2011,7,1,17,235
2011,7,1,18,236
2011,7,1,19,283
2011,7,1,20,284
2011,7,1,21,273
2011,7,1,22,296
2011,7,1,23,239
2011,7,2,0,278
2011,7,2,1,157
2011,7,2,2,119
2011,7,2,3,107
2011,7,2,4,78
2011,7,2,5,43
2011,7,2,6,68
2011,7,2,7,111
2011,7,2,8,129
2011,7,2,9,166
2011,7,2,10,145
2011,7,2,11,169
2011,7,2,12,228
2011,7,2,13,175
2011,7,2,14,204
2011,7,2,15,208
2011,7,2,16,209
2011,7,2,17,187
2011,7,2,18,220
2011,7,2,19,236
2011,7,2,20,260
2011,7,2,21,241
2011,7,2,22,275
2011,7,2,23,221
2011,7,3,0,236
2011,7,3,1,146
2011,7,3,2,124
2011,7,3,3,106
2011,7,3,4,69
2011,7,3,5,62
2011,7,3,6,78
2011,7,3,7,86
2011,7,3,8,130
2011,7,3,9,183
2011,7,3,10,169
2011,7,3,11,207
2011,7,3,12,213
2011,7,3,13,188
2011,7,3,14,235
2011,7,3,15,216
2011,7,3,16,208
2011,7,3,17,224
2011,7,3,18,230
2011,7,3,19,280
2011,7,3,20,266
2011,7,3,21,236
2011,7,3,22,248
2011,7,3,23,203
2011,7,4,0,191
2011,7,4,1,134
2011,7,4,2,102
2011,7,4,3,79
2011,7,4,4,53
2011,7,4,5,61
2011,7,4,6,81
2011,7,4,7,98
2011,7,4,8,154
2011,7,4,9,190
2011,7,4,10,167
2011,7,4,11,200
2011,7,4,12,213
2011,7,4,13,219
2011,7,4,14,232
2011,7,4,15,218
2011,7,4,16,217
2011,7,4,17,227
2011,7,4,18,255
2011,7,4,19,299
2011,7,4,20,225
2011,7,4,21,265
2011,7,4,22,235
2011,7,4,23,203
2011,7,5,0,226
2011,7,5,1,116
2011,7,5,2,89
2011,7,5,3,87
2011,7,5,4,69
2011,7,5,5,51
2011,7,5,6,53
2011,7,5,7,86
2011,7,5,8,148
2011,7,5,9,180
2011,7,5,10,181
2011,7,5,11,200
2011,7,5,12,250
2011,7,5,13,197
2011,7,5,14,223
2011,7,5,15,218
2011,7,5,16,212
2011,7,5,17,225
2011,7,5,18,225
2011,7,5,19,251
2011,7,5,20,238
2011,7,5,21,244
2011,7,5,22,266
2011,7,5,23,209
2011,7,6,0,323
2011,7,6,1,180
2011,7,6,2,145
2011,7,6,3,117
2011,7,6,4,77
2011,7,6,5,68
2011,7,6,6,88
2011,7,6,7,133
2011,7,6,8,188
2011,7,6,9,244
2011,7,6,10,222
2011,7,6,11,225
2011,7,6,12,307
2011,7,6,13,263
2011,7,6,14,266
2011,7,6,15,269
2011,7,6,16,261
2011,7,6,17,270
2011,7,6,18,339
2011,7,6,19,348
2011,7,6,20,319
2011,7,6,21,311
2011,7,6,22,321
2011,7,6,23,263
2011,7,7,0,311
2011,7,7,1,254
2011,7,7,2,259
2011,7,7,3,203
2011,7,7,4,140
2011,7,7,5,100
2011,7,7,6,105
2011,7,7,7,86
2011,7,7,8,143
2011,7,7,9,206
2011,7,7,10,202
2011,7,7,11,221
2011,7,7,12,254
2011,7,7,13,238
2011,7,7,14,253
2011,7,7,15,233
2011,7,7,16,252
2011,7,7,17,244
2011,7,7,18,247
2011,7,7,19,293
2011,7,7,20,286
2011,7,7,21,254
2011,7,7,22,327
2011,7,7,23,310
2011,8,1,0,219
2011,8,1,1,196
2011,8,1,2,162
2011,8,1,3,172
2011,8,1,4,124
2011,8,1,5,103
2011,8,1,6,75
2011,8,1,7,55
2011,8,1,8,83
2011,8,1,9,106
2011,8,1,10,133
2011,8,1,11,142
2011,8,1,12,218
2011,8,1,13,169
2011,8,1,14,175
2011,8,1,15,194
2011,8,1,16,180
2011,8,1,17,202
2011,8,1,18,196
2011,8,1,19,213
2011,8,1,20,196
2011,8,1,21,200
2011,8,1,22,218
2011,8,1,23,187
2011,8,2,0,293
2011,8,2,1,159
2011,8,2,2,126
2011,8,2,3,96
2011,8,2,4,73
2011,8,2,5,61
2011,8,2,6,85
2011,8,2,7,128
2011,8,2,8,217
2011,8,2,9,258
2011,8,2,10,231
2011,8,2,11,240
2011,8,2,12,294
2011,8,2,13,240
2011,8,2,14,290
2011,8,2,15,281
2011,8,2,16,256
2011,8,2,17,279
2011,8,2,18,260
2011,8,2,19,304
2011,8,2,20,260
2011,8,2,21,302
2011,8,2,22,295
2011,8,2,23,224
2011,8,3,0,244
2011,8,3,1,142
2011,8,3,2,111
2011,8,3,3,69
2011,8,3,4,59
2011,8,3,5,54
2011,8,3,6,96
2011,8,3,7,135
2011,8,3,8,200
2011,8,3,9,219
2011,8,3,10,223
2011,8,3,11,243
2011,8,3,12,265
2011,8,3,13,198
2011,8,3,14,289
2011,8,3,15,299
2011,8,3,16,256
2011,8,3,17,280
2011,8,3,18,273
2011,8,3,19,308
2011,8,3,20,311
2011,8,3,21,281
2011,8,3,22,233
2011,8,3,23,220
2011,8,4,0,268
2011,8,4,1,119
2011,8,4,2,106
2011,8,4,3,100
2011,8,4,4,63
2011,8,4,5,73
2011,8,4,6,90
2011,8,4,7,125
2011,8,4,8,183
2011,8,4,9,242
2011,8,4,10,205
2011,8,4,11,223
2011,8,4,12,294
2011,8,4,13,275
2011,8,4,14,283
2011,8,4,15,250
2011,8,4,16,276
2011,8,4,17,308
2011,8,4,18,316
2011,8,4,19,316
2011,8,4,20,321
2011,8,4,21,313
2011,8,4,22,309
2011,8,4,23,227
2011,8,5,0,241
2011,8,5,1,136
2011,8,5,2,112
2011,8,5,3,77
2011,8,5,4,62
2011,8,5,5,37
2011,8,5,6,63
2011,8,5,7,124
2011,8,5,8,147
2011,8,5,9,208
2011,8,5,10,178
2011,8,5,11,192
2011,8,5,12,242
2011,8,5,13,196
2011,8,5,14,221
2011,8,5,15,216
2011,8,5,16,234
2011,8,5,17,211
2011,8,5,18,251
2011,8,5,19,254
2011,8,5,20,256
2011,8,5,21,248
2011,8,5,22,262
2011,8,5,23,194
2011,8,6,0,237
2011,8,6,1,125
2011,8,6,2,125
2011,8,6,3,93
2011,8,6,4,55
2011,8,6,5,73
2011,8,6,6,68
2011,8,6,7,104
2011,8,6,8,174
2011,8,6,9,184
2011,8,6,10,176
2011,8,6,11,200
2011,8,6,12,259
2011,8,6,13,210
2011,8,6,14,209
2011,8,6,15,247
2011,8,6,16,223
2011,8,6,17,197
2011,8,6,18,228
2011,8,6,19,263
2011,8,6,20,242
2011,8,6,21,276
2011,8,6,22,269
2011,8,6,23,258
2011,8,7,0,262
2011,8,7,1,219
2011,8,7,2,203
2011,8,7,3,147
2011,8,7,4,111
2011,8,7,5,100
2011,8,7,6,73
2011,8,7,7,64
2011,8,7,8,122
2011,8,7,9,153
2011,8,7,10,183
2011,8,7,11,160
2011,8,7,12,197
2011,8,7,13,165
2011,8,7,14,183
2011,8,7,15,224
2011,8,7,16,167
2011,8,7,17,187
2011,8,7,18,196
2011,8,7,19,206
2011,8,7,20,237
2011,8,7,21,248
2011,8,7,22,246
2011,8,7,23,226
2011,9,1,0,220
2011,9,1,1,182
2011,9,1,2,187
2011,9,1,3,148
2011,9,1,4,123
2011,9,1,5,75
2011,9,1,6,44
2011,9,1,7,64
2011,9,1,8,74
2011,9,1,9,116
2011,9,1,10,131
2011,9,1,11,163
2011,9,1,12,179
2011,9,1,13,163
2011,9,1,14,198
2011,9,1,15,176
2011,9,1,16,161
2011,9,1,17,181
2011,9,1,18,197
2011,9,1,19,195
2011,9,1,20,234
2011,9,1,21,197
2011,9,1,22,209
2011,9,1,23,147
2011,9,2,0,180
2011,9,2,1,128
2011,9,2,2,82
2011,9,2,3,60
2011,9,2,4,54
2011,9,2,5,47
2011,9,2,6,70
2011,9,2,7,101
2011,9,2,8,167
2011,9,2,9,189
2011,9,2,10,164
2011,9,2,11,218
2011,9,2,12,205
2011,9,2,13,163
2011,9,2,14,180
2011,9,2,15,248
2011,9,2,16,223
2011,9,2,17,203
2011,9,2,18,244
2011,9,2,19,216
2011,9,2,20,213
2011,9,2,21,207
2011,9,2,22,209
2011,9,2,23,150
2011,9,3,0,180
2011,9,3,1,93
2011,9,3,2,79
2011,9,3,3,48
2011,9,3,4,45
2011,9,3,5,35
2011,9,3,6,63
2011,9,3,7,113
2011,9,3,8,165
2011,9,3,9,222
2011,9,3,10,177
2011,9,3,11,170
2011,9,3,12,225
2011,9,3,13,219
2011,9,3,14,226
2011,9,3,15,225
2011,9,3,16,204
2011,9,3,17,203
2011,9,3,18,189
2011,9,3,19,215
2011,9,3,20,222
2011,9,3,21,189
2011,9,3,22,232
2011,9,3,23,148
2011,9,4,0,187
2011,9,4,1,91
2011,9,4,2,75
2011,9,4,3,50
2011,9,4,4,40
2011,9,4,5,44
2011,9,4,6,76
2011,9,4,7,125
2011,9,4,8,175
2011,9,4,9,208
2011,9,4,10,170
2011,9,4,11,183
2011,9,4,12,231
2011,9,4,13,161
2011,9,4,14,233
2011,9,4,15,205
2011,9,4,16,204
2011,9,4,17,208
2011,9,4,18,250
2011,9,4,19,218
2011,9,4,20,223
2011,9,4,21,203
2011,9,4,22,181
2011,9,4,23,149
2011,9,5,0,296
2011,9,5,1,118
2011,9,5,2,95
2011,9,5,3,79
2011,9,5,4,60
2011,9,5,5,54
2011,9,5,6,91
2011,9,5,7,143
2011,9,5,8,225
2011,9,5,9,293
2011,9,5,10,227
2011,9,5,11,220
2011,9,5,12,331
2011,9,5,13,262
2011,9,5,14,268
2011,9,5,15,280
2011,9,5,16,289
2011,9,5,17,247
2011,9,5,18,286
2011,9,5,19,275
2011,9,5,20,269
2011,9,5,21,272
2011,9,5,22,281
2011,9,5,23,239
2011,9,6,0,248
2011,9,6,1,139
2011,9,6,2,99
2011,9,6,3,73
2011,9,6,4,69
2011,9,6,5,63
2011,9,6,6,94
2011,9,6,7,139
2011,9,6,8,187
2011,9,6,9,262
2011,9,6,10,215
2011,9,6,11,220
2011,9,6,12,292
2011,9,6,13,240
2011,9,6,14,267
2011,9,6,15,313
2011,9,6,16,327
2011,9,6,17,302
2011,9,6,18,272
2011,9,6,19,302
2011,9,6,20,293
2011,9,6,21,296
2011,9,6,22,250
2011,9,6,23,305
2011,9,7,0,244
2011,9,7,1,177
2011,9,7,2,175
2011,9,7,3,126
2011,9,7,4,99
2011,9,7,5,80
2011,9,7,6,76
2011,9,7,7,76
2011,9,7,8,111
2017,3,1,9,97
2017,3,1,10,94
2017,3,1,11,87
2017,3,1,12,138
2017,3,1,13,111
2017,3,1,14,142
2017,3,1,15,125
2017,3,1,16,143
2017,3,1,17,153
2017,3,1,18,136
2017,3,1,19,162
2017,3,1,20,120
2017,3,1,21,120
2017,3,1,22,121
2017,3,1,23,92
2017,3,2,0,106
2017,3,2,1,71
2017,3,2,2,55
2017,3,2,3,49
2017,3,2,4,36
2017,3,2,5,22
2017,3,2,6,56
2017,3,2,7,74
2017,3,2,8,113
2017,3,2,9,119
2017,3,2,10,140
2017,3,2,11,133
2017,3,2,12,185
2017,3,2,13,163
2017,3,2,14,168
2017,3,2,15,136
2017,3,2,16,145
2017,3,2,17,146
2017,3,2,18,150
2017,3,2,19,140
2017,3,2,20,126
2017,3,2,21,110
2017,3,2,22,95
2017,3,2,23,104
2017,3,3,0,100
2017,3,3,1,62
2017,3,3,2,40
2017,3,3,3,30
2017,3,3,4,28
2017,3,3,5,36
2017,3,3,6,51
2017,3,3,7,66
2017,3,3,8,93
2017,3,3,9,139
2017,3,3,10,116
2017,3,3,11,100
2017,3,3,12,172
2017,3,3,13,135
2017,3,3,14,135
2017,3,3,15,152
2017,3,3,16,154
2017,3,3,17,125
2017,3,3,18,152
2017,3,3,19,151
2017,3,3,20,123
2017,3,3,21,130
2017,3,3,22,128
2017,3,3,23,64
2017,3,4,0,162
2017,3,4,1,48
2017,3,4,2,64
2017,3,4,3,32
2017,3,4,4,46
2017,3,4,5,52
2017,3,4,6,48
2017,3,4,7,102
2017,3,4,8,149
2017,3,4,9,187
2017,3,4,10,169
2017,3,4,11,163
2017,3,4,12,264
2017,3,4,13,187
2017,3,4,14,191
2017,3,4,15,217
2017,3,4,16,180
2017,3,4,17,158
2017,3,4,18,173
2017,3,4,19,191
2017,3,4,20,157
2017,3,4,21,145
2017,3,4,22,147
2017,3,4,23,102
2017,3,5,0,131
2017,3,5,1,69
2017,3,5,2,52
2017,3,5,3,40
2017,3,5,4,42
2017,3,5,5,34
2017,3,5,6,50
2017,3,5,7,111
2017,3,5,8,135
2017,3,5,9,182
2017,3,5,10,160
2017,3,5,11,153
2017,3,5,12,207
2017,3,5,13,183
2017,3,5,14,179
2017,3,5,15,203
2017,3,5,16,195
2017,3,5,17,172
2017,3,5,18,224
2017,3,5,19,185
2017,3,5,20,180
2017,3,5,21,184
2017,3,5,22,150
2017,3,5,23,110
2017,3,6,0,124
2017,3,6,1,79
2017,3,6,2,68
2017,3,6,3,55
2017,3,6,4,53
2017,3,6,5,36
2017,3,6,6,68
2017,3,6,7,96
2017,3,6,8,132
2017,3,6,9,147
2017,3,6,10,145
2017,3,6,11,177
2017,3,6,12,245
2017,3,6,13,192
2017,3,6,14,201
2017,3,6,15,230
2017,3,6,16,210
2017,3,6,17,246
2017,3,6,18,217
2017,3,6,19,195
2017,3,6,20,182
2017,3,6,21,166
2017,3,6,22,195
2017,3,6,23,146
2017,3,7,0,147
2017,3,7,1,87
2017,3,7,2,95
2017,3,7,3,65
2017,3,7,4,54
2017,3,7,5,56
2017,3,7,6,47
2017,3,7,7,52
2017,3,7,8,78
2017,3,7,9,96
2017,3,7,10,107
2017,3,7,11,125
2017,3,7,12,160
2017,3,7,13,128
2017,3,7,14,128
2017,3,7,15,142
2017,3,7,16,126
2017,3,7,17,147
2017,3,7,18,167
2017,3,7,19,134
2017,3,7,20,148
2017,3,7,21,125
2017,3,7,22,113
2017,3,7,23,135
2017,4,1,0,178
2017,4,1,1,132
2017,4,1,2,128
2017,4,1,3,122
2017,4,1,4,81
2017,4,1,5,45
2017,4,1,6,56
2017,4,1,7,63
2017,4,1,8,112
2017,4,1,9,143
2017,4,1,10,151
2017,4,1,11,142
2017,4,1,12,185
2017,4,1,13,161
2017,4,1,14,165
2017,4,1,15,143
2017,4,1,16,182
2017,4,1,17,205
2017,4,1,18,205
2017,4,1,19,190
2017,4,1,20,163
2017,4,1,21,221
2017,4,1,22,183
2017,4,1,23,143
2017,4,2,0,142
2017,4,2,1,63
2017,4,2,2,66
2017,4,2,3,49
2017,4,2,4,38
2017,4,2,5,34
2017,4,2,6,56
2017,4,2,7,62
2017,4,2,8,134
2017,4,2,9,155
2017,4,2,10,167
2017,4,2,11,121
2017,4,2,12,176
2017,4,2,13,134
2017,4,2,14,117
2017,4,2,15,165
2017,4,2,16,179
2017,4,2,17,163
2017,4,2,18,169
2017,4,2,19,167
2017,4,2,20,150
2017,4,2,21,140
2017,4,2,22,131
2017,4,2,23,91
2017,4,3,0,101
2017,4,3,1,47
2017,4,3,2,47
2017,4,3,3,40
2017,4,3,4,31
2017,4,3,5,29
2017,4,3,6,55
2017,4,3,7,83
2017,4,3,8,110
2017,4,3,9,125
2017,4,3,10,138
2017,4,3,11,147
2017,4,3,12,195
2017,4,3,13,153
2017,4,3,14,166
2017,4,3,15,174
2017,4,3,16,190
2017,4,3,17,146
2017,4,3,18,166
2017,4,3,19,181
2017,4,3,20,165
2017,4,3,21,141
2017,4,3,22,150
2017,4,3,23,128
2017,4,4,0,126
2017,4,4,1,71
2017,4,4,2,63
2017,4,4,3,36
2017,4,4,4,33
2017,4,4,5,36
2017,4,4,6,59
2017,4,4,7,86
2017,4,4,8,112
2017,4,4,9,129
2017,4,4,10,136
2017,4,4,11,129
2017,4,4,12,190
2017,4,4,13,161
2017,4,4,14,161
2017,4,4,15,185
2017,4,4,16,172
2017,4,4,17,153
2017,4,4,18,158
2017,4,4,19,159
2017,4,4,20,142
2017,4,4,21,143
2017,4,4,22,130
2017,4,4,23,108
2017,4,5,0,102
2017,4,5,1,69
2017,4,5,2,30
2017,4,5,3,36
2017,4,5,4,29
2017,4,5,5,28
2017,4,5,6,49
2017,4,5,7,83
2017,4,5,8,106
2017,4,5,9,127
2017,4,5,10,146
2017,4,5,11,150
2017,4,5,12,181
2017,4,5,13,143
2017,4,5,14,171
2017,4,5,15,164
2017,4,5,16,140
2017,4,5,17,149
2017,4,5,18,159
2017,4,5,19,176
2017,4,5,20,152
2017,4,5,21,133
2017,4,5,22,135
2017,4,5,23,104
2017,4,6,0,126
2017,4,6,1,71
2017,4,6,2,77
2017,4,6,3,51
2017,4,6,4,39
2017,4,6,5,45
2017,4,6,6,53
2017,4,6,7,83
2017,4,6,8,106
2017,4,6,9,137
2017,4,6,10,127
2017,4,6,11,141
2017,4,6,12,161
2017,4,6,13,141
2017,4,6,14,173
2017,4,6,15,168
2017,4,6,16,172
2017,4,6,17,186
2017,4,6,18,217
2017,4,6,19,206
2017,4,6,20,168
2017,4,6,21,167
2017,4,6,22,171
2017,4,6,23,139
2017,4,7,0,204
2017,4,7,1,139
2017,4,7,2,132
2017,4,7,3,108
2017,4,7,4,70
2017,4,7,5,53
2017,4,7,6,54
2017,4,7,7,78
2017,4,7,8,110
2017,4,7,9,191
2017,4,7,10,165
2017,4,7,11,151
2017,4,7,12,222
2017,4,7,13,169
2017,4,7,14,176
2017,4,7,15,165
2017,4,7,16,176
2017,4,7,17,182
2017,4,7,18,218
2017,4,7,19,227
2017,4,7,20,180
2017,4,7,21,158
2017,4,7,22,184
2017,4,7,23,153
2017,5,1,0,172
2017,5,1,1,108
2017,5,1,2,135
2017,5,1,3,107
2017,5,1,4,85
2017,5,1,5,69
2017,5,1,6,51
2017,5,1,7,55
2017,5,1,8,73
2017,5,1,9,89
2017,5,1,10,109
2017,5,1,11,120
2017,5,1,12,153
2017,5,1,13,104
2017,5,1,14,115
2017,5,1,15,121
2017,5,1,16,152
2017,5,1,17,123
2017,5,1,18,153
2017,5,1,19,168
2017,5,1,20,140
2017,5,1,21,136
2017,5,1,22,165
2017,5,1,23,135
2017,5,2,0,226
2017,5,2,1,101
2017,5,2,2,61
2017,5,2,3,73
2017,5,2,4,51
2017,5,2,5,53
2017,5,2,6,63
2017,5,2,7,105
2017,5,2,8,133
2017,5,2,9,228
2017,5,2,10,201
2017,5,2,11,163
2017,5,2,12,274
2017,5,2,13,193
2017,5,2,14,174
2017,5,2,15,208
2017,5,2,16,199
2017,5,2,17,210
2017,5,2,18,253
2017,5,2,19,232
2017,5,2,20,234
2017,5,2,21,225
2017,5,2,22,196
2017,5,2,23,153
2017,5,3,0,156
2017,5,3,1,94
2017,5,3,2,68
2017,5,3,3,65
2017,5,3,4,52
2017,5,3,5,40
2017,5,3,6,67
2017,5,3,7,108
2017,5,3,8,122
2017,5,3,9,171
2017,5,3,10,183
2017,5,3,11,180
2017,5,3,12,212
2017,5,3,13,182
2017,5,3,14,189
2017,5,3,15,240
2017,5,3,16,199
2017,5,3,17,214
2017,5,3,18,223
2017,5,3,19,231
2017,5,3,20,203
2017,5,3,21,198
2017,5,3,22,162
2017,5,3,23,138
2017,5,4,0,151
2017,5,4,1,80
2017,5,4,2,67
2017,5,4,3,60
2017,5,4,4,47
2017,5,4,5,39
2017,5,4,6,75
2017,5,4,7,111
2017,5,4,8,159
2017,5,4,9,190
2017,5,4,10,181
2017,5,4,11,184
2017,5,4,12,256
2017,5,4,13,190
2017,5,4,14,202
2017,5,4,15,242
2017,5,4,16,212
2017,5,4,17,229
2017,5,4,18,213
2017,5,4,19,203
2017,5,4,20,191
2017,5,4,21,174
2017,5,4,22,162
2017,5,4,23,120
2017,5,5,0,111
2017,5,5,1,64
2017,5,5,2,55
2017,5,5,3,49
2017,5,5,4,38
2017,5,5,5,34
2017,5,5,6,57
2017,5,5,7,78
2017,5,5,8,140
2017,5,5,9,147
2017,5,5,10,160
2017,5,5,11,150
2017,5,5,12,196
2017,5,5,13,130
2017,5,5,14,166
2017,5,5,15,166
2017,5,5,16,167
2017,5,5,17,196
2017,5,5,18,186
2017,5,5,19,171
2017,5,5,20,161
2017,5,5,21,152
2017,5,5,22,144
2017,5,5,23,100
2017,5,6,0,141
2017,5,6,1,78
2017,5,6,2,55
2017,5,6,3,67
2017,5,6,4,39
2017,5,6,5,49
2017,5,6,6,55
2017,5,6,7,92
2017,5,6,8,123
2017,5,6,9,166
2017,5,6,10,138
2017,5,6,11,164
2017,5,6,12,200
2017,5,6,13,134
2017,5,6,14,165
2017,5,6,15,201
2017,5,6,16,151
2017,5,6,17,192
2017,5,6,18,183
2017,5,6,19,176
2017,5,6,20,175
2017,5,6,21,163
2017,5,6,22,152
2017,5,6,23,133
2017,5,7,0,175
2017,5,7,1,102
2017,5,7,2,111
2017,5,7,3,68
2017,5,7,4,66
2017,5,7,5,38
2017,5,7,6,46
2017,5,7,7,59
2017,5,7,8,77
2017,5,7,9,101
2017,5,7,10,114
2017,5,7,11,127
2017,5,7,12,146
2017,5,7,13,118
2017,5,7,14,145
2017,5,7,15,142
2017,5,7,16,133
2017,5,7,17,132
2017,5,7,18,178
2017,5,7,19,170
2017,5,7,20,186
2017,5,7,21,146
2017,5,7,22,158
2017,5,7,23,163
2017,6,1,0,181
2017,6,1,1,147
2017,6,1,2,159
2017,6,1,3,137
2017,6,1,4,98
2017,6,1,5,77
2017,6,1,6,54
2017,6,1,7,66
2017,6,1,8,68
2017,6,1,9,98
2017,6,1,10,93
2017,6,1,11,127
2017,6,1,12,162
2017,6,1,13,140
2017,6,1,14,147
2017,6,1,15,147
2017,6,1,16,132
2017,6,1,17,150
2017,6,1,18,150
2017,6,1,19,177
2017,6,1,20,184
2017,6,1,21,185
2017,6,1,22,169
2017,6,1,23,167
2017,6,2,0,143
2017,6,2,1,93
2017,6,2,2,78
2017,6,2,3,61
2017,6,2,4,60
2017,6,2,5,31
2017,6,2,6,50
2017,6,2,7,87
2017,6,2,8,135
2017,6,2,9,148
2017,6,2,10,144
2017,6,2,11,135
2017,6,2,12,196
2017,6,2,13,156
2017,6,2,14,169
2017,6,2,15,163
2017,6,2,16,133
2017,6,2,17,146
2017,6,2,18,165
2017,6,2,19,183
2017,6,2,20,142
2017,6,2,21,133
2017,6,2,22,147
2017,6,2,23,115
2017,6,3,0,139
2017,6,3,1,86
2017,6,3,2,71
2017,6,3,3,46
2017,6,3,4,28
2017,6,3,5,38
2017,6,3,6,60
2017,6,3,7,69
2017,6,3,8,105
2017,6,3,9,173
2017,6,3,10,148
2017,6,3,11,168
2017,6,3,12,188
2017,6,3,13,166
2017,6,3,14,159
2017,6,3,15,184
2017,6,3,16,176
2017,6,3,17,164
2017,6,3,18,177
2017,6,3,19,216
2017,6,3,20,167
2017,6,3,21,167
2017,6,3,22,165
2017,6,3,23,150
2017,6,4,0,130
2017,6,4,1,94
2017,6,4,2,64
2017,6,4,3,50
2017,6,4,4,47
2017,6,4,5,35
2017,6,4,6,52
2017,6,4,7,73
2017,6,4,8,108
2017,6,4,9,156
2017,6,4,10,140
2017,6,4,11,162
2017,6,4,12,181
2017,6,4,13,151
2017,6,4,14,157
2017,6,4,15,166
2017,6,4,16,172
2017,6,4,17,173
2017,6,4,18,162
2017,6,4,19,176
2017,6,4,20,163
2017,6,4,21,156
2017,6,4,22,156
2017,6,4,23,127
2017,6,5,0,230
2017,6,5,1,97
2017,6,5,2,99
2017,6,5,3,73
2017,6,5,4,53
2017,6,5,5,41
2017,6,5,6,62
2017,6,5,7,106
2017,6,5,8,161
2017,6,5,9,197
2017,6,5,10,181
2017,6,5,11,196
2017,6,5,12,297
2017,6,5,13,194
2017,6,5,14,197
2017,6,5,15,230
2017,6,5,16,229
2017,6,5,17,202
2017,6,5,18,231
2017,6,5,19,208
2017,6,5,20,226
2017,6,5,21,200
2017,6,5,22,211
2017,6,5,23,163
2017,6,6,0,190
2017,6,6,1,108
2017,6,6,2,94
2017,6,6,3,85
2017,6,6,4,59
2017,6,6,5,41
2017,6,6,6,75
2017,6,6,7,95
2017,6,6,8,132
2017,6,6,9,215
2017,6,6,10,171
2017,6,6,11,166
2017,6,6,12,256
2017,6,6,13,189
2017,6,6,14,229
2017,6,6,15,221
2017,6,6,16,221
2017,6,6,17,218
2017,6,6,18,231
2017,6,6,19,237
2017,6,6,20,208
2017,6,6,21,178
2017,6,6,22,223
2017,6,6,23,206
2017,6,7,0,182
2017,6,7,1,158
2017,6,7,2,127
2017,6,7,3,84
2017,6,7,4,65
2017,6,7,5,55
2017,6,7,6,49
2017,6,7,7,59
2017,6,7,8,81
2017,6,7,9,115
2017,6,7,10,119
2017,6,7,11,128
2017,6,7,12,198
2017,6,7,13,149
2017,6,7,14,164
2017,6,7,15,151
2017,6,7,16,166
2017,6,7,17,197
2017,6,7,18,157
2017,6,7,19,181
2017,6,7,20,153
2017,6,7,21,155
2017,6,7,22,196
2017,6,7,23,165
2017,7,1,0,216
2017,7,1,1,192
2017,7,1,2,193
2017,7,1,3,167
2017,7,1,4,126
2017,7,1,5,84
2017,7,1,6,71
2017,7,1,7,75
2017,7,1,8,81
2017,7,1,9,130
2017,7,1,10,141
2017,7,1,11,176
2017,7,1,12,209
2017,7,1,13,191
2017,7,1,14,163
2017,7,1,15,187
2017,7,1,16,217
2017,7,1,17,195
2017,7,1,18,206
2017,7,1,19,208
2017,7,1,20,205
2017,7,1,21,202
2017,7,1,22,231
2017,7,1,23,209
2017,7,2,0,198
2017,7,2,1,119
2017,7,2,2,102
2017,7,2,3,59
2017,7,2,4,72
2017,7,2,5,61
2017,7,2,6,61
2017,7,2,7,100
2017,7,2,8,144
2017,7,2,9,197
2017,7,2,10,186
2017,7,2,11,178
2017,7,2,12,242
2017,7,2,13,216
2017,7,2,14,216
2017,7,2,15,218
2017,7,2,16,221
2017,7,2,17,214
2017,7,2,18,236
2017,7,2,19,235
2017,7,2,20,220
2017,7,2,21,180
2017,7,2,22,227
2017,7,2,23,166
2017,7,3,0,122
2017,7,3,1,102
2017,7,3,2,84
2017,7,3,3,68
2017,7,3,4,48
2017,7,3,5,44
2017,7,3,6,39
2017,7,3,7,72
2017,7,3,8,96
2017,7,3,9,118
2017,7,3,10,131
2017,7,3,11,140
2017,7,3,12,214
2017,7,3,13,172
2017,7,3,14,171
2017,7,3,15,163
2017,7,3,16,147
2017,7,3,17,152
2017,7,3,18,183
2017,7,3,19,181
2017,7,3,20,181
2017,7,3,21,190
2017,7,3,22,201
2017,7,3,23,188
2017,7,4,0,159
2017,7,4,1,107
2017,7,4,2,94
2017,7,4,3,87
2017,7,4,4,55
2017,7,4,5,39
2017,7,4,6,69
2017,7,4,7,75
2017,7,4,8,111
2017,7,4,9,128
2017,7,4,10,151
2017,7,4,11,148
2017,7,4,12,163
2017,7,4,13,143
2017,7,4,14,156
2017,7,4,15,165
2017,7,4,16,141
2017,7,4,17,179
2017,7,4,18,169
2017,7,4,19,175
2017,7,4,20,151
2017,7,4,21,151
2017,7,4,22,126
2017,7,4,23,130
2017,7,5,0,144
2017,7,5,1,86
2017,7,5,2,76
2017,7,5,3,48
2017,7,5,4,52
2017,7,5,5,42
2017,7,5,6,51
2017,7,5,7,82
2017,7,5,8,101
2017,7,5,9,130
2017,7,5,10,134
2017,7,5,11,136
2017,7,5,12,200
2017,7,5,13,162
2017,7,5,14,158
2017,7,5,15,161
2017,7,5,16,156
2017,7,5,17,188
2017,7,5,18,180
2017,7,5,19,200
2017,7,5,20,184
2017,7,5,21,177
2017,7,5,22,159
2017,7,5,23,145
2017,7,6,0,156
2017,7,6,1,116
2017,7,6,2,83
2017,7,6,3,65
2017,7,6,4,52
2017,7,6,5,44
2017,7,6,6,52
2017,7,6,7,68
2017,7,6,8,97
2017,7,6,9,159
2017,7,6,10,124
2017,7,6,11,135
2017,7,6,12,196
2017,7,6,13,160
2017,7,6,14,148
2017,7,6,15,177
2017,7,6,16,174
2017,7,6,17,156
2017,7,6,18,183
2017,7,6,19,179
2017,7,6,20,174
2017,7,6,21,150
2017,7,6,22,159
2017,7,6,23,158
2017,7,7,0,263
2017,7,7,1,133
2017,7,7,2,139
2017,7,7,3,115
2017,7,7,4,85
2017,7,7,5,67
2017,7,7,6,66
2017,7,7,7,86
2017,7,7,8,125
2017,7,7,9,178
2017,7,7,10,174
2017,7,7,11,189
2017,7,7,12,262
2017,7,7,13,186
2017,7,7,14,199
2017,7,7,15,205
2017,7,7,16,209
2017,7,7,17,193
2017,7,7,18,205
2017,7,7,19,216
2017,7,7,20,228
2017,7,7,21,202
2017,7,7,22,205
2017,7,7,23,209
2017,8,1,0,169
2017,8,1,1,147
2017,8,1,2,154
2017,8,1,3,116
2017,8,1,4,75
2017,8,1,5,78
2017,8,1,6,61
2017,8,1,7,65
2017,8,1,8,81
2017,8,1,9,104
2017,8,1,10,105
2017,8,1,11,124
2017,8,1,12,137
2017,8,1,13,125
2017,8,1,14,149
2017,8,1,15,133
2017,8,1,16,173
2017,8,1,17,164
2017,8,1,18,176
2017,8,1,19,166
2017,8,1,20,178
2017,8,1,21,178
2017,8,1,22,143
2017,8,1,23,126
2017,8,2,0,152
2017,8,2,1,83
2017,8,2,2,63
2017,8,2,3,45
2017,8,2,4,37
2017,8,2,5,43
2017,8,2,6,46
2017,8,2,7,67
2017,8,2,8,91
2017,8,2,9,168
2017,8,2,10,122
2017,8,2,11,145
2017,8,2,12,235
2017,8,2,13,156
2017,8,2,14,144
2017,8,2,15,157
2017,8,2,16,153
2017,8,2,17,188
2017,8,2,18,215
2017,8,2,19,160
2017,8,2,20,140
2017,8,2,21,154
2017,8,2,22,141
2017,8,2,23,127
2017,8,3,0,196
2017,8,3,1,113
2017,8,3,2,86
2017,8,3,3,69
2017,8,3,4,41
2017,8,3,5,51
2017,8,3,6,58
2017,8,3,7,97
2017,8,3,8,145
2017,8,3,9,185
2017,8,3,10,184
2017,8,3,11,182
2017,8,3,12,252
2017,8,3,13,211
2017,8,3,14,200
2017,8,3,15,201
2017,8,3,16,203
2017,8,3,17,255
2017,8,3,18,268
2017,8,3,19,231
2017,8,3,20,221
2017,8,3,21,209
2017,8,3,22,212
2017,8,3,23,160
2017,8,4,0,152
2017,8,4,1,94
2017,8,4,2,81
2017,8,4,3,64
2017,8,4,4,59
2017,8,4,5,50
2017,8,4,6,76
2017,8,4,7,88
2017,8,4,8,121
2017,8,4,9,169
2017,8,4,10,174
2017,8,4,11,191
2017,8,4,12,234
2017,8,4,13,199
2017,8,4,14,216
2017,8,4,15,210
2017,8,4,16,209
2017,8,4,17,244
2017,8,4,18,245
2017,8,4,19,222
2017,8,4,20,199
2017,8,4,21,216
2017,8,4,22,186
2017,8,4,23,175
2017,8,5,0,161
2017,8,5,1,103
2017,8,5,2,87
2017,8,5,3,79
2017,8,5,4,60
2017,8,5,5,57
2017,8,5,6,71
2017,8,5,7,94
2017,8,5,8,142
2017,8,5,9,182
2017,8,5,10,172
2017,8,5,11,171
2017,8,5,12,252
2017,8,5,13,214
2017,8,5,14,178
2017,8,5,15,235
2017,8,5,16,201
2017,8,5,17,239
2017,8,5,18,240
2017,8,5,19,232
2017,8,5,20,229
2017,8,5,21,189
2017,8,5,22,171
2017,8,5,23,186
2017,8,6,0,138
2017,8,6,1,87
2017,8,6,2,62
2017,8,6,3,64
2017,8,6,4,46
2017,8,6,5,43
2017,8,6,6,54
2017,8,6,7,73
2017,8,6,8,131
2017,8,6,9,135
2017,8,6,10,144
2017,8,6,11,147
2017,8,6,12,189
2017,8,6,13,166
2017,8,6,14,169
2017,8,6,15,172
2017,8,6,16,195
2017,8,6,17,203
2017,8,6,18,205
2017,8,6,19,189
2017,8,6,20,182
2017,8,6,21,190
2017,8,6,22,190
2017,8,6,23,149
2017,8,7,0,177
2017,8,7,1,158
2017,8,7,2,111
2017,8,7,3,108
2017,8,7,4,75
2017,8,7,5,56
2017,8,7,6,50
2017,8,7,7,56
2017,8,7,8,83
2017,8,7,9,125
2017,8,7,10,134
2017,8,7,11,138
2017,8,7,12,191
2017,8,7,13,135
2017,8,7,14,181
2017,8,7,15,149
2017,8,7,16,168
2017,8,7,17,162
2017,8,7,18,185
2017,8,7,19,199
2017,8,7,20,200
2017,8,7,21,207
2017,8,7,22,189
2017,8,7,23,177
2017,9,1,0,175
2017,9,1,1,153
2017,9,1,2,142
2017,9,1,3,111
2017,9,1,4,97
2017,9,1,5,75
2017,9,1,6,53
2017,9,1,7,51
2017,9,1,8,84
2017,9,1,9,110
2017,9,1,10,112
2017,9,1,11,138
2017,9,1,12,169
2017,9,1,13,132
2017,9,1,14,156
2017,9,1,15,142
2017,9,1,16,132
2017,9,1,17,158
2017,9,1,18,150
2017,9,1,19,166
2017,9,1,20,151
2017,9,1,21,151
2017,9,1,22,169
2017,9,1,23,143
2017,9,2,0,130
2017,9,2,1,97
2017,9,2,2,70
2017,9,2,3,61
2017,9,2,4,61
2017,9,2,5,44
2017,9,2,6,57
2017,9,2,7,79
2017,9,2,8,123
2017,9,2,9,148
2017,9,2,10,123
2017,9,2,11,147
2017,9,2,12,173
2017,9,2,13,144
2017,9,2,14,165
2017,9,2,15,153
2017,9,2,16,177
2017,9,2,17,167
2017,9,2,18,158
2017,9,2,19,159
2017,9,2,20,154
2017,9,2,21,167
2017,9,2,22,142
2017,9,2,23,102
2017,9,3,0,136
2017,9,3,1,67
2017,9,3,2,47
2017,9,3,3,44
2017,9,3,4,25
2017,9,3,5,30
2017,9,3,6,50
2017,9,3,7,73
2017,9,3,8,121
2017,9,3,9,155
2017,9,3,10,148
2017,9,3,11,152
2017,9,3,12,158
2017,9,3,13,137
2017,9,3,14,146
2017,9,3,15,174
2017,9,3,16,184
2017,9,3,17,144
2017,9,3,18,173
2017,9,3,19,161
2017,9,3,20,184
2017,9,3,21,141
2017,9,3,22,131
2017,9,3,23,108
2017,9,4,0,130
2017,9,4,1,68
2017,9,4,2,64
2017,9,4,3,39
2017,9,4,4,39
2017,9,4,5,34
2017,9,4,6,61
2017,9,4,7,89
2017,9,4,8,134
2017,9,4,9,162
2017,9,4,10,127
2017,9,4,11,126
2017,9,4,12,172
2017,9,4,13,152
2017,9,4,14,161
2017,9,4,15,165
2017,9,4,16,152
2017,9,4,17,172
2017,9,4,18,173
2017,9,4,19,166
2017,9,4,20,154
2017,9,4,21,140
2017,9,4,22,132
2017,9,4,23,95
2017,9,5,0,127
2017,9,5,1,77
2017,9,5,2,56
2017,9,5,3,50
2017,9,5,4,31
2017,9,5,5,42
2017,9,5,6,49
2017,9,5,7,86
2017,9,5,8,123
2017,9,5,9,145
2017,9,5,10,142
2017,9,5,11,144
2017,9,5,12,185
2017,9,5,13,163
2017,9,5,14,143
2017,9,5,15,146
2017,9,5,16,182
2017,9,5,17,187
2017,9,5,18,167
2017,9,5,19,184
2017,9,5,20,150
2017,9,5,21,155
2017,9,5,22,145
2017,9,5,23,108
2017,9,6,0,210
2017,9,6,1,120
2017,9,6,2,87
2017,9,6,3,79
2017,9,6,4,50
2017,9,6,5,51
2017,9,6,6,48
2017,9,6,7,104
2017,9,6,8,173
2017,9,6,9,204
2017,9,6,10,177
2017,9,6,11,175
2017,9,6,12,241
2017,9,6,13,203
2017,9,6,14,179
2017,9,6,15,256
2017,9,6,16,205
2017,9,6,17,201
2017,9,6,18,238
2017,9,6,19,224
2017,9,6,20,244
2017,9,6,21,195
2017,9,6,22,205
2017,9,6,23,170
2017,9,7,0,211
2017,9,7,1,161
2017,9,7,2,146
2017,9,7,3,108
2017,9,7,4,80
2017,9,7,5,78
2017,9,7,6,57
2017,9,7,7,63
2017,9,7,8,102
2017,9,7,9,134
2017,9,7,10,155
2017,9,7,11,191
2017,9,7,12,230
2017,9,7,13,171
2017,9,7,14,196
2017,9,7,15,192
2017,9,7,16,201
2017,9,7,17,201
2017,9,7,18,215
2017,9,7,19,186
2017,9,7,20,214
2017,9,7,21,216
2017,9,7,22,201
2017,9,7,23,201
2017,10,1,0,222
2017,10,1,1,168
2017,10,1,2,141
2017,10,1,3,130
2017,10,1,4,106
2017,10,1,5,53
2017,10,1,6,62
2017,10,1,7,64
2017,10,1,8,98
2017,10,1,9,145
2017,10,1,10,139
2017,10,1,11,149
2017,10,1,12,216
2017,10,1,13,162
2017,10,1,14,179
2017,10,1,15,178
2017,10,1,16,204
2017,10,1,17,174
2017,10,1,18,195
2017,10,1,19,193
2017,10,1,20,187
2017,10,1,21,189
2017,10,1,22,158
2017,10,1,23,134
2017,10,2,0,138
2017,10,2,1,73
2017,10,2,2,60
2017,10,2,3,60
2017,10,2,4,51
2017,10,2,5,53
2017,10,2,6,64
2017,10,2,7,100
2017,10,2,8,129
2017,10,2,9,166
2017,10,2,10,196
2017,10,2,11,173
2017,10,2,12,252
2017,10,2,13,176
2017,10,2,14,195
2017,10,2,15,225
2017,10,2,16,224
2017,10,2,17,210
2017,10,2,18,242
2017,10,2,19,219
2017,10,2,20,216
2017,10,2,21,177
2017,10,2,22,184
2017,10,2,23,127
2017,10,3,0,151
2017,10,3,1,80
2017,10,3,2,77
2017,10,3,3,44
2017,10,3,4,45
2017,10,3,5,38
2017,10,3,6,53
2017,10,3,7,87
2017,10,3,8,161
2017,10,3,9,198
2017,10,3,10,175
2017,10,3,11,167
2017,10,3,12,223
2017,10,3,13,172
2017,10,3,14,193
2017,10,3,15,209
2017,10,3,16,225
2017,10,3,17,214
2017,10,3,18,222
2017,10,3,19,198
2017,10,3,20,184
2017,10,3,21,191
2017,10,3,22,168
2017,10,3,23,134
2017,10,4,0,111
2017,10,4,1,59
2017,10,4,2,52
2017,10,4,3,37
2017,10,4,4,24
2017,10,4,5,30
2017,10,4,6,52
2017,10,4,7,78
2017,10,4,8,124
2017,10,4,9,142
2017,10,4,10,142
2017,10,4,11,126
2017,10,4,12,190
2017,10,4,13,157
2017,10,4,14,151
2017,10,4,15,176
2017,10,4,16,149
2017,10,4,17,161
2017,10,4,18,179
2017,10,4,19,170
2017,10,4,20,164
2017,10,4,21,127
2017,10,4,22,133
2017,10,4,23,114
2017,10,5,0,95
2017,10,5,1,74
2017,10,5,2,55
2017,10,5,3,47
2017,10,5,4,44
2017,10,5,5,52
2017,10,5,6,55
2017,10,5,7,69
2017,10,5,8,95
2017,10,5,9,142
2017,10,5,10,152
2017,10,5,11,141
2017,10,5,12,196
2017,10,5,13,163
2017,10,5,14,167
2017,10,5,15,159
2017,10,5,16,190
2017,10,5,17,164
2017,10,5,18,196
2017,10,5,19,176
2017,10,5,20,178
2017,10,5,21,161
2017,10,5,22,159
2017,10,5,23,111
2017,10,6,0,122
2017,10,6,1,89
2017,10,6,2,47
2017,10,6,3,49
2017,10,6,4,50
2017,10,6,5,45
2017,10,6,6,64
2017,10,6,7,70
2017,10,6,8,97
2017,10,6,9,159
2017,10,6,10,146
2017,10,6,11,132
2017,10,6,12,173
2017,10,6,13,125
2017,10,6,14,173
2017,10,6,15,235
2017,10,6,16,205
2017,10,6,17,178
2017,10,6,18,209
2017,10,6,19,160
2017,10,6,20,169
2017,10,6,21,184
2017,10,6,22,146
2017,10,6,23,160
2017,10,7,0,188
2017,10,7,1,126
2017,10,7,2,104
2017,10,7,3,85
2017,10,7,4,62
2017,10,7,5,52
2017,10,7,6,53
2017,10,7,7,52
2017,10,7,8,76
2017,10,7,9,112
2017,10,7,10,95
2017,10,7,11,139
2017,10,7,12,164
2017,10,7,13,112
2017,10,7,14,171
2017,10,7,15,148
2017,10,7,16,154
2017,10,7,17,158
2017,10,7,18,147
2017,10,7,19,174
2017,10,7,20,129
2017,10,7,21,119
2017,10,7,22,137
2017,10,7,23,134
2017,11,1,0,135
2017,11,1,1,134
2017,11,1,2,128
2017,11,1,3,94
2017,11,1,4,70
2017,11,1,5,52
2017,11,1,6,48
2017,11,1,7,54
2017,11,1,8,70
2017,11,1,9,121
2017,11,1,10,108
2017,11,1,11,121
2017,11,1,12,143
2017,11,1,13,115
2017,11,1,14,111
2017,11,1,15,144
2017,11,1,16,153
2017,11,1,17,164
2017,11,1,18,149
2017,11,1,19,166
2017,11,1,20,158
2017,11,1,21,128
2017,11,1,22,131
2017,11,1,23,98
2017,11,2,0,122
2017,11,2,1,56
2017,11,2,2,38
2017,11,2,3,40
2017,11,2,4,46
2017,11,2,5,41
2017,11,2,6,45
2017,11,2,7,92
2017,11,2,8,158
2017,11,2,9,167
2017,11,2,10,170
2017,11,2,11,148
2017,11,2,12,166
2017,11,2,13,171
2017,11,2,14,155
2017,11,2,15,167
2017,11,2,16,170
2017,11,2,17,166
2017,11,2,18,174
2017,11,2,19,175
2017,11,2,20,155
2017,11,2,21,138
2017,11,2,22,125
2017,11,2,23,86
2017,11,3,0,93
2017,11,3,1,51
2017,11,3,2,40
2017,11,3,3,37
2017,11,3,4,34
2017,11,3,5,31
2017,11,3,6,51
2017,11,3,7,79
2017,11,3,8,103
2017,11,3,9,114
2017,11,3,10,121
2017,11,3,11,164
2017,11,3,12,173
2017,11,3,13,156
2017,11,3,14,160
2017,11,3,15,204
2017,11,3,16,164
2017,11,3,17,177
2017,11,3,18,173
2017,11,3,19,160
2017,11,3,20,171
2017,11,3,21,136
2017,11,3,22,135
2017,11,3,23,108
2017,11,4,0,190
2017,11,4,1,69
2017,11,4,2,73
2017,11,4,3,47
2017,11,4,4,44
2017,11,4,5,46
2017,11,4,6,78
2017,11,4,7,98
2017,11,4,8,158
2017,11,4,9,183
2017,11,4,10,161
2017,11,4,11,163
2017,11,4,12,257
2017,11,4,13,195
2017,11,4,14,190
2017,11,4,15,238
2017,11,4,16,210
2017,11,4,17,221
2017,11,4,18,231
2017,11,4,19,228
2017,11,4,20,206
2017,11,4,21,154
2017,11,4,22,155
2017,11,4,23,130
2017,11,5,0,134
2017,11,5,1,93
2017,11,5,2,83
2017,11,5,3,53
2017,11,5,4,47
2017,11,5,5,42
2017,11,5,6,59
2017,11,5,7,100
2017,11,5,8,139
2017,11,5,9,166
2017,11,5,10,149
2017,11,5,11,180
2017,11,5,12,218
2017,11,5,13,176
2017,11,5,14,201
2017,11,5,15,176
2017,11,5,16,182
2017,11,5,17,219
2017,11,5,18,211
2017,11,5,19,187
2017,11,5,20,176
2017,11,5,21,165
2017,11,5,22,154
2017,11,5,23,129
2017,11,6,0,119
2017,11,6,1,88
2017,11,6,2,70
2017,11,6,3,49
2017,11,6,4,23
2017,11,6,5,33
2017,11,6,6,48
2017,11,6,7,71
2017,11,6,8,108
2017,11,6,9,134
2017,11,6,10,147
2017,11,6,11,124
2017,11,6,12,198
2017,11,6,13,137
2017,11,6,14,152
2017,11,6,15,151
2017,11,6,16,184
2017,11,6,17,179
2017,11,6,18,175
2017,11,6,19,163
2017,11,6,20,164
2017,11,6,21,134
2017,11,6,22,135
2017,11,6,23,105
2017,11,7,0,138
2017,11,7,1,115
2017,11,7,2,109
2017,11,7,3,94
2017,11,7,4,68
2017,11,7,5,49
2017,11,7,6,41
2017,11,7,7,63
2017,11,7,8,70
2017,11,7,9,96
2017,11,7,10,120
2017,11,7,11,136
2017,11,7,12,173
2017,11,7,13,135
2017,11,7,14,137
2017,11,7,15,139
2017,11,7,16,160
2017,11,7,17,125
2017,11,7,18,167
2017,11,7,19,153
2017,11,7,20,144
2017,11,7,21,159
2017,11,7,22,149
2017,11,7,23,117
2017,12,1,0,153
2017,12,1,1,129
2017,12,1,2,127
2017,12,1,3,114
2017,12,1,4,68
2017,12,1,5,43
2017,12,1,6,49
2017,12,1,7,60
2017,12,1,8,83
2017,12,1,9,120
2017,12,1,10,137
2017,12,1,11,122
2017,12,1,12,173
2017,12,1,13,140
2017,12,1,14,156
2017,12,1,15,163
2017,12,1,16,144
2017,12,1,17,184
2017,12,1,18,177
2017,12,1,19,182
2017,12,1,20,165
2017,12,1,21,150
2017,12,1,22,142
2017,12,1,23,134
2017,12,2,0,132
2017,12,2,1,59
2017,12,2,2,62
2017,12,2,3,35
2017,12,2,4,39
2017,12,2,5,27
2017,12,2,6,43
2017,12,2,7,66
2017,12,2,8,96
2017,12,2,9,145
2017,12,2,10,161
2017,12,2,11,134
2017,12,2,12,169
2017,12,2,13,136
2017,12,2,14,163
2017,12,2,15,151
2017,12,2,16,129
2017,12,2,17,161
2017,12,2,18,153
2017,12,2,19,141
2017,12,2,20,122
2017,12,2,21,132
2017,12,2,22,118
2017,12,2,23,96
2017,12,3,0,108
2017,12,3,1,53
2017,12,3,2,53
2017,12,3,3,27
2017,12,3,4,32
2017,12,3,5,41
2017,12,3,6,39
2017,12,3,7,79
2017,12,3,8,115
2017,12,3,9,134
2017,12,3,10,125
2017,12,3,11,137
2017,12,3,12,179
2017,12,3,13,136
2017,12,3,14,154
2017,12,3,15,171
2017,12,3,16,159
2017,12,3,17,157
2017,12,3,18,177
2017,12,3,19,158
2017,12,3,20,123
2017,12,3,21,136
2017,12,3,22,112
2017,12,3,23,84
2017,12,4,0,82
2017,12,4,1,53
2017,12,4,2,43
2017,12,4,3,35
2017,12,4,4,26
2017,12,4,5,28
2017,12,4,6,52
2017,12,4,7,74
2017,12,4,8,118
2017,12,4,9,141
2017,12,4,10,130
2017,12,4,11,135
2017,12,4,12,178
2017,12,4,13,148
2017,12,4,14,137
2017,12,4,15,168
2017,12,4,16,137
2017,12,4,17,160
2017,12,4,18,174
2017,12,4,19,161
2017,12,4,20,123
2017,12,4,21,120
2017,12,4,22,124
2017,12,4,23,91
2017,12,5,0,98
2017,12,5,1,68
2017,12,5,2,38
2017,12,5,3,38
2017,12,5,4,32
2017,12,5,5,48
2017,12,5,6,43
2017,12,5,7,71
2017,12,5,8,100
2017,12,5,9,140
2017,12,5,10,125
2017,12,5,11,137
2017,12,5,12,192
2017,12,5,13,142
2017,12,5,14,163
2017,12,5,15,158
2017,12,5,16,139
2017,12,5,17,149
2017,12,5,18,163
2017,12,5,19,166
2017,12,5,20,162
2017,12,5,21,120
2017,12,5,22,104
2017,12,5,23,95
2017,12,6,0,189
2017,12,6,1,83
2017,12,6,2,69
2017,12,6,3,49
2017,12,6,4,58
2017,12,6,5,54
2017,12,6,6,77
2017,12,6,7,97
2017,12,6,8,173
2017,12,6,9,172
2017,12,6,10,149
2017,12,6,11,164
2017,12,6,12,260
2017,12,6,13,179
2017,12,6,14,199
2017,12,6,15,222
2017,12,6,16,211
2017,12,6,17,227
2017,12,6,18,240
2017,12,6,19,201
2017,12,6,20,209
2017,12,6,21,163
2017,12,6,22,163
2017,12,6,23,176
2017,12,7,0,183
2017,12,7,1,134
2017,12,7,2,130
2017,12,7,3,81
2017,12,7,4,81
2017,12,7,5,53
2017,12,7,6,86
2017,12,7,7,61
2017,12,7,8,104
2017,12,7,9,127
2017,12,7,10,152
2017,12,7,11,180
2017,12,7,12,211
2017,12,7,13,203
2017,12,7,14,187
2017,12,7,15,179
2017,12,7,16,175
2017,12,7,17,203
2017,12,7,18,189
2017,12,7,19,178
2017,12,7,20,204
2017,12,7,21,137
2017,12,7,22,156
2017,12,7,23,131
2018,1,1,0,128
2018,1,1,1,114
2018,1,1,2,97
2018,1,1,3,98
2018,1,1,4,73
2018,1,1,5,56
2018,1,1,6,36
2018,1,1,7,46
2018,1,1,8,65
2018,1,1,9,94
2018,1,1,10,89
2018,1,1,11,99
2018,1,1,12,131
2018,1,1,13,115
2018,1,1,14,125
2018,1,1,15,126
2018,1,1,16,121
2018,1,1,17,151
2018,1,1,18,122
2018,1,1,19,136
2018,1,1,20,143
2018,1,1,21,123
2018,1,1,22,114
2018,1,1,23,87
2018,1,2,0,415
2018,1,2,1,109
2018,1,2,2,76
2018,1,2,3,52
2018,1,2,4,58
2018,1,2,5,61
2018,1,2,6,57
2018,1,2,7,79
2018,1,2,8,118
2018,1,2,9,184
2018,1,2,10,172
2018,1,2,11,151
2018,1,2,12,238
2018,1,2,13,149
2018,1,2,14,174
2018,1,2,15,197
2018,1,2,16,159
2018,1,2,17,155
2018,1,2,18,198
2018,1,2,19,185
2018,1,2,20,161
2018,1,2,21,142
2018,1,2,22,119
2018,1,2,23,105
2018,1,3,0,125
2018,1,3,1,65
2018,1,3,2,48
2018,1,3,3,35
2018,1,3,4,38
2018,1,3,5,42
2018,1,3,6,68
2018,1,3,7,90
2018,1,3,8,117
2018,1,3,9,158
2018,1,3,10,148
2018,1,3,11,140
2018,1,3,12,214
2018,1,3,13,150
2018,1,3,14,201
2018,1,3,15,195
2018,1,3,16,184
2018,1,3,17,191
2018,1,3,18,221
2018,1,3,19,217
2018,1,3,20,146
2018,1,3,21,133
2018,1,3,22,141
2018,1,3,23,117
2018,1,4,0,123
2018,1,4,1,52
2018,1,4,2,55
2018,1,4,3,33
2018,1,4,4,27
2018,1,4,5,39
2018,1,4,6,54
2018,1,4,7,99
2018,1,4,8,120
2018,1,4,9,177
2018,1,4,10,145
2018,1,4,11,173
2018,1,4,12,222
2018,1,4,13,181
2018,1,4,14,170
2018,1,4,15,223
2018,1,4,16,154
2018,1,4,17,210
2018,1,4,18,227
2018,1,4,19,183
2018,1,4,20,185
2018,1,4,21,150
2018,1,4,22,179
2018,1,4,23,86
2018,1,5,0,95
2018,1,5,1,44
2018,1,5,2,41
2018,1,5,3,43
2018,1,5,4,33
2018,1,5,5,46
2018,1,5,6,46
2018,1,5,7,61
2018,1,5,8,93
2018,1,5,9,109
2018,1,5,10,118
2018,1,5,11,136
2018,1,5,12,180
2018,1,5,13,148
2018,1,5,14,135
2018,1,5,15,154
2018,1,5,16,149
2018,1,5,17,136
2018,1,5,18,173
2018,1,5,19,165
2018,1,5,20,138
2018,1,5,21,125
2018,1,5,22,105
2018,1,5,23,97
2018,1,6,0,104
2018,1,6,1,67
2018,1,6,2,42
2018,1,6,3,33
2018,1,6,4,37
2018,1,6,5,35
2018,1,6,6,40
2018,1,6,7,63
2018,1,6,8,107
2018,1,6,9,132
2018,1,6,10,139
2018,1,6,11,154
2018,1,6,12,184
2018,1,6,13,168
2018,1,6,14,158
2018,1,6,15,164
2018,1,6,16,142
2018,1,6,17,162
2018,1,6,18,185
2018,1,6,19,185
2018,1,6,20,132
2018,1,6,21,150
2018,1,6,22,145
2018,1,6,23,117
2018,1,7,0,127
2018,1,7,1,72
2018,1,7,2,89
2018,1,7,3,88
2018,1,7,4,51
2018,1,7,5,39
2018,1,7,6,42
2018,1,7,7,54
2018,1,7,8,70
2018,1,7,9,123
2018,1,7,10,110
2018,1,7,11,135
2018,1,7,12,146
2018,1,7,13,121
2018,1,7,14,139
2018,1,7,15,145
2018,1,7,16,119
2018,1,7,17,154
2018,1,7,18,167
2018,1,7,19,150
2018,1,7,20,161
2018,1,7,21,130
2018,1,7,22,139
2018,1,7,23,117
2018,2,1,0,120
2018,2,1,1,98
2018,2,1,2,94
2018,2,1,3,83
2018,2,1,4,61
2018,2,1,5,63
2018,2,1,6,47
2018,2,1,7,32
2018,2,1,8,64
2018,2,1,9,82
2018,2,1,10,91
2018,2,1,11,102
2018,2,1,12,135
2018,2,1,13,102
2018,2,1,14,118
2018,2,1,15,125
2018,2,1,16,94
2018,2,1,17,127
2018,2,1,18,101
2018,2,1,19,131
2018,2,1,20,108
2018,2,1,21,106
2018,2,1,22,117
2018,2,1,23,94
2018,2,2,0,92
2018,2,2,1,68
2018,2,2,2,47
2018,2,2,3,27
2018,2,2,4,26
2018,2,2,5,38
2018,2,2,6,49
2018,2,2,7,60
2018,2,2,8,89
2018,2,2,9,142
2018,2,2,10,113
2018,2,2,11,103
2018,2,2,12,154
2018,2,2,13,129
2018,2,2,14,119
2018,2,2,15,153
2018,2,2,16,149
2018,2,2,17,134
2018,2,2,18,128
2018,2,2,19,155
2018,2,2,20,127
2018,2,2,21,90
2018,2,2,22,102
2018,2,2,23,71
2018,2,3,0,94
2018,2,3,1,48
2018,2,3,2,38
2018,2,3,3,38
2018,2,3,4,36
2018,2,3,5,34
2018,2,3,6,48
2018,2,3,7,78
2018,2,3,8,113
2018,2,3,9,130
2018,2,3,10,149
2018,2,3,11,138
2018,2,3,12,187
2018,2,3,13,142
2018,2,3,14,125
2018,2,3,15,142
2018,2,3,16,143
2018,2,3,17,165
2018,2,3,18,132
2018,2,3,19,161
2018,2,3,20,120
2018,2,3,21,117
2018,2,3,22,105
2018,2,3,23,89
2018,2,4,0,117
2018,2,4,1,47
2018,2,4,2,32
2018,2,4,3,51
2018,2,4,4,22
2018,2,4,5,32
2018,2,4,6,42
2018,2,4,7,66
2018,2,4,8,103
2018,2,4,9,151
2018,2,4,10,128
2018,2,4,11,104
2018,2,4,12,154
2018,2,4,13,133
2018,2,4,14,147
2018,2,4,15,164
2018,2,4,16,141
2018,2,4,17,148
2018,2,4,18,151
2018,2,4,19,135
2018,2,4,20,142
2018,2,4,21,109
2018,2,4,22,99
2018,2,4,23,74
2018,2,5,0,150
2018,2,5,1,52
2018,2,5,2,37
2018,2,5,3,34
2018,2,5,4,32
2018,2,5,5,36
2018,2,5,6,54
2018,2,5,7,74
2018,2,5,8,131
2018,2,5,9,156
2018,2,5,10,156
2018,2,5,11,123
2018,2,5,12,182
2018,2,5,13,113
2018,2,5,14,156
2018,2,5,15,147
2018,2,5,16,166
2018,2,5,17,144
2018,2,5,18,150
2018,2,5,19,142
2018,2,5,20,135
2018,2,5,21,108
2018,2,5,22,107
2018,2,5,23,91
2018,2,6,0,98
2018,2,6,1,66
2018,2,6,2,40
2018,2,6,3,42
2018,2,6,4,26
2018,2,6,5,33
2018,2,6,6,43
2018,2,6,7,57
2018,2,6,8,119
2018,2,6,9,127
2018,2,6,10,127
2018,2,6,11,128
2018,2,6,12,163
2018,2,6,13,127
2018,2,6,14,143
2018,2,6,15,142
2018,2,6,16,142
2018,2,6,17,127
2018,2,6,18,148
2018,2,6,19,159
2018,2,6,20,111
2018,2,6,21,129
2018,2,6,22,116
2018,2,6,23,101
2018,2,7,0,121
2018,2,7,1,106
2018,2,7,2,91
2018,2,7,3,80
2018,2,7,4,57
2018,2,7,5,43
2018,2,7,6,36
2018,2,7,7,45
2018,2,7,8,66
2018,2,7,9,120
2018,2,7,10,97
2018,2,7,11,109
2018,2,7,12,134
2018,2,7,13,103
2018,2,7,14,126
2018,2,7,15,140
2018,2,7,16,125
2018,2,7,17,123
2018,2,7,18,144
2018,2,7,19,120
2018,2,7,20,128
2018,2,7,21,132
2018,2,7,22,90
2018,2,7,23,113
2018,3,1,0,126
2018,3,1,1,112
2018,3,1,2,92
2018,3,1,3,105
2018,3,1,4,72
2018,3,1,5,64
2018,3,1,6,69
2018,3,1,7,53
2018,3,1,8,62
2018,3,1,9,91
2018,3,1,10,99
2018,3,1,11,118
2018,3,1,12,148
2018,3,1,13,117
2018,3,1,14,127
2018,3,1,15,117
2018,3,1,16,142
2018,3,1,17,147
2018,3,1,18,135
2018,3,1,19,140
2018,3,1,20,134
2018,3,1,21,142
2018,3,1,22,113
2018,3,1,23,111
2018,3,2,0,130
2018,3,2,1,67
2018,3,2,2,46
2018,3,2,3,46
2018,3,2,4,40
2018,3,2,5,39
2018,3,2,6,53
2018,3,2,7,66
2018,3,2,8,120
2018,3,2,9,157
2018,3,2,10,119
2018,3,2,11,137
2018,3,2,12,200
2018,3,2,13,122
2018,3,2,14,134
2018,3,2,15,150
2018,3,2,16,145
2018,3,2,17,164
2018,3,2,18,149
2018,3,2,19,142
2018,3,2,20,113
2018,3,2,21,142
2018,3,2,22,125
2018,3,2,23,78
2018,3,3,0,92
2018,3,3,1,48
2018,3,3,2,40
2018,3,3,3,29
2018,3,3,4,29
2018,3,3,5,26
2018,3,3,6,50
2018,3,3,7,76
2018,3,3,8,101
2018,3,3,9,147
2018,3,3,10,136
2018,3,3,11,157
2018,3,3,12,186
2018,3,3,13,148
2018,3,3,14,158
2018,3,3,15,167
2018,3,3,16,171
2018,3,3,17,164
2018,3,3,18,176
2018,3,3,19,120
2018,3,3,20,145
2018,3,3,21,128
2018,3,3,22,99
2018,3,3,23,86
2018,3,4,0,113
2018,3,4,1,68
2018,3,4,2,38
2018,3,4,3,23
2018,3,4,4,27
2018,3,4,5,28
2018,3,4,6,38
2018,3,4,7,76
2018,3,4,8,114
2018,3,4,9,126
2018,3,4,10,130
2018,3,4,11,121
2018,3,4,12,189
2018,3,4,13,150
2018,3,4,14,157
2018,3,4,15,165
2018,3,4,16,180
2018,3,4,17,153
2018,3,4,18,166
2018,3,4,19,168
2018,3,4,20,145
2018,3,4,21,125
2018,3,4,22,111
2018,3,4,23,89
2018,3,5,0,193
2018,3,5,1,77
2018,3,5,2,59
2018,3,5,3,46
2018,3,5,4,37
2018,3,5,5,43
2018,3,5,6,52
2018,3,5,7,93
2018,3,5,8,159
2018,3,5,9,202
2018,3,5,10,171
2018,3,5,11,172
2018,3,5,12,268
2018,3,5,13,167
2018,3,5,14,181
2018,3,5,15,224
2018,3,5,16,181
2018,3,5,17,170
2018,3,5,18,226
2018,3,5,19,179
2018,3,5,20,171
2018,3,5,21,157
2018,3,5,22,136
2018,3,5,23,126
2018,3,6,0,131
2018,3,6,1,87
2018,3,6,2,69
2018,3,6,3,52
2018,3,6,4,59
2018,3,6,5,47
2018,3,6,6,71
2018,3,6,7,80
2018,3,6,8,128
2018,3,6,9,192
2018,3,6,10,192
2018,3,6,11,192
2018,3,6,12,235
2018,3,6,13,184
2018,3,6,14,194
2018,3,6,15,207
2018,3,6,16,192
2018,3,6,17,211
2018,3,6,18,197
2018,3,6,19,223
2018,3,6,20,179
2018,3,6,21,150
2018,3,6,22,171
2018,3,6,23,154
2018,3,7,0,203
2018,3,7,1,137
2018,3,7,2,116
2018,3,7,3,107
2018,3,7,4,67
2018,3,7,5,57
2018,3,7,6,55
2018,3,7,7,85
2018,3,7,8,82
2018,3,7,9,140
2018,3,7,10,159
2018,3,7,11,156
2018,3,7,12,170
2018,3,7,13,173
2018,3,7,14,165
2018,3,7,15,205
2018,3,7,16,171
2018,3,7,17,193
2018,3,7,18,163
2018,3,7,19,184
2018,3,7,20,186
2018,3,7,21,158
2018,3,7,22,160
2018,3,7,23,174
2018,4,1,0,200
2018,4,1,1,142
2018,4,1,2,151
2018,4,1,3,120
2018,4,1,4,82
2018,4,1,5,67
2018,4,1,6,59
2018,4,1,7,69
2018,4,1,8,92
2018,4,1,9,148
2018,4,1,10,151
2018,4,1,11,120
2018,4,1,12,194
2018,4,1,13,149
2018,4,1,14,189
2018,4,1,15,164
2018,4,1,16,163
2018,4,1,17,178
2018,4,1,18,167
2018,4,1,19,193
2018,4,1,20,181
2018,4,1,21,147
2018,4,1,22,146
2018,4,1,23,114
2018,4,2,0,163
2018,4,2,1,95
2018,4,2,2,59
2018,4,2,3,53
2018,4,2,4,53
2018,4,2,5,26
2018,4,2,6,74
2018,4,2,7,113
2018,4,2,8,158
2018,4,2,9,216
2018,4,2,10,159
2018,4,2,11,194
2018,4,2,12,228
2018,4,2,13,187
2018,4,2,14,188
2018,4,2,15,185
2018,4,2,16,215
2018,4,2,17,194
2018,4,2,18,207
2018,4,2,19,198
2018,4,2,20,188
2018,4,2,21,151
2018,4,2,22,141
2018,4,2,23,132
2018,4,3,0,96
2018,4,3,1,58
2018,4,3,2,42
2018,4,3,3,34
2018,4,3,4,37
2018,4,3,5,30
2018,4,3,6,66
2018,4,3,7,82
2018,4,3,8,112
2018,4,3,9,133
2018,4,3,10,122
2018,4,3,11,139
2018,4,3,12,174
2018,4,3,13,168
2018,4,3,14,145
2018,4,3,15,149
2018,4,3,16,176
2018,4,3,17,159
2018,4,3,18,154
2018,4,3,19,167
2018,4,3,20,146
2018,4,3,21,130
2018,4,3,22,121
2018,4,3,23,92
2018,4,4,0,114
2018,4,4,1,66
2018,4,4,2,44
2018,4,4,3,33
2018,4,4,4,30
2018,4,4,5,36
2018,4,4,6,52
2018,4,4,7,82
2018,4,4,8,121
2018,4,4,9,152
2018,4,4,10,134
2018,4,4,11,134
2018,4,4,12,164
2018,4,4,13,151
2018,4,4,14,155
2018,4,4,15,196
2018,4,4,16,150
2018,4,4,17,157
2018,4,4,18,178
2018,4,4,19,174
2018,4,4,20,154
2018,4,4,21,143
2018,4,4,22,122
2018,4,4,23,107
2018,4,5,0,114
2018,4,5,1,51
2018,4,5,2,48
2018,4,5,3,48
2018,4,5,4,36
2018,4,5,5,30
2018,4,5,6,47
2018,4,5,7,65
2018,4,5,8,124
2018,4,5,9,130
2018,4,5,10,135
2018,4,5,11,142
2018,4,5,12,190
2018,4,5,13,157
2018,4,5,14,152
2018,4,5,15,193
2018,4,5,16,178
2018,4,5,17,174
2018,4,5,18,191
2018,4,5,19,150
2018,4,5,20,150
2018,4,5,21,144
2018,4,5,22,140
2018,4,5,23,91
2018,4,6,0,140
2018,4,6,1,89
2018,4,6,2,61
2018,4,6,3,37
2018,4,6,4,44
2018,4,6,5,43
2018,4,6,6,62
2018,4,6,7,84
2018,4,6,8,118
2018,4,6,9,139
2018,4,6,10,165
2018,4,6,11,150
2018,4,6,12,218
2018,4,6,13,143
2018,4,6,14,154
2018,4,6,15,179
2018,4,6,16,166
2018,4,6,17,166
2018,4,6,18,191
2018,4,6,19,169
2018,4,6,20,135
2018,4,6,21,144
2018,4,6,22,141
2018,4,6,23,116
2018,4,7,0,131
2018,4,7,1,97
2018,4,7,2,71
2018,4,7,3,77
2018,4,7,4,46
2018,4,7,5,52
2018,4,7,6,46
2018,4,7,7,58
2018,4,7,8,94
2018,4,7,9,103
2018,4,7,10,116
2018,4,7,11,128
2018,4,7,12,154
2018,4,7,13,139
2018,4,7,14,139
2018,4,7,15,139
2018,4,7,16,140
2018,4,7,17,142
2018,4,7,18,154
2018,4,7,19,161
2018,4,7,20,127
2018,4,7,21,114
2018,4,7,22,118
2018,4,7,23,134
2018,5,1,0,182
2018,5,1,1,139
2018,5,1,2,148
2018,5,1,3,98
2018,5,1,4,75
2018,5,1,5,65
2018,5,1,6,35
2018,5,1,7,53
2018,5,1,8,77
2018,5,1,9,114
2018,5,1,10,113
2018,5,1,11,144
2018,5,1,12,154
2018,5,1,13,120
2018,5,1,14,165
2018,5,1,15,152
2018,5,1,16,124
2018,5,1,17,168
2018,5,1,18,164
2018,5,1,19,169
2018,5,1,20,139
2018,5,1,21,151
2018,5,1,22,160
2018,5,1,23,145
2018,5,2,0,160
2018,5,2,1,100
2018,5,2,2,81
2018,5,2,3,49
2018,5,2,4,45
2018,5,2,5,36
2018,5,2,6,64
2018,5,2,7,77
2018,5,2,8,119
2018,5,2,9,141
2018,5,2,10,151
2018,5,2,11,132
2018,5,2,12,192
2018,5,2,13,182
2018,5,2,14,180
2018,5,2,15,182
2018,5,2,16,177
2018,5,2,17,169
2018,5,2,18,178
2018,5,2,19,187
2018,5,2,20,173
2018,5,2,21,149
2018,5,2,22,149
2018,5,2,23,122
2018,5,3,0,220
2018,5,3,1,108
2018,5,3,2,76
2018,5,3,3,61
2018,5,3,4,53
2018,5,3,5,49
2018,5,3,6,67
2018,5,3,7,129
2018,5,3,8,186
2018,5,3,9,221
2018,5,3,10,181
2018,5,3,11,209
2018,5,3,12,275
2018,5,3,13,214
2018,5,3,14,198
2018,5,3,15,249
2018,5,3,16,235
2018,5,3,17,247
2018,5,3,18,226
2018,5,3,19,232
2018,5,3,20,218
2018,5,3,21,226
2018,5,3,22,190
2018,5,3,23,166
2018,5,4,0,167
2018,5,4,1,87
2018,5,4,2,75
2018,5,4,3,65
2018,5,4,4,52
2018,5,4,5,54
2018,5,4,6,73
2018,5,4,7,114
2018,5,4,8,155
2018,5,4,9,196
2018,5,4,10,157
2018,5,4,11,182
2018,5,4,12,268
2018,5,4,13,221
2018,5,4,14,224
2018,5,4,15,231
2018,5,4,16,240
2018,5,4,17,239
2018,5,4,18,245
2018,5,4,19,180
2018,5,4,20,213
2018,5,4,21,194
2018,5,4,22,187
2018,5,4,23,149
2018,5,5,0,139
2018,5,5,1,97
2018,5,5,2,86
2018,5,5,3,78
2018,5,5,4,42
2018,5,5,5,51
2018,5,5,6,68
2018,5,5,7,100
2018,5,5,8,156
2018,5,5,9,195
2018,5,5,10,229
2018,5,5,11,197
2018,5,5,12,279
2018,5,5,13,191
2018,5,5,14,222
2018,5,5,15,241
2018,5,5,16,231
2018,5,5,17,218
2018,5,5,18,215
2018,5,5,19,203
2018,5,5,20,216
2018,5,5,21,190
2018,5,5,22,195
2018,5,5,23,143
2018,5,6,0,122
2018,5,6,1,82
2018,5,6,2,63
2018,5,6,3,57
2018,5,6,4,48
2018,5,6,5,37
2018,5,6,6,60
2018,5,6,7,68
2018,5,6,8,130
2018,5,6,9,151
2018,5,6,10,149
2018,5,6,11,153
2018,5,6,12,209
2018,5,6,13,154
2018,5,6,14,176
2018,5,6,15,169
2018,5,6,16,179
2018,5,6,17,178
2018,5,6,18,196
2018,5,6,19,183
2018,5,6,20,143
2018,5,6,21,157
2018,5,6,22,155
2018,5,6,23,131
2018,5,7,0,180
2018,5,7,1,102
2018,5,7,2,124
2018,5,7,3,108
2018,5,7,4,65
2018,5,7,5,59
2018,5,7,6,59
2018,5,7,7,73
2018,5,7,8,90
2018,5,7,9,138
2018,5,7,10,118
2018,5,7,11,136
2018,5,7,12,166
2018,5,7,13,167
2018,5,7,14,172
2018,5,7,15,135
2018,5,7,16,136
2018,5,7,17,163
2018,5,7,18,177
2018,5,7,19,175
2018,5,7,20,164
2018,5,7,21,155
2018,5,7,22,147
2018,5,7,23,159
2018,6,1,0,163
2018,6,1,1,172
2018,6,1,2,146
2018,6,1,3,125
2018,6,1,4,93
2018,6,1,5,77
2018,6,1,6,76
2018,6,1,7,74
2018,6,1,8,91
2018,6,1,9,110
2018,6,1,10,122
2018,6,1,11,122
2018,6,1,12,152
2018,6,1,13,135
2018,6,1,14,129
2018,6,1,15,156
2018,6,1,16,161
2018,6,1,17,167
2018,6,1,18,170
2018,6,1,19,164
2018,6,1,20,172
2018,6,1,21,180
2018,6,1,22,174
2018,6,1,23,134
2018,6,2,0,152
2018,6,2,1,95
2018,6,2,2,86
2018,6,2,3,59
2018,6,2,4,60
2018,6,2,5,52
2018,6,2,6,61
2018,6,2,7,80
2018,6,2,8,136
2018,6,2,9,177
2018,6,2,10,149
2018,6,2,11,162
2018,6,2,12,194
2018,6,2,13,153
2018,6,2,14,188
2018,6,2,15,174
2018,6,2,16,170
2018,6,2,17,178
2018,6,2,18,175
2018,6,2,19,173
2018,6,2,20,160
2018,6,2,21,129
2018,6,2,22,154
2018,6,2,23,124
2018,6,3,0,125
2018,6,3,1,83
2018,6,3,2,56
2018,6,3,3,46
2018,6,3,4,44
2018,6,3,5,50
2018,6,3,6,48
2018,6,3,7,95
2018,6,3,8,126
2018,6,3,9,149
2018,6,3,10,161
2018,6,3,11,145
2018,6,3,12,212
2018,6,3,13,168
2018,6,3,14,165
2018,6,3,15,214
2018,6,3,16,149
2018,6,3,17,178
2018,6,3,18,197
2018,6,3,19,162
2018,6,3,20,158
2018,6,3,21,137
2018,6,3,22,156
2018,6,3,23,111
2018,6,4,0,141
2018,6,4,1,74
2018,6,4,2,66
2018,6,4,3,64
2018,6,4,4,46
2018,6,4,5,47
2018,6,4,6,52
2018,6,4,7,85
2018,6,4,8,100
2018,6,4,9,142
2018,6,4,10,129
2018,6,4,11,140
2018,6,4,12,192
2018,6,4,13,172
2018,6,4,14,205
2018,6,4,15,206
2018,6,4,16,190
2018,6,4,17,196
2018,6,4,18,204
2018,6,4,19,203
2018,6,4,20,157
2018,6,4,21,189
2018,6,4,22,154
2018,6,4,23,133
2018,6,5,0,143
2018,6,5,1,70
2018,6,5,2,76
2018,6,5,3,56
2018,6,5,4,48
2018,6,5,5,51
2018,6,5,6,58
2018,6,5,7,85
2018,6,5,8,77
2018,6,5,9,141
2018,6,5,10,126
2018,6,5,11,141
2018,6,5,12,180
2018,6,5,13,165
2018,6,5,14,167
2018,6,5,15,184
2018,6,5,16,173
2018,6,5,17,158
2018,6,5,18,163
2018,6,5,19,161
2018,6,5,20,164
2018,6,5,21,140
2018,6,5,22,158
2018,6,5,23,131
2018,6,6,0,285
2018,6,6,1,99
2018,6,6,2,89
2018,6,6,3,65
2018,6,6,4,48
2018,6,6,5,54
2018,6,6,6,83
2018,6,6,7,121
2018,6,6,8,147
2018,6,6,9,196
2018,6,6,10,189
2018,6,6,11,172
2018,6,6,12,255
2018,6,6,13,177
2018,6,6,14,194
2018,6,6,15,253
2018,6,6,16,219
2018,6,6,17,213
2018,6,6,18,207
2018,6,6,19,234
2018,6,6,20,202
2018,6,6,21,199
2018,6,6,22,233
2018,6,6,23,211
2018,6,7,0,216
2018,6,7,1,183
2018,6,7,2,166
2018,6,7,3,112
2018,6,7,4,92
2018,6,7,5,66
2018,6,7,6,63
2018,6,7,7,92
2018,6,7,8,135
2018,6,7,9,154
2018,6,7,10,173
2018,6,7,11,194
2018,6,7,12,221
2018,6,7,13,176
2018,6,7,14,202
2018,6,7,15,203
2018,6,7,16,211
2018,6,7,17,228
2018,6,7,18,187
2018,6,7,19,245
2018,6,7,20,232
2018,6,7,21,201
2018,6,7,22,219
2018,6,7,23,197
2018,7,1,0,319
2018,7,1,1,193
2018,7,1,2,166
2018,7,1,3,159
2018,7,1,4,131
2018,7,1,5,73
2018,7,1,6,66
2018,7,1,7,92
2018,7,1,8,95
2018,7,1,9,142
2018,7,1,10,162
2018,7,1,11,181
2018,7,1,12,228
2018,7,1,13,176
2018,7,1,14,172
2018,7,1,15,212
2018,7,1,16,193
2018,7,1,17,202
2018,7,1,18,199
2018,7,1,19,217
2018,7,1,20,207
2018,7,1,21,204
2018,7,1,22,244
2018,7,1,23,163
2018,7,2,0,207
2018,7,2,1,121
2018,7,2,2,105
2018,7,2,3,76
2018,7,2,4,68
2018,7,2,5,70
2018,7,2,6,71
2018,7,2,7,123
2018,7,2,8,145
2018,7,2,9,192
2018,7,2,10,164
2018,7,2,11,180
2018,7,2,12,217
2018,7,2,13,188
2018,7,2,14,211
2018,7,2,15,221
2018,7,2,16,201
2018,7,2,17,239
2018,7,2,18,239
2018,7,2,19,239
2018,7,2,20,229
2018,7,2,21,213
2018,7,2,22,209
2018,7,2,23,149
2018,7,3,0,187
2018,7,3,1,102
2018,7,3,2,68
2018,7,3,3,67
2018,7,3,4,58
2018,7,3,5,55
2018,7,3,6,72
2018,7,3,7,101
2018,7,3,8,142
2018,7,3,9,183
2018,7,3,10,186
2018,7,3,11,181
2018,7,3,12,236
2018,7,3,13,215
2018,7,3,14,204
2018,7,3,15,228
2018,7,3,16,225
2018,7,3,17,215
2018,7,3,18,264
2018,7,3,19,233
2018,7,3,20,205
2018,7,3,21,195
2018,7,3,22,205
2018,7,3,23,183
2018,7,4,0,148
2018,7,4,1,90
2018,7,4,2,68
2018,7,4,3,71
2018,7,4,4,48
2018,7,4,5,61
2018,7,4,6,57
2018,7,4,7,90
2018,7,4,8,111
2018,7,4,9,124
2018,7,4,10,123
2018,7,4,11,144
2018,7,4,12,195
2018,7,4,13,160
2018,7,4,14,152
2018,7,4,15,165
2018,7,4,16,170
2018,7,4,17,193
2018,7,4,18,181
2018,7,4,19,167
2018,7,4,20,173
2018,7,4,21,189
2018,7,4,22,180
2018,7,4,23,155
2018,7,5,0,187
2018,7,5,1,99
2018,7,5,2,90
2018,7,5,3,69
2018,7,5,4,59
2018,7,5,5,34
2018,7,5,6,53
2018,7,5,7,71
2018,7,5,8,88
2018,7,5,9,148
2018,7,5,10,128
2018,7,5,11,141
2018,7,5,12,197
2018,7,5,13,149
2018,7,5,14,161
2018,7,5,15,173
2018,7,5,16,168
2018,7,5,17,179
2018,7,5,18,182
2018,7,5,19,171
2018,7,5,20,163
2018,7,5,21,178
2018,7,5,22,185
2018,7,5,23,148
2018,7,6,0,149
2018,7,6,1,102
2018,7,6,2,106
2018,7,6,3,67
2018,7,6,4,49
2018,7,6,5,57
2018,7,6,6,60
2018,7,6,7,74
2018,7,6,8,105
2018,7,6,9,135
2018,7,6,10,156
2018,7,6,11,155
2018,7,6,12,193
2018,7,6,13,163
2018,7,6,14,168
2018,7,6,15,163
2018,7,6,16,184
2018,7,6,17,189
2018,7,6,18,203
2018,7,6,19,193
2018,7,6,20,172
2018,7,6,21,153
2018,7,6,22,173
2018,7,6,23,167
2018,7,7,0,182
2018,7,7,1,133
2018,7,7,2,115
2018,7,7,3,123
2018,7,7,4,78
2018,7,7,5,58
2018,7,7,6,57
2018,7,7,7,70
2018,7,7,8,82
2018,7,7,9,105
2018,7,7,10,126
2018,7,7,11,155
2018,7,7,12,165
2018,7,7,13,130
2018,7,7,14,165
2018,7,7,15,185
2018,7,7,16,166
2018,7,7,17,142
2018,7,7,18,155
2018,7,7,19,180
2018,7,7,20,178
2018,7,7,21,150
2018,7,7,22,158
2018,7,7,23,169
2018,8,1,0,171
2018,8,1,1,156
2018,8,1,2,141
2018,8,1,3,121
2018,8,1,4,106
2018,8,1,5,82
2018,8,1,6,59
2018,8,1,7,84
2018,8,1,8,89
2018,8,1,9,135
2018,8,1,10,119
2018,8,1,11,142
2018,8,1,12,151
2018,8,1,13,143
2018,8,1,14,163
2018,8,1,15,144
2018,8,1,16,151
2018,8,1,17,144
2018,8,1,18,153
2018,8,1,19,188
2018,8,1,20,168
2018,8,1,21,151
2018,8,1,22,194
2018,8,1,23,133
2018,8,2,0,159
2018,8,2,1,105
2018,8,2,2,81
2018,8,2,3,62
2018,8,2,4,51
2018,8,2,5,42
2018,8,2,6,61
2018,8,2,7,86
2018,8,2,8,102
2018,8,2,9,164
2018,8,2,10,174
2018,8,2,11,146
2018,8,2,12,187
2018,8,2,13,141
2018,8,2,14,173
2018,8,2,15,180
2018,8,2,16,148
2018,8,2,17,174
2018,8,2,18,186
2018,8,2,19,178
2018,8,2,20,158
2018,8,2,21,171
2018,8,2,22,143
2018,8,2,23,130
2018,8,3,0,142
2018,8,3,1,77
2018,8,3,2,64
2018,8,3,3,47
2018,8,3,4,34
2018,8,3,5,39
2018,8,3,6,77
2018,8,3,7,97
2018,8,3,8,98
2018,8,3,9,146
2018,8,3,10,131
2018,8,3,11,150
2018,8,3,12,177
2018,8,3,13,145
2018,8,3,14,150
2018,8,3,15,169
2018,8,3,16,179
2018,8,3,17,195
2018,8,3,18,176
2018,8,3,19,203
2018,8,3,20,193
2018,8,3,21,157
2018,8,3,22,146
2018,8,3,23,147
2018,8,4,0,229
2018,8,4,1,111
2018,8,4,2,72
2018,8,4,3,76
2018,8,4,4,54
2018,8,4,5,60
2018,8,4,6,73
2018,8,4,7,104
2018,8,4,8,151
2018,8,4,9,201
2018,8,4,10,178
2018,8,4,11,171
2018,8,4,12,247
2018,8,4,13,207
2018,8,4,14,207
2018,8,4,15,233
2018,8,4,16,234
2018,8,4,17,252
2018,8,4,18,259
2018,8,4,19,213
2018,8,4,20,262
2018,8,4,21,201
2018,8,4,22,193
2018,8,4,23,153
2018,8,5,0,190
2018,8,5,1,116
2018,8,5,2,81
2018,8,5,3,91
2018,8,5,4,56
2018,8,5,5,55
2018,8,5,6,87
2018,8,5,7,108
2018,8,5,8,135
2018,8,5,9,198
2018,8,5,10,166
2018,8,5,11,174
2018,8,5,12,229
2018,8,5,13,185
2018,8,5,14,174
2018,8,5,15,212
2018,8,5,16,214
2018,8,5,17,246
2018,8,5,18,229
2018,8,5,19,252
2018,8,5,20,207
2018,8,5,21,221
2018,8,5,22,213
2018,8,5,23,170
2018,8,6,0,187
2018,8,6,1,130
2018,8,6,2,89
2018,8,6,3,84
2018,8,6,4,66
2018,8,6,5,65
2018,8,6,6,80
2018,8,6,7,86
2018,8,6,8,144
2018,8,6,9,185
2018,8,6,10,203
2018,8,6,11,197
2018,8,6,12,248
2018,8,6,13,187
2018,8,6,14,182
2018,8,6,15,221
2018,8,6,16,213
2018,8,6,17,237
2018,8,6,18,239
2018,8,6,19,257
2018,8,6,20,265
2018,8,6,21,195
2018,8,6,22,224
2018,8,6,23,199
2018,8,7,0,201
2018,8,7,1,139
2018,8,7,2,128
2018,8,7,3,118
2018,8,7,4,90
2018,8,7,5,62
2018,8,7,6,57
2018,8,7,7,75
2018,8,7,8,107
2018,8,7,9,137
2018,8,7,10,150
2018,8,7,11,132
2018,8,7,12,195
2018,8,7,13,134
2018,8,7,14,174
2018,8,7,15,167
2018,8,7,16,175
2018,8,7,17,146
2018,8,7,18,186
2018,8,7,19,200
2018,8,7,20,189
2018,8,7,21,168
2018,8,7,22,198
2018,8,7,23,186
2018,9,1,0,205
2018,9,1,1,162
2018,9,1,2,159
2018,9,1,3,134
2018,9,1,4,104
2018,9,1,5,102
2018,9,1,6,77
2018,9,1,7,70
2018,9,1,8,102
2018,9,1,9,141
2018,9,1,10,158
2018,9,1,11,158
2018,9,1,12,179
2018,9,1,13,173
2018,9,1,14,171
2018,9,1,15,189
2018,9,1,16,198
2018,9,1,17,173
2018,9,1,18,190
2018,9,1,19,193
2018,9,1,20,195
2018,9,1,21,202
2018,9,1,22,209
2018,9,1,23,153
2018,9,2,0,207
2018,9,2,1,107
2018,9,2,2,77
2018,9,2,3,56
2018,9,2,4,46
2018,9,2,5,41
2018,9,2,6,52
2018,9,2,7,80
2018,9,2,8,132
2018,9,2,9,134
2018,9,2,10,138
2018,9,2,11,163
2018,9,2,12,182
2018,9,2,13,156
2018,9,2,14,148
2018,9,2,15,151
2018,9,2,16,147
2018,9,2,17,167
2018,9,2,18,173
2018,9,2,19,173
2018,9,2,20,139
2018,9,2,21,147
2018,9,2,22,153
2018,9,2,23,107
2018,9,3,0,117
2018,9,3,1,73
2018,9,3,2,49
2018,9,3,3,57
2018,9,3,4,39
2018,9,3,5,43
2018,9,3,6,59
2018,9,3,7,79
2018,9,3,8,140
2018,9,3,9,141
2018,9,3,10,128
2018,9,3,11,152
2018,9,3,12,192
2018,9,3,13,150
2018,9,3,14,161
2018,9,3,15,152
2018,9,3,16,182
2018,9,3,17,176
2018,9,3,18,170
2018,9,3,19,200
2018,9,3,20,165
2018,9,3,21,134
2018,9,3,22,140
2018,9,3,23,102
2018,9,4,0,112
2018,9,4,1,64
2018,9,4,2,51
2018,9,4,3,54
2018,9,4,4,48
2018,9,4,5,41
2018,9,4,6,60
2018,9,4,7,94
2018,9,4,8,117
2018,9,4,9,142
2018,9,4,10,129
2018,9,4,11,131
2018,9,4,12,200
2018,9,4,13,155
2018,9,4,14,148
2018,9,4,15,183
2018,9,4,16,169
2018,9,4,17,182
2018,9,4,18,151
2018,9,4,19,162
2018,9,4,20,176
2018,9,4,21,137
2018,9,4,22,132
2018,9,4,23,108
2018,9,5,0,139
2018,9,5,1,69
2018,9,5,2,48
2018,9,5,3,48
2018,9,5,4,49
2018,9,5,5,35
2018,9,5,6,38
2018,9,5,7,93
2018,9,5,8,141
2018,9,5,9,145
2018,9,5,10,146
2018,9,5,11,149
2018,9,5,12,176
2018,9,5,13,160
2018,9,5,14,172
2018,9,5,15,168
2018,9,5,16,159
2018,9,5,17,157
2018,9,5,18,167
2018,9,5,19,180
2018,9,5,20,142
2018,9,5,21,144
2018,9,5,22,133
2018,9,5,23,107
2018,9,6,0,122
2018,9,6,1,84
2018,9,6,2,71
2018,9,6,3,73
2018,9,6,4,43
2018,9,6,5,48
2018,9,6,6,63
2018,9,6,7,77
2018,9,6,8,109
2018,9,6,9,153
2018,9,6,10,172
2018,9,6,11,167
2018,9,6,12,188
2018,9,6,13,157
2018,9,6,14,153
2018,9,6,15,194
2018,9,6,16,153
2018,9,6,17,174
2018,9,6,18,163
2018,9,6,19,202
2018,9,6,20,182
2018,9,6,21,165
2018,9,6,22,166
2018,9,6,23,140
2018,9,7,0,242
2018,9,7,1,157
2018,9,7,2,149
2018,9,7,3,128
2018,9,7,4,92
2018,9,7,5,66
2018,9,7,6,80
2018,9,7,7,99
2018,9,7,8,130
2018,9,7,9,187
2018,9,7,10,179
2018,9,7,11,188
2018,9,7,12,233
2018,9,7,13,177
2018,9,7,14,185
2018,9,7,15,190
2018,9,7,16,182
2018,9,7,17,221
2018,9,7,18,202
2018,9,7,19,204
2018,9,7,20,224
2018,9,7,21,199
2018,9,7,22,207
2018,9,7,23,195
2018,10,1,0,155
2018,10,1,1,142
2018,10,1,2,124
2018,10,1,3,104
2018,10,1,4,84
2018,10,1,5,59
2018,10,1,6,53
2018,10,1,7,43
2018,10,1,8,78
2018,10,1,9,82
2018,10,1,10,128
2018,10,1,11,115
2018,10,1,12,138
2018,10,1,13,109
2018,10,1,14,129
2018,10,1,15,126
2018,10,1,16,144
2018,10,1,17,151
2018,10,1,18,142
2018,10,1,19,159
2018,10,1,20,146
2018,10,1,21,128
2018,10,1,22,132
2018,10,1,23,110
2018,10,2,0,188
2018,10,2,1,87
2018,10,2,2,62
2018,10,2,3,53
2018,10,2,4,47
2018,10,2,5,50
2018,10,2,6,78
2018,10,2,7,100
2018,10,2,8,190
2018,10,2,9,216
2018,10,2,10,193
2018,10,2,11,168
2018,10,2,12,225
2018,10,2,13,162
2018,10,2,14,192
2018,10,2,15,212
2018,10,2,16,193
2018,10,2,17,246
2018,10,2,18,254
2018,10,2,19,222
2018,10,2,20,208
2018,10,2,21,171
2018,10,2,22,169
2018,10,2,23,127
2018,10,3,0,135
2018,10,3,1,87
2018,10,3,2,71
2018,10,3,3,51
2018,10,3,4,44
2018,10,3,5,53
2018,10,3,6,63
2018,10,3,7,98
2018,10,3,8,142
2018,10,3,9,183
2018,10,3,10,170
2018,10,3,11,170
2018,10,3,12,236
2018,10,3,13,195
2018,10,3,14,196
2018,10,3,15,216
2018,10,3,16,222
2018,10,3,17,206
2018,10,3,18,214
2018,10,3,19,219
2018,10,3,20,197
2018,10,3,21,168
2018,10,3,22,165
2018,10,3,23,133
2018,10,4,0,154
2018,10,4,1,81
2018,10,4,2,83
2018,10,4,3,53
2018,10,4,4,40
2018,10,4,5,53
2018,10,4,6,61
2018,10,4,7,113
2018,10,4,8,166
2018,10,4,9,176
2018,10,4,10,172
2018,10,4,11,163
2018,10,4,12,219
2018,10,4,13,175
2018,10,4,14,176
2018,10,4,15,211
2018,10,4,16,207
2018,10,4,17,213
2018,10,4,18,242
2018,10,4,19,237
2018,10,4,20,225
2018,10,4,21,214
2018,10,4,22,207
2018,10,4,23,141
2018,10,5,0,116
2018,10,5,1,66
2018,10,5,2,49
2018,10,5,3,46
2018,10,5,4,45
2018,10,5,5,38
2018,10,5,6,54
2018,10,5,7,75
2018,10,5,8,111
2018,10,5,9,145
2018,10,5,10,126
2018,10,5,11,145
2018,10,5,12,173
2018,10,5,13,166
2018,10,5,14,163
2018,10,5,15,158
2018,10,5,16,149
2018,10,5,17,155
2018,10,5,18,167
2018,10,5,19,153
2018,10,5,20,167
2018,10,5,21,144
2018,10,5,22,118
2018,10,5,23,94
2018,10,6,0,113
2018,10,6,1,74
2018,10,6,2,60
2018,10,6,3,44
2018,10,6,4,38
2018,10,6,5,49
2018,10,6,6,58
2018,10,6,7,91
2018,10,6,8,119
2018,10,6,9,149
2018,10,6,10,125
2018,10,6,11,155
2018,10,6,12,178
2018,10,6,13,150
2018,10,6,14,161
2018,10,6,15,175
2018,10,6,16,178
2018,10,6,17,153
2018,10,6,18,152
2018,10,6,19,150
2018,10,6,20,149
2018,10,6,21,169
2018,10,6,22,145
2018,10,6,23,123
2018,10,7,0,146
2018,10,7,1,108
2018,10,7,2,107
2018,10,7,3,88
2018,10,7,4,92
2018,10,7,5,61
2018,10,7,6,61
2018,10,7,7,58
2018,10,7,8,86
2018,10,7,9,126
2018,10,7,10,122
2018,10,7,11,131
2018,10,7,12,199
2018,10,7,13,151
2018,10,7,14,139
2018,10,7,15,155
2018,10,7,16,155
2018,10,7,17,143
2018,10,7,18,186
2018,10,7,19,150
2018,10,7,20,156
2018,10,7,21,141
2018,10,7,22,158
2018,10,7,23,145
2018,11,1,0,160
2018,11,1,1,128
2018,11,1,2,104
2018,11,1,3,103
2018,11,1,4,68
2018,11,1,5,54
2018,11,1,6,33
2018,11,1,7,55
2018,11,1,8,73
2018,11,1,9,96
2018,11,1,10,103
2018,11,1,11,115
2018,11,1,12,147
2018,11,1,13,112
2018,11,1,14,123
2018,11,1,15,125
2018,11,1,16,133
2018,11,1,17,112
2018,11,1,18,119
2018,11,1,19,143
2018,11,1,20,129
2018,11,1,21,118
2018,11,1,22,98
2018,11,1,23,86
2018,11,2,0,110
2018,11,2,1,69
2018,11,2,2,42
2018,11,2,3,38
2018,11,2,4,38
2018,11,2,5,39
2018,11,2,6,36
2018,11,2,7,65
2018,11,2,8,121
2018,11,2,9,131
2018,11,2,10,134
2018,11,2,11,126
2018,11,2,12,170
2018,11,2,13,124
2018,11,2,14,144
2018,11,2,15,154
2018,11,2,16,157
2018,11,2,17,158
2018,11,2,18,152
2018,11,2,19,148
2018,11,2,20,145
2018,11,2,21,98
2018,11,2,22,106
2018,11,2,23,89
2018,11,3,0,97
2018,11,3,1,52
2018,11,3,2,43
2018,11,3,3,43
2018,11,3,4,29
2018,11,3,5,48
2018,11,3,6,47
2018,11,3,7,84
2018,11,3,8,97
2018,11,3,9,157
2018,11,3,10,140
2018,11,3,11,143
2018,11,3,12,203
2018,11,3,13,129
2018,11,3,14,145
2018,11,3,15,184
2018,11,3,16,146
2018,11,3,17,154
2018,11,3,18,158
2018,11,3,19,146
2018,11,3,20,149
2018,11,3,21,129
2018,11,3,22,98
2018,11,3,23,92
2018,11,4,0,92
2018,11,4,1,61
2018,11,4,2,39
2018,11,4,3,36
2018,11,4,4,26
2018,11,4,5,50
2018,11,4,6,37
2018,11,4,7,74
2018,11,4,8,101
2018,11,4,9,143
2018,11,4,10,147
2018,11,4,11,176
2018,11,4,12,194
2018,11,4,13,139
2018,11,4,14,158
2018,11,4,15,171
2018,11,4,16,149
2018,11,4,17,163
2018,11,4,18,185
2018,11,4,19,158
2018,11,4,20,156
2018,11,4,21,131
2018,11,4,22,103
2018,11,4,23,91
2018,11,5,0,203
2018,11,5,1,83
2018,11,5,2,75
2018,11,5,3,58
2018,11,5,4,49
2018,11,5,5,47
2018,11,5,6,65
2018,11,5,7,107
2018,11,5,8,141
2018,11,5,9,177
2018,11,5,10,171
2018,11,5,11,175
2018,11,5,12,232
2018,11,5,13,160
2018,11,5,14,167
2018,11,5,15,204
2018,11,5,16,193
2018,11,5,17,205
2018,11,5,18,196
2018,11,5,19,197
2018,11,5,20,157
2018,11,5,21,163
2018,11,5,22,165
2018,11,5,23,136
2018,11,6,0,170
2018,11,6,1,94
2018,11,6,2,78
2018,11,6,3,52
2018,11,6,4,48
2018,11,6,5,48
2018,11,6,6,60
2018,11,6,7,96
2018,11,6,8,122
2018,11,6,9,172
2018,11,6,10,186
2018,11,6,11,183
2018,11,6,12,230
2018,11,6,13,180
2018,11,6,14,197
2018,11,6,15,217
2018,11,6,16,228
2018,11,6,17,223
2018,11,6,18,209
2018,11,6,19,218
2018,11,6,20,208
2018,11,6,21,188
2018,11,6,22,195
2018,11,6,23,138
2018,11,7,0,169
2018,11,7,1,115
2018,11,7,2,81
2018,11,7,3,70
2018,11,7,4,67
2018,11,7,5,43
2018,11,7,6,43
2018,11,7,7,54
2018,11,7,8,78
2018,11,7,9,101
2018,11,7,10,110
2018,11,7,11,126
2018,11,7,12,179
2018,11,7,13,134
2018,11,7,14,155
2018,11,7,15,161
2018,11,7,16,137
2018,11,7,17,144
2018,11,7,18,154
2018,11,7,19,150
2018,11,7,20,135
2018,11,7,21,164
2018,11,7,22,120
2018,11,7,23,113
2018,12,1,0,178
2018,12,1,1,131
2018,12,1,2,125
2018,12,1,3,123
2018,12,1,4,119
2018,12,1,5,67
2018,12,1,6,73
2018,12,1,7,59
2018,12,1,8,94
2018,12,1,9,123
2018,12,1,10,140
2018,12,1,11,147
2018,12,1,12,185
2018,12,1,13,149
2018,12,1,14,177
2018,12,1,15,180
2018,12,1,16,180
2018,12,1,17,174
2018,12,1,18,202
2018,12,1,19,189
2018,12,1,20,171
2018,12,1,21,166
2018,12,1,22,171
2018,12,1,23,138
2018,12,2,0,171
2018,12,2,1,100
2018,12,2,2,68
2018,12,2,3,68
2018,12,2,4,52
2018,12,2,5,53
2018,12,2,6,66
2018,12,2,7,87
2018,12,2,8,133
2018,12,2,9,180
2018,12,2,10,154
2018,12,2,11,179
2018,12,2,12,239
2018,12,2,13,178
2018,12,2,14,182
2018,12,2,15,204
2018,12,2,16,183
2018,12,2,17,192
2018,12,2,18,203
2018,12,2,19,180
2018,12,2,20,170
2018,12,2,21,158
2018,12,2,22,136
2018,12,2,23,123
2018,12,3,0,117
2018,12,3,1,69
2018,12,3,2,45
2018,12,3,3,36
2018,12,3,4,36
2018,12,3,5,35
2018,12,3,6,51
2018,12,3,7,65
2018,12,3,8,99
2018,12,3,9,123
2018,12,3,10,117
2018,12,3,11,134
2018,12,3,12,166
2018,12,3,13,126
2018,12,3,14,139
2018,12,3,15,144
2018,12,3,16,158
2018,12,3,17,151
2018,12,3,18,132
2018,12,3,19,176
2018,12,3,20,141
2018,12,3,21,116
2018,12,3,22,106
2018,12,3,23,81
2018,12,4,0,120
2018,12,4,1,68
2018,12,4,2,47
2018,12,4,3,31
2018,12,4,4,35
2018,12,4,5,40
2018,12,4,6,50
2018,12,4,7,64
2018,12,4,8,119
2018,12,4,9,122
2018,12,4,10,126
2018,12,4,11,162
2018,12,4,12,178
2018,12,4,13,164
2018,12,4,14,160
2018,12,4,15,169
2018,12,4,16,177
2018,12,4,17,168
2018,12,4,18,199
2018,12,4,19,182
2018,12,4,20,155
2018,12,4,21,118
2018,12,4,22,102
2018,12,4,23,88
2018,12,5,0,103
2018,12,5,1,67
2018,12,5,2,45
2018,12,5,3,46
2018,12,5,4,26
2018,12,5,5,42
2018,12,5,6,45
2018,12,5,7,76
2018,12,5,8,126
2018,12,5,9,149
2018,12,5,10,139
2018,12,5,11,136
2018,12,5,12,212
2018,12,5,13,163
2018,12,5,14,166
2018,12,5,15,202
2018,12,5,16,184
2018,12,5,17,170
2018,12,5,18,156
2018,12,5,19,150
2018,12,5,20,123
2018,12,5,21,108
2018,12,5,22,122
2018,12,5,23,92
2018,12,6,0,135
2018,12,6,1,77
2018,12,6,2,39
2018,12,6,3,52
2018,12,6,4,33
2018,12,6,5,36
2018,12,6,6,55
2018,12,6,7,71
2018,12,6,8,110
2018,12,6,9,128
2018,12,6,10,145
2018,12,6,11,152
2018,12,6,12,184
2018,12,6,13,138
2018,12,6,14,179
2018,12,6,15,163
2018,12,6,16,183
2018,12,6,17,181
2018,12,6,18,182
2018,12,6,19,224
2018,12,6,20,179
2018,12,6,21,144
2018,12,6,22,145
2018,12,6,23,135
2018,12,7,0,233
2018,12,7,1,158
2018,12,7,2,124
2018,12,7,3,97
2018,12,7,4,89
2018,12,7,5,67
2018,12,7,6,65
2018,12,7,7,92
2018,12,7,8,99
2018,12,7,9,150
2018,12,7,10,152
2018,12,7,11,179
2018,12,7,12,246
2018,12,7,13,162
2018,12,7,14,209
2018,12,7,15,197
2018,12,7,16,165
2018,12,7,17,172
2018,12,7,18,171
2018,12,7,19,213
2018,12,7,20,204
2018,12,7,21,176
2018,12,7,22,167
2018,12,7,23,175
2019,1,1,0,127
2019,1,1,1,96
2019,1,1,2,78
2019,1,1,3,70
2019,1,1,4,62
2019,1,1,5,43
2019,1,1,6,42
2019,1,1,7,31
2019,1,1,8,49
2019,1,1,9,74
2019,1,1,10,96
2019,1,1,11,96
2019,1,1,12,106
2019,1,1,13,100
2019,1,1,14,130
2019,1,1,15,118
2019,1,1,16,114
2019,1,1,17,111
2019,1,1,18,111
2019,1,1,19,137
2019,1,1,20,138
2019,1,1,21,125
2019,1,1,22,110
2019,1,1,23,90
2019,1,2,0,88
2019,1,2,1,74
2019,1,2,2,50
2019,1,2,3,36
2019,1,2,4,33
2019,1,2,5,22
2019,1,2,6,39
2019,1,2,7,59
2019,1,2,8,97
2019,1,2,9,115
2019,1,2,10,123
2019,1,2,11,113
2019,1,2,12,168
2019,1,2,13,135
2019,1,2,14,159
2019,1,2,15,142
2019,1,2,16,151
2019,1,2,17,144
2019,1,2,18,129
2019,1,2,19,139
2019,1,2,20,114
2019,1,2,21,109
2019,1,2,22,88
2019,1,2,23,64
2019,1,3,0,349
2019,1,3,1,98
2019,1,3,2,103
2019,1,3,3,86
2019,1,3,4,64
2019,1,3,5,67
2019,1,3,6,65
2019,1,3,7,112
2019,1,3,8,143
2019,1,3,9,190
2019,1,3,10,169
2019,1,3,11,158
2019,1,3,12,201
2019,1,3,13,157
2019,1,3,14,184
2019,1,3,15,180
2019,1,3,16,153
2019,1,3,17,211
2019,1,3,18,180
2019,1,3,19,208
2019,1,3,20,185
2019,1,3,21,111
2019,1,3,22,134
2019,1,3,23,106
2019,1,4,0,133
2019,1,4,1,62
2019,1,4,2,52
2019,1,4,3,34
2019,1,4,4,37
2019,1,4,5,42
2019,1,4,6,40
2019,1,4,7,97
2019,1,4,8,106
2019,1,4,9,128
2019,1,4,10,144
2019,1,4,11,149
2019,1,4,12,209
2019,1,4,13,161
2019,1,4,14,159
2019,1,4,15,193
2019,1,4,16,192
2019,1,4,17,183
2019,1,4,18,187
2019,1,4,19,201
2019,1,4,20,143
2019,1,4,21,130
2019,1,4,22,117
2019,1,4,23,92
2019,1,5,0,127
2019,1,5,1,65
2019,1,5,2,68
2019,1,5,3,32
2019,1,5,4,40
2019,1,5,5,40
2019,1,5,6,51
2019,1,5,7,93
2019,1,5,8,116
2019,1,5,9,148
2019,1,5,10,165
2019,1,5,11,167
2019,1,5,12,207
2019,1,5,13,174
2019,1,5,14,174
2019,1,5,15,216
2019,1,5,16,171
2019,1,5,17,179
2019,1,5,18,188
2019,1,5,19,169
2019,1,5,20,173
2019,1,5,21,153
2019,1,5,22,141
2019,1,5,23,102
2019,1,6,0,108
2019,1,6,1,62
2019,1,6,2,49
2019,1,6,3,38
2019,1,6,4,30
2019,1,6,5,33
2019,1,6,6,59
2019,1,6,7,75
2019,1,6,8,109
2019,1,6,9,122
2019,1,6,10,155
2019,1,6,11,145
2019,1,6,12,190
2019,1,6,13,145
2019,1,6,14,126
2019,1,6,15,162
2019,1,6,16,146
2019,1,6,17,178
2019,1,6,18,153
2019,1,6,19,181
2019,1,6,20,164
2019,1,6,21,131
2019,1,6,22,126
2019,1,6,23,120
2019,1,7,0,138
2019,1,7,1,81
2019,1,7,2,80
2019,1,7,3,62
2019,1,7,4,70
2019,1,7,5,36
2019,1,7,6,42
2019,1,7,7,49
2019,1,7,8,76
2019,1,7,9,97
2019,1,7,10,106
2019,1,7,11,121
2019,1,7,12,158
2019,1,7,13,111
2019,1,7,14,111
2019,1,7,15,141
2019,1,7,16,136
2019,1,7,17,122
2019,1,7,18,140
2019,1,7,19,157
2019,1,7,20,137
2019,1,7,21,125
2019,1,7,22,111
2019,1,7,23,115
2019,2,1,0,132
2019,2,1,1,110
2019,2,1,2,113
2019,2,1,3,106
2019,2,1,4,81
2019,2,1,5,55
2019,2,1,6,47
2019,2,1,7,55
2019,2,1,8,70
2019,2,1,9,79
2019,2,1,10,91
2019,2,1,11,114
2019,2,1,12,123
2019,2,1,13,105
2019,2,1,14,109
2019,2,1,15,117
2019,2,1,16,122
2019,2,1,17,109
2019,2,1,18,112
2019,2,1,19,130
2019,2,1,20,117
2019,2,1,21,102
2019,2,1,22,113
2019,2,1,23,87
2019,2,2,0,92
2019,2,2,1,61
2019,2,2,2,73
2019,2,2,3,45
2019,2,2,4,34
2019,2,2,5,22
2019,2,2,6,35
2019,2,2,7,67
2019,2,2,8,108
2019,2,2,9,109
2019,2,2,10,126
2019,2,2,11,136
2019,2,2,12,181
2019,2,2,13,153
2019,2,2,14,132
2019,2,2,15,147
2019,2,2,16,156
2019,2,2,17,158
2019,2,2,18,152
2019,2,2,19,131
2019,2,2,20,140
2019,2,2,21,102
2019,2,2,22,111
2019,2,2,23,79
2019,2,3,0,104
2019,2,3,1,43
2019,2,3,2,45
2019,2,3,3,23
2019,2,3,4,31
2019,2,3,5,25
2019,2,3,6,48
2019,2,3,7,74
2019,2,3,8,102
2019,2,3,9,137
2019,2,3,10,136
2019,2,3,11,139
2019,2,3,12,173
2019,2,3,13,165
2019,2,3,14,147
2019,2,3,15,162
2019,2,3,16,144
2019,2,3,17,165
2019,2,3,18,132
2019,2,3,19,156
2019,2,3,20,159
2019,2,3,21,95
2019,2,3,22,80
2019,2,3,23,59
2019,2,4,0,115
2019,2,4,1,49
2019,2,4,2,43
2019,2,4,3,23
2019,2,4,4,22
2019,2,4,5,23
2019,2,4,6,43
2019,2,4,7,69
2019,2,4,8,103
2019,2,4,9,118
2019,2,4,10,130
2019,2,4,11,118
2019,2,4,12,160
2019,2,4,13,140
2019,2,4,14,154
2019,2,4,15,169
2019,2,4,16,163
2019,2,4,17,145
2019,2,4,18,153
2019,2,4,19,163
2019,2,4,20,153
2019,2,4,21,123
2019,2,4,22,102
2019,2,4,23,83
2019,2,5,0,117
2019,2,5,1,61
2019,2,5,2,51
2019,2,5,3,43
2019,2,5,4,26
2019,2,5,5,26
2019,2,5,6,39
2019,2,5,7,79
2019,2,5,8,119
2019,2,5,9,133
2019,2,5,10,114
2019,2,5,11,157
2019,2,5,12,209
2019,2,5,13,133
2019,2,5,14,155
2019,2,5,15,171
2019,2,5,16,155
2019,2,5,17,146
2019,2,5,18,149
2019,2,5,19,164
2019,2,5,20,162
2019,2,5,21,103
2019,2,5,22,96
2019,2,5,23,95
2019,2,6,0,161
2019,2,6,1,64
2019,2,6,2,65
2019,2,6,3,33
2019,2,6,4,40
2019,2,6,5,34
2019,2,6,6,51
2019,2,6,7,72
2019,2,6,8,105
2019,2,6,9,143
2019,2,6,10,140
2019,2,6,11,150
2019,2,6,12,188
2019,2,6,13,164
2019,2,6,14,137
2019,2,6,15,148
2019,2,6,16,146
2019,2,6,17,156
2019,2,6,18,159
2019,2,6,19,165
2019,2,6,20,163
2019,2,6,21,147
2019,2,6,22,118
2019,2,6,23,123
2019,2,7,0,133
2019,2,7,1,86
2019,2,7,2,94
2019,2,7,3,79
2019,2,7,4,45
2019,2,7,5,29
2019,2,7,6,45
2019,2,7,7,51
2019,2,7,8,74
2019,2,7,9,117
2019,2,7,10,130
2019,2,7,11,127
2019,2,7,12,160
2019,2,7,13,150
2019,2,7,14,121
2019,2,7,15,143
2019,2,7,16,153
2019,2,7,17,170
2019,2,7,18,167
2019,2,7,19,191
2019,2,7,20,149
2019,2,7,21,125
2019,2,7,22,162
2019,2,7,23,103
2019,3,1,0,177
2019,3,1,1,133
2019,3,1,2,126
2019,3,1,3,113
2019,3,1,4,89
2019,3,1,5,72
2019,3,1,6,63
2019,3,1,7,48
2019,3,1,8,82
2019,3,1,9,113
2019,3,1,10,122
2019,3,1,11,129
2019,3,1,12,181
2019,3,1,13,138
2019,3,1,14,133
2019,3,1,15,163
2019,3,1,16,126
2019,3,1,17,175
2019,3,1,18,168
2019,3,1,19,180
2019,3,1,20,145
2019,3,1,21,138
2019,3,1,22,131
2019,3,1,23,116
2019,3,2,0,127
2019,3,2,1,67
2019,3,2,2,61
2019,3,2,3,44
2019,3,2,4,25
2019,3,2,5,33
2019,3,2,6,33
2019,3,2,7,64
2019,3,2,8,95
2019,3,2,9,130
2019,3,2,10,133
2019,3,2,11,121
2019,3,2,12,180
2019,3,2,13,124
2019,3,2,14,127
2019,3,2,15,182
2019,3,2,16,136
2019,3,2,17,145
2019,3,2,18,144
2019,3,2,19,140
2019,3,2,20,130
2019,3,2,21,113
2019,3,2,22,99
2019,3,2,23,81
2019,3,3,0,98
2019,3,3,1,49
2019,3,3,2,41
2019,3,3,3,35
2019,3,3,4,30
2019,3,3,5,23
2019,3,3,6,48
2019,3,3,7,54
2019,3,3,8,84
2019,3,3,9,134
2019,3,3,10,119
2019,3,3,11,122
2019,3,3,12,172
2019,3,3,13,157
2019,3,3,14,127
2019,3,3,15,169
2019,3,3,16,150
2019,3,3,17,158
2019,3,3,18,154
2019,3,3,19,138
2019,3,3,20,134
2019,3,3,21,115
2019,3,3,22,99
2019,3,3,23,76
2019,3,4,0,106
2019,3,4,1,70
2019,3,4,2,60
2019,3,4,3,31
2019,3,4,4,33
2019,3,4,5,32
2019,3,4,6,43
2019,3,4,7,81
2019,3,4,8,100
2019,3,4,9,143
2019,3,4,10,146
2019,3,4,11,113
2019,3,4,12,171
2019,3,4,13,150
2019,3,4,14,133
2019,3,4,15,178
2019,3,4,16,165
2019,3,4,17,153
2019,3,4,18,149
2019,3,4,19,166
2019,3,4,20,152
2019,3,4,21,141
2019,3,4,22,110
2019,3,4,23,82
2019,3,5,0,88
2019,3,5,1,62
2019,3,5,2,49
2019,3,5,3,29
2019,3,5,4,43
2019,3,5,5,32
2019,3,5,6,49
2019,3,5,7,88
2019,3,5,8,99
2019,3,5,9,112
2019,3,5,10,134
2019,3,5,11,134
2019,3,5,12,164
2019,3,5,13,138
2019,3,5,14,149
2019,3,5,15,168
2019,3,5,16,175
2019,3,5,17,171
2019,3,5,18,164
2019,3,5,19,170
2019,3,5,20,128
2019,3,5,21,100
2019,3,5,22,129
2019,3,5,23,84
2019,3,6,0,182
2019,3,6,1,111
2019,3,6,2,74
2019,3,6,3,55
2019,3,6,4,58
2019,3,6,5,38
2019,3,6,6,47
2019,3,6,7,77
2019,3,6,8,153
2019,3,6,9,186
2019,3,6,10,174
2019,3,6,11,194
2019,3,6,12,244
2019,3,6,13,161
2019,3,6,14,195
2019,3,6,15,210
2019,3,6,16,189
2019,3,6,17,194
2019,3,6,18,180
2019,3,6,19,179
2019,3,6,20,183
2019,3,6,21,183
2019,3,6,22,186
2019,3,6,23,143
2019,3,7,0,144
2019,3,7,1,136
2019,3,7,2,120
2019,3,7,3,91
2019,3,7,4,76
2019,3,7,5,47
2019,3,7,6,59
2019,3,7,7,54
2019,3,7,8,94
2019,3,7,9,148
2019,3,7,10,145
2019,3,7,11,182
2019,3,7,12,190
2019,3,7,13,163
2019,3,7,14,156
2019,3,7,15,179
2019,3,7,16,167
2019,3,7,17,161
2019,3,7,18,207
2019,3,7,19,186
2019,3,7,20,185
2019,3,7,21,175
2019,3,7,22,165
2019,3,7,23,173
2019,4,1,0,141
2019,4,1,1,122
2019,4,1,2,125
2019,4,1,3,91
2019,4,1,4,73
2019,4,1,5,53
2019,4,1,6,40
2019,4,1,7,56
2019,4,1,8,68
2019,4,1,9,87
2019,4,1,10,107
2019,4,1,11,107
2019,4,1,12,125
2019,4,1,13,74
2019,4,1,14,101
2019,4,1,15,113
2019,4,1,16,91
2019,4,1,17,153
2019,4,1,18,139
2019,4,1,19,137
2019,4,1,20,122
2019,4,1,21,115
2019,4,1,22,134
2019,4,1,23,118
2019,4,2,0,208
2019,4,2,1,103
2019,4,2,2,64
2019,4,2,3,57
2019,4,2,4,50
2019,4,2,5,53
2019,4,2,6,70
2019,4,2,7,105
2019,4,2,8,140
2019,4,2,9,182
2019,4,2,10,182
2019,4,2,11,197
2019,4,2,12,246
2019,4,2,13,182
2019,4,2,14,185
2019,4,2,15,233
2019,4,2,16,207
2019,4,2,17,209
2019,4,2,18,216
2019,4,2,19,188
2019,4,2,20,158
2019,4,2,21,188
2019,4,2,22,170
2019,4,2,23,128
2019,4,3,0,148
2019,4,3,1,86
2019,4,3,2,59
2019,4,3,3,46
2019,4,3,4,51
2019,4,3,5,53
2019,4,3,6,68
2019,4,3,7,76
2019,4,3,8,105
2019,4,3,9,162
2019,4,3,10,189
2019,4,3,11,182
2019,4,3,12,232
2019,4,3,13,178
2019,4,3,14,194
2019,4,3,15,218
2019,4,3,16,231
2019,4,3,17,234
2019,4,3,18,199
2019,4,3,19,198
2019,4,3,20,185
2019,4,3,21,163
2019,4,3,22,153
2019,4,3,23,121
2019,4,4,0,118
2019,4,4,1,61
2019,4,4,2,56
2019,4,4,3,36
2019,4,4,4,28
2019,4,4,5,30
2019,4,4,6,43
2019,4,4,7,78
2019,4,4,8,98
2019,4,4,9,136
2019,4,4,10,152
2019,4,4,11,174
2019,4,4,12,152
2019,4,4,13,134
2019,4,4,14,148
2019,4,4,15,160
2019,4,4,16,162
2019,4,4,17,151
2019,4,4,18,163
2019,4,4,19,163
2019,4,4,20,143
2019,4,4,21,121
2019,4,4,22,126
2019,4,4,23,99
2019,4,5,0,127
2019,4,5,1,67
2019,4,5,2,60
2019,4,5,3,39
2019,4,5,4,33
2019,4,5,5,31
2019,4,5,6,52
2019,4,5,7,88
2019,4,5,8,114
2019,4,5,9,126
2019,4,5,10,128
2019,4,5,11,141
2019,4,5,12,175
2019,4,5,13,158
2019,4,5,14,149
2019,4,5,15,166
2019,4,5,16,166
2019,4,5,17,164
2019,4,5,18,162
2019,4,5,19,162
2019,4,5,20,155
2019,4,5,21,131
2019,4,5,22,110
2019,4,5,23,101
2019,4,6,0,112
2019,4,6,1,67
2019,4,6,2,50
2019,4,6,3,51
2019,4,6,4,25
2019,4,6,5,35
2019,4,6,6,51
2019,4,6,7,61
2019,4,6,8,104
2019,4,6,9,136
2019,4,6,10,156
2019,4,6,11,123
2019,4,6,12,187
2019,4,6,13,142
2019,4,6,14,151
2019,4,6,15,177
2019,4,6,16,159
2019,4,6,17,171
2019,4,6,18,196
2019,4,6,19,163
2019,4,6,20,153
2019,4,6,21,146
2019,4,6,22,140
2019,4,6,23,143
2019,4,7,0,134
2019,4,7,1,137
2019,4,7,2,105
2019,4,7,3,82
2019,4,7,4,73
2019,4,7,5,45
2019,4,7,6,46
2019,4,7,7,71
2019,4,7,8,78
2019,4,7,9,146
2019,4,7,10,126
2019,4,7,11,123
2019,4,7,12,164
2019,4,7,13,141
2019,4,7,14,140
2019,4,7,15,135
2019,4,7,16,146
2019,4,7,17,160
2019,4,7,18,157
2019,4,7,19,141
2019,4,7,20,154
2019,4,7,21,119
2019,4,7,22,122
2019,4,7,23,111
2019,5,1,0,173
2019,5,1,1,132
2019,5,1,2,111
2019,5,1,3,121
2019,5,1,4,87
2019,5,1,5,72
2019,5,1,6,69
2019,5,1,7,58
2019,5,1,8,72
2019,5,1,9,95
2019,5,1,10,95
2019,5,1,11,117
2019,5,1,12,157
2019,5,1,13,136
2019,5,1,14,122
2019,5,1,15,126
2019,5,1,16,158
2019,5,1,17,157
2019,5,1,18,159
2019,5,1,19,156
2019,5,1,20,151
2019,5,1,21,159
2019,5,1,22,183
2019,5,1,23,147
2019,5,2,0,199
2019,5,2,1,101
2019,5,2,2,82
2019,5,2,3,70
2019,5,2,4,50
2019,5,2,5,36
2019,5,2,6,56
2019,5,2,7,63
2019,5,2,8,110
2019,5,2,9,159
2019,5,2,10,152
2019,5,2,11,168
2019,5,2,12,196
2019,5,2,13,147
2019,5,2,14,178
2019,5,2,15,179
2019,5,2,16,159
2019,5,2,17,139
2019,5,2,18,168
2019,5,2,19,161
2019,5,2,20,154
2019,5,2,21,168
2019,5,2,22,129
2019,5,2,23,115
2019,5,3,0,133
2019,5,3,1,70
2019,5,3,2,62
2019,5,3,3,48
2019,5,3,4,39
2019,5,3,5,43
2019,5,3,6,31
2019,5,3,7,69
2019,5,3,8,110
2019,5,3,9,142
2019,5,3,10,141
2019,5,3,11,147
2019,5,3,12,182
2019,5,3,13,145
2019,5,3,14,169
2019,5,3,15,208
2019,5,3,16,181
2019,5,3,17,161
2019,5,3,18,180
2019,5,3,19,164
2019,5,3,20,137
2019,5,3,21,119
2019,5,3,22,117
2019,5,3,23,98
2019,5,4,0,192
2019,5,4,1,94
2019,5,4,2,58
2019,5,4,3,39
2019,5,4,4,33
2019,5,4,5,48
2019,5,4,6,75
2019,5,4,7,106
2019,5,4,8,167
2019,5,4,9,196
2019,5,4,10,196
2019,5,4,11,196
2019,5,4,12,269
2019,5,4,13,202
2019,5,4,14,198
2019,5,4,15,237
2019,5,4,16,225
2019,5,4,17,212
2019,5,4,18,219
2019,5,4,19,221
2019,5,4,20,206
2019,5,4,21,173
2019,5,4,22,162
2019,5,4,23,135
2019,5,5,0,149
2019,5,5,1,100
2019,5,5,2,82
2019,5,5,3,68
2019,5,5,4,44
2019,5,5,5,34
2019,5,5,6,54
2019,5,5,7,79
2019,5,5,8,148
2019,5,5,9,179
2019,5,5,10,194
2019,5,5,11,177
2019,5,5,12,194
2019,5,5,13,185
2019,5,5,14,217
2019,5,5,15,215
2019,5,5,16,238
2019,5,5,17,208
2019,5,5,18,223
2019,5,5,19,207
2019,5,5,20,193
2019,5,5,21,163
2019,5,5,22,187
2019,5,5,23,158
2019,5,6,0,207
2019,5,6,1,101
2019,5,6,2,74
2019,5,6,3,60
2019,5,6,4,45
2019,5,6,5,46
2019,5,6,6,74
2019,5,6,7,92
2019,5,6,8,153
2019,5,6,9,200
2019,5,6,10,195
2019,5,6,11,220
2019,5,6,12,253
2019,5,6,13,194
2019,5,6,14,201
2019,5,6,15,248
2019,5,6,16,217
2019,5,6,17,211
2019,5,6,18,215
2019,5,6,19,240
2019,5,6,20,213
2019,5,6,21,184
2019,5,6,22,217
2019,5,6,23,183
2019,5,7,0,132
2019,5,7,1,133
2019,5,7,2,118
2019,5,7,3,81
2019,5,7,4,76
2019,5,7,5,58
2019,5,7,6,45
2019,5,7,7,57
2019,5,7,8,78
2019,5,7,9,133
2019,5,7,10,127
2019,5,7,11,129
2019,5,7,12,158
2019,5,7,13,127
2019,5,7,14,146
2019,5,7,15,154
2019,5,7,16,142
2019,5,7,17,154
2019,5,7,18,162
2019,5,7,19,187
2019,5,7,20,159
2019,5,7,21,160
2019,5,7,22,165
2019,5,7,23,149
2019,6,1,0,204
2019,6,1,1,160
2019,6,1,2,187
2019,6,1,3,137
2019,6,1,4,103
2019,6,1,5,86
2019,6,1,6,65
2019,6,1,7,76
2019,6,1,8,89
2019,6,1,9,129
2019,6,1,10,164
2019,6,1,11,144
2019,6,1,12,202
2019,6,1,13,134
2019,6,1,14,204
2019,6,1,15,212
2019,6,1,16,197
2019,6,1,17,215
2019,6,1,18,217
2019,6,1,19,200
2019,6,1,20,188
2019,6,1,21,178
2019,6,1,22,201
2019,6,1,23,188
2019,6,2,0,146
2019,6,2,1,84
2019,6,2,2,89
2019,6,2,3,52
2019,6,2,4,55
2019,6,2,5,43
2019,6,2,6,66
2019,6,2,7,67
2019,6,2,8,123
2019,6,2,9,133
2019,6,2,10,151
2019,6,2,11,148
2019,6,2,12,182
2019,6,2,13,156
2019,6,2,14,188
2019,6,2,15,169
2019,6,2,16,165
2019,6,2,17,170
2019,6,2,18,185
2019,6,2,19,164
2019,6,2,20,155
2019,6,2,21,142
2019,6,2,22,130
2019,6,2,23,105
2019,6,3,0,124
2019,6,3,1,80
2019,6,3,2,69
2019,6,3,3,43
2019,6,3,4,40
2019,6,3,5,37
2019,6,3,6,49
2019,6,3,7,73
2019,6,3,8,115
2019,6,3,9,139
2019,6,3,10,162
2019,6,3,11,127
2019,6,3,12,183
2019,6,3,13,154
2019,6,3,14,150
2019,6,3,15,198
2019,6,3,16,173
2019,6,3,17,139
2019,6,3,18,187
2019,6,3,19,190
2019,6,3,20,180
2019,6,3,21,157
2019,6,3,22,164
2019,6,3,23,117
2019,6,4,0,154
2019,6,4,1,104
2019,6,4,2,55
2019,6,4,3,59
2019,6,4,4,42
2019,6,4,5,44
2019,6,4,6,63
2019,6,4,7,100
2019,6,4,8,144
2019,6,4,9,129
2019,6,4,10,136
2019,6,4,11,159
2019,6,4,12,206
2019,6,4,13,143
2019,6,4,14,144
2019,6,4,15,169
2019,6,4,16,171
2019,6,4,17,179
2019,6,4,18,210
2019,6,4,19,165
2019,6,4,20,147
2019,6,4,21,126
2019,6,4,22,144
2019,6,4,23,121
2019,6,5,0,107
2019,6,5,1,74
2019,6,5,2,67
2019,6,5,3,42
2019,6,5,4,38
2019,6,5,5,31
2019,6,5,6,46
2019,6,5,7,64
2019,6,5,8,103
2019,6,5,9,142
2019,6,5,10,139
2019,6,5,11,153
2019,6,5,12,181
2019,6,5,13,171
2019,6,5,14,142
2019,6,5,15,164
2019,6,5,16,160
2019,6,5,17,174
2019,6,5,18,178
2019,6,5,19,192
2019,6,5,20,155
2019,6,5,21,156
2019,6,5,22,137
2019,6,5,23,110
2019,6,6,0,150
2019,6,6,1,98
2019,6,6,2,74
2019,6,6,3,73
2019,6,6,4,43
2019,6,6,5,43
2019,6,6,6,44
2019,6,6,7,71
2019,6,6,8,106
2019,6,6,9,154
2019,6,6,10,133
2019,6,6,11,149
2019,6,6,12,198
2019,6,6,13,155
2019,6,6,14,167
2019,6,6,15,164
2019,6,6,16,161
2019,6,6,17,203
2019,6,6,18,177
2019,6,6,19,197
2019,6,6,20,184
2019,6,6,21,201
2019,6,6,22,165
2019,6,6,23,149
2019,6,7,0,318
2019,6,7,1,201
2019,6,7,2,156
2019,6,7,3,134
2019,6,7,4,111
2019,6,7,5,68
2019,6,7,6,83
2019,6,7,7,81
2019,6,7,8,138
2019,6,7,9,198
2019,6,7,10,165
2019,6,7,11,175
2019,6,7,12,231
2019,6,7,13,187
2019,6,7,14,214
2019,6,7,15,206
2019,6,7,16,195
2019,6,7,17,198
2019,6,7,18,196
2019,6,7,19,224
2019,6,7,20,224
2019,6,7,21,213
2019,6,7,22,223
2019,6,7,23,200
2019,7,1,0,196
2019,7,1,1,140
2019,7,1,2,150
2019,7,1,3,130
2019,7,1,4,85
2019,7,1,5,82
2019,7,1,6,79
2019,7,1,7,75
2019,7,1,8,82
2019,7,1,9,95
2019,7,1,10,114
2019,7,1,11,118
2019,7,1,12,155
2019,7,1,13,128
2019,7,1,14,149
2019,7,1,15,130
2019,7,1,16,146
2019,7,1,17,148
2019,7,1,18,175
2019,7,1,19,166
2019,7,1,20,160
2019,7,1,21,165
2019,7,1,22,160
2019,7,1,23,144
2019,7,2,0,267
2019,7,2,1,117
2019,7,2,2,114
2019,7,2,3,82
2019,7,2,4,53
2019,7,2,5,65
2019,7,2,6,61
2019,7,2,7,101
2019,7,2,8,182
2019,7,2,9,187
2019,7,2,10,175
2019,7,2,11,190
2019,7,2,12,276
2019,7,2,13,198
2019,7,2,14,217
2019,7,2,15,216
2019,7,2,16,222
2019,7,2,17,204
2019,7,2,18,225
2019,7,2,19,220
2019,7,2,20,227
2019,7,2,21,202
2019,7,2,22,226
2019,7,2,23,151
2019,7,3,0,194
2019,7,3,1,106
2019,7,3,2,89
2019,7,3,3,59
2019,7,3,4,75
2019,7,3,5,56
2019,7,3,6,59
2019,7,3,7,107
2019,7,3,8,125
2019,7,3,9,159
2019,7,3,10,178
2019,7,3,11,178
2019,7,3,12,250
2019,7,3,13,180
2019,7,3,14,183
2019,7,3,15,204
2019,7,3,16,200
2019,7,3,17,210
2019,7,3,18,233
2019,7,3,19,238
2019,7,3,20,235
2019,7,3,21,183
2019,7,3,22,185
2019,7,3,23,147
2019,7,4,0,197
2019,7,4,1,104
2019,7,4,2,84
2019,7,4,3,54
2019,7,4,4,48
2019,7,4,5,44
2019,7,4,6,74
2019,7,4,7,91
2019,7,4,8,139
2019,7,4,9,202
2019,7,4,10,182
2019,7,4,11,166
2019,7,4,12,228
2019,7,4,13,188
2019,7,4,14,245
2019,7,4,15,199
2019,7,4,16,211
2019,7,4,17,196
2019,7,4,18,225
2019,7,4,19,235
2019,7,4,20,187
2019,7,4,21,223
2019,7,4,22,218
2019,7,4,23,165
2019,7,5,0,149
2019,7,5,1,93
2019,7,5,2,108
2019,7,5,3,83
2019,7,5,4,55
2019,7,5,5,37
2019,7,5,6,68
2019,7,5,7,78
2019,7,5,8,107
2019,7,5,9,132
2019,7,5,10,112
2019,7,5,11,102
2019,7,5,12,175
2019,7,5,13,156
2019,7,5,14,157
2019,7,5,15,160
2019,7,5,16,156
2019,7,5,17,177
2019,7,5,18,166
2019,7,5,19,158
2019,7,5,20,165
2019,7,5,21,151
2019,7,5,22,195
2019,7,5,23,184
2019,7,6,0,197
2019,7,6,1,132
2019,7,6,2,104
2019,7,6,3,87
2019,7,6,4,63
2019,7,6,5,51
2019,7,6,6,57
2019,7,6,7,80
2019,7,6,8,83
2019,7,6,9,149
2019,7,6,10,146
2019,7,6,11,138
2019,7,6,12,215
2019,7,6,13,126
2019,7,6,14,132
2019,7,6,15,154
2019,7,6,16,180
2019,7,6,17,191
2019,7,6,18,173
2019,7,6,19,192
2019,7,6,20,161
2019,7,6,21,191
2019,7,6,22,163
2019,7,6,23,133
2019,7,7,0,198
2019,7,7,1,141
2019,7,7,2,138
2019,7,7,3,104
2019,7,7,4,91
2019,7,7,5,66
2019,7,7,6,67
2019,7,7,7,48
2019,7,7,8,86
2019,7,7,9,106
2019,7,7,10,129
2019,7,7,11,133
2019,7,7,12,164
2019,7,7,13,149
2019,7,7,14,157
2019,7,7,15,177
2019,7,7,16,176
2019,7,7,17,151
2019,7,7,18,155
2019,7,7,19,180
2019,7,7,20,175
2019,7,7,21,182
2019,7,7,22,199
2019,7,7,23,191
2019,8,1,0,186
2019,8,1,1,181
2019,8,1,2,142
2019,8,1,3,146
2019,8,1,4,95
2019,8,1,5,73
2019,8,1,6,48
2019,8,1,7,66
2019,8,1,8,77
2019,8,1,9,106
2019,8,1,10,118
2019,8,1,11,116
2019,8,1,12,137
2019,8,1,13,118
2019,8,1,14,153
2019,8,1,15,156
2019,8,1,16,137
2019,8,1,17,164
2019,8,1,18,166
2019,8,1,19,174
2019,8,1,20,152
2019,8,1,21,160
2019,8,1,22,170
2019,8,1,23,130
2019,8,2,0,162
2019,8,2,1,96
2019,8,2,2,70
2019,8,2,3,68
2019,8,2,4,49
2019,8,2,5,55
2019,8,2,6,62
2019,8,2,7,71
2019,8,2,8,99
2019,8,2,9,143
2019,8,2,10,136
2019,8,2,11,149
2019,8,2,12,210
2019,8,2,13,148
2019,8,2,14,146
2019,8,2,15,154
2019,8,2,16,147
2019,8,2,17,166
2019,8,2,18,172
2019,8,2,19,167
2019,8,2,20,160
2019,8,2,21,146
2019,8,2,22,150
2019,8,2,23,110
2019,8,3,0,150
2019,8,3,1,79
2019,8,3,2,65
2019,8,3,3,62
2019,8,3,4,49
2019,8,3,5,52
2019,8,3,6,46
2019,8,3,7,65
2019,8,3,8,110
2019,8,3,9,145
2019,8,3,10,114
2019,8,3,11,147
2019,8,3,12,185
2019,8,3,13,140
2019,8,3,14,130
2019,8,3,15,142
2019,8,3,16,147
2019,8,3,17,175
2019,8,3,18,217
2019,8,3,19,186
2019,8,3,20,180
2019,8,3,21,159
2019,8,3,22,153
2019,8,3,23,115
2019,8,4,0,154
2019,8,4,1,80
2019,8,4,2,82
2019,8,4,3,55
2019,8,4,4,48
2019,8,4,5,29
2019,8,4,6,38
2019,8,4,7,84
2019,8,4,8,102
2019,8,4,9,129
2019,8,4,10,135
2019,8,4,11,164
2019,8,4,12,181
2019,8,4,13,126
2019,8,4,14,200
2019,8,4,15,169
2019,8,4,16,172
2019,8,4,17,177
2019,8,4,18,170
2019,8,4,19,192
2019,8,4,20,151
2019,8,4,21,148
2019,8,4,22,159
2019,8,4,23,105
2019,8,5,0,210
2019,8,5,1,97
2019,8,5,2,87
2019,8,5,3,66
2019,8,5,4,48
2019,8,5,5,63
2019,8,5,6,78
2019,8,5,7,86
2019,8,5,8,159
2019,8,5,9,204
2019,8,5,10,197
2019,8,5,11,225
2019,8,5,12,257
2019,8,5,13,184
2019,8,5,14,188
2019,8,5,15,193
2019,8,5,16,225
2019,8,5,17,220
2019,8,5,18,216
2019,8,5,19,230
2019,8,5,20,237
2019,8,5,21,220
2019,8,5,22,228
2019,8,5,23,168
2019,8,6,0,180
2019,8,6,1,148
2019,8,6,2,97
2019,8,6,3,64
2019,8,6,4,64
2019,8,6,5,69
2019,8,6,6,59
2019,8,6,7,82
2019,8,6,8,106
2019,8,6,9,182
2019,8,6,10,151
2019,8,6,11,151
2019,8,6,12,234
2019,8,6,13,162
2019,8,6,14,200
2019,8,6,15,219
2019,8,6,16,195
2019,8,6,17,248
2019,8,6,18,223
2019,8,6,19,225
2019,8,6,20,258
2019,8,6,21,237
2019,8,6,22,229
2019,8,6,23,217
2019,8,7,0,246
2019,8,7,1,189
2019,8,7,2,156
2019,8,7,3,136
2019,8,7,4,113
2019,8,7,5,94
2019,8,7,6,70
2019,8,7,7,54
2019,8,7,8,91
2019,8,7,9,162
2019,8,7,10,160
2019,8,7,11,179
2019,8,7,12,193
2019,8,7,13,155
2019,8,7,14,201
2019,8,7,15,190
2019,8,7,16,198
2019,8,7,17,190
2019,8,7,18,199
2019,8,7,19,227
2019,8,7,20,192
2019,8,7,21,213
2019,8,7,22,258
2019,8,7,23,210
2019,9,1,0,247
2019,9,1,1,139
2019,9,1,2,167
2019,9,1,3,134
2019,9,1,4,83
2019,9,1,5,66
2019,9,1,6,67
2019,9,1,7,73
2019,9,1,8,105
2019,9,1,9,150
2019,9,1,10,167
2019,9,1,11,162
2019,9,1,12,193
2019,9,1,13,137
2019,9,1,14,161
2019,9,1,15,205
2019,9,1,16,183
2019,9,1,17,214
2019,9,1,18,204
2019,9,1,19,193
2019,9,1,20,178
2019,9,1,21,202
2019,9,1,22,188
2019,9,1,23,151
2019,9,2,0,156
2019,9,2,1,86
2019,9,2,2,109
2019,9,2,3,93
2019,9,2,4,76
2019,9,2,5,43
2019,9,2,6,86
2019,9,2,7,104
2019,9,2,8,156
2019,9,2,9,171
2019,9,2,10,180
2019,9,2,11,202
2019,9,2,12,235
2019,9,2,13,177
2019,9,2,14,170
2019,9,2,15,171
2019,9,2,16,225
2019,9,2,17,221
2019,9,2,18,233
2019,9,2,19,225
2019,9,2,20,245
2019,9,2,21,182
2019,9,2,22,170
2019,9,2,23,166
2019,9,3,0,144
2019,9,3,1,79
2019,9,3,2,57
2019,9,3,3,40
2019,9,3,4,33
2019,9,3,5,37
2019,9,3,6,51
2019,9,3,7,90
2019,9,3,8,129
2019,9,3,9,140
2019,9,3,10,136
2019,9,3,11,140
2019,9,3,12,174
2019,9,3,13,142
2019,9,3,14,144
2019,9,3,15,157
2019,9,3,16,177
2019,9,3,17,170
2019,9,3,18,167
2019,9,3,19,177
2019,9,3,20,167
2019,9,3,21,137
2019,9,3,22,132
2019,9,3,23,121
2019,9,4,0,133
2019,9,4,1,73
2019,9,4,2,57
2019,9,4,3,45
2019,9,4,4,32
2019,9,4,5,47
2019,9,4,6,46
2019,9,4,7,79
2019,9,4,8,126
2019,9,4,9,121
2019,9,4,10,153
2019,9,4,11,145
2019,9,4,12,179
2019,9,4,13,159
2019,9,4,14,158
2019,9,4,15,152
2019,9,4,16,191
2019,9,4,17,168
2019,9,4,18,167
2019,9,4,19,156
2019,9,4,20,134
2019,9,4,21,136
2019,9,4,22,150
2019,9,4,23,98
2019,9,5,0,111
2019,9,5,1,66
2019,9,5,2,52
2019,9,5,3,46
2019,9,5,4,39
2019,9,5,5,34
2019,9,5,6,51
2019,9,5,7,91
2019,9,5,8,120
2019,9,5,9,146
2019,9,5,10,132
2019,9,5,11,143
2019,9,5,12,177
2019,9,5,13,136
2019,9,5,14,156
2019,9,5,15,173
2019,9,5,16,155
2019,9,5,17,177
2019,9,5,18,177
2019,9,5,19,173
2019,9,5,20,159
2019,9,5,21,150
2019,9,5,22,120
2019,9,5,23,149
2019,9,6,0,149
2019,9,6,1,80
2019,9,6,2,78
2019,9,6,3,49
2019,9,6,4,42
2019,9,6,5,39
2019,9,6,6,49
2019,9,6,7,98
2019,9,6,8,118
2019,9,6,9,146
2019,9,6,10,135
2019,9,6,11,137
2019,9,6,12,166
2019,9,6,13,148
2019,9,6,14,155
2019,9,6,15,156
2019,9,6,16,199
2019,9,6,17,174
2019,9,6,18,178
2019,9,6,19,177
2019,9,6,20,148
2019,9,6,21,156
2019,9,6,22,161
2019,9,6,23,138
2019,9,7,0,141
2019,9,7,1,108
2019,9,7,2,94
2019,9,7,3,86
2019,9,7,4,60
2019,9,7,5,39
2019,9,7,6,53
2019,9,7,7,53
2019,9,7,8,85
2019,9,7,9,116
2019,9,7,10,113
2019,9,7,11,148
2019,9,7,12,164
2019,9,7,13,124
2019,9,7,14,158
2019,9,7,15,161
2019,9,7,16,147
2019,9,7,17,153
2019,9,7,18,162
2019,9,7,19,165
2019,9,7,20,150
2019,9,7,21,134
2019,9,7,22,168
2019,9,7,23,176
2019,10,1,0,132
2019,10,1,1,125
2019,10,1,2,131
2019,10,1,3,96
2019,10,1,4,78
2019,10,1,5,54
2019,10,1,6,44
2019,10,1,7,53
2019,10,1,8,60
2019,10,1,9,103
2019,10,1,10,121
2019,10,1,11,117
2019,10,1,12,122
2019,10,1,13,139
2019,10,1,14,124
2019,10,1,15,117
2019,10,1,16,174
2019,10,1,17,149
2019,10,1,18,147
2019,10,1,19,148
2019,10,1,20,144
2019,10,1,21,158
2019,10,1,22,146
2019,10,1,23,107
2019,10,2,0,134
2019,10,2,1,66
2019,10,2,2,57
2019,10,2,3,58
2019,10,2,4,36
2019,10,2,5,50
2019,10,2,6,53
2019,10,2,7,80
2019,10,2,8,116
2019,10,2,9,115
2019,10,2,10,148
2019,10,2,11,132
2019,10,2,12,173
2019,10,2,13,120
2019,10,2,14,148
2019,10,2,15,168
2019,10,2,16,170
2019,10,2,17,165
2019,10,2,18,175
2019,10,2,19,142
2019,10,2,20,140
2019,10,2,21,131
2019,10,2,22,130
2019,10,2,23,102
2019,10,3,0,188
2019,10,3,1,75
2019,10,3,2,63
2019,10,3,3,62
2019,10,3,4,37
2019,10,3,5,45
2019,10,3,6,52
2019,10,3,7,92
2019,10,3,8,159
2019,10,3,9,182
2019,10,3,10,186
2019,10,3,11,179
2019,10,3,12,230
2019,10,3,13,187
2019,10,3,14,193
2019,10,3,15,209
2019,10,3,16,210
2019,10,3,17,206
2019,10,3,18,233
2019,10,3,19,240
2019,10,3,20,177
2019,10,3,21,153
2019,10,3,22,152
2019,10,3,23,131
2019,10,4,0,141
2019,10,4,1,91
2019,10,4,2,53
2019,10,4,3,47
2019,10,4,4,33
2019,10,4,5,45
2019,10,4,6,53
2019,10,4,7,71
2019,10,4,8,110
2019,10,4,9,165
2019,10,4,10,166
2019,10,4,11,167
2019,10,4,12,234
2019,10,4,13,190
2019,10,4,14,193
2019,10,4,15,227
2019,10,4,16,212
2019,10,4,17,213
2019,10,4,18,222
2019,10,4,19,201
2019,10,4,20,206
2019,10,4,21,178
2019,10,4,22,151
2019,10,4,23,115
2019,10,5,0,146
2019,10,5,1,68
2019,10,5,2,47
2019,10,5,3,63
2019,10,5,4,51
2019,10,5,5,45
2019,10,5,6,70
2019,10,5,7,97
2019,10,5,8,127
2019,10,5,9,165
2019,10,5,10,165
2019,10,5,11,150
2019,10,5,12,204
2019,10,5,13,177
2019,10,5,14,174
2019,10,5,15,193
2019,10,5,16,213
2019,10,5,17,199
2019,10,5,18,214
2019,10,5,19,189
2019,10,5,20,180
2019,10,5,21,160
2019,10,5,22,150
2019,10,5,23,113
2019,10,6,0,116
2019,10,6,1,78
2019,10,6,2,79
2019,10,6,3,44
2019,10,6,4,30
2019,10,6,5,37
2019,10,6,6,46
2019,10,6,7,66
2019,10,6,8,100
2019,10,6,9,138
2019,10,6,10,138
2019,10,6,11,115
2019,10,6,12,181
2019,10,6,13,133
2019,10,6,14,185
2019,10,6,15,160
2019,10,6,16,173
2019,10,6,17,154
2019,10,6,18,178
2019,10,6,19,190
2019,10,6,20,157
2019,10,6,21,127
2019,10,6,22,132
2019,10,6,23,144
2019,10,7,0,169
2019,10,7,1,115
2019,10,7,2,98
2019,10,7,3,69
2019,10,7,4,59
2019,10,7,5,44
2019,10,7,6,37
2019,10,7,7,51
2019,10,7,8,65
2019,10,7,9,128
2019,10,7,10,109
2019,10,7,11,113
2019,10,7,12,147
2019,10,7,13,129
2019,10,7,14,137
2019,10,7,15,131
2019,10,7,16,167
2019,10,7,17,137
2019,10,7,18,128
2019,10,7,19,144
2019,10,7,20,150
2019,10,7,21,134
2019,10,7,22,132
2019,10,7,23,141
2019,11,1,0,139
2019,11,1,1,140
2019,11,1,2,125
2019,11,1,3,96
2019,11,1,4,83
2019,11,1,5,45
2019,11,1,6,52
2019,11,1,7,48
2019,11,1,8,63
2019,11,1,9,95
2019,11,1,10,116
2019,11,1,11,122
2019,11,1,12,150
2019,11,1,13,124
2019,11,1,14,142
2019,11,1,15,162
2019,11,1,16,134
2019,11,1,17,151
2019,11,1,18,156
2019,11,1,19,157
2019,11,1,20,138
2019,11,1,21,129
2019,11,1,22,111
2019,11,1,23,96
2019,11,2,0,118
2019,11,2,1,54
2019,11,2,2,44
2019,11,2,3,29
2019,11,2,4,33
2019,11,2,5,37
2019,11,2,6,51
2019,11,2,7,79
2019,11,2,8,119
2019,11,2,9,132
2019,11,2,10,128
2019,11,2,11,140
2019,11,2,12,167
2019,11,2,13,101
2019,11,2,14,140
2019,11,2,15,137
2019,11,2,16,150
2019,11,2,17,139
2019,11,2,18,164
2019,11,2,19,131
2019,11,2,20,131
2019,11,2,21,122
2019,11,2,22,105
2019,11,2,23,93
2019,11,3,0,98
2019,11,3,1,58
2019,11,3,2,39
2019,11,3,3,39
2019,11,3,4,35
2019,11,3,5,24
2019,11,3,6,54
2019,11,3,7,70
2019,11,3,8,92
2019,11,3,9,131
2019,11,3,10,137
2019,11,3,11,119
2019,11,3,12,186
2019,11,3,13,155
2019,11,3,14,131
2019,11,3,15,164
2019,11,3,16,136
2019,11,3,17,145
2019,11,3,18,152
2019,11,3,19,143
2019,11,3,20,162
2019,11,3,21,101
2019,11,3,22,98
2019,11,3,23,79
2019,11,4,0,115
2019,11,4,1,39
2019,11,4,2,38
2019,11,4,3,32
2019,11,4,4,32
2019,11,4,5,34
2019,11,4,6,39
2019,11,4,7,72
2019,11,4,8,102
2019,11,4,9,131
2019,11,4,10,132
2019,11,4,11,136
2019,11,4,12,169
2019,11,4,13,162
2019,11,4,14,169
2019,11,4,15,174
2019,11,4,16,185
2019,11,4,17,134
2019,11,4,18,154
2019,11,4,19,146
2019,11,4,20,120
2019,11,4,21,110
2019,11,4,22,102
2019,11,4,23,81
2019,11,5,0,94
2019,11,5,1,77
2019,11,5,2,58
2019,11,5,3,44
2019,11,5,4,27
2019,11,5,5,39
2019,11,5,6,42
2019,11,5,7,59
2019,11,5,8,103
2019,11,5,9,124
2019,11,5,10,101
2019,11,5,11,143
2019,11,5,12,147
2019,11,5,13,114
2019,11,5,14,130
2019,11,5,15,138
2019,11,5,16,125
2019,11,5,17,150
2019,11,5,18,154
2019,11,5,19,117
2019,11,5,20,123
2019,11,5,21,101
2019,11,5,22,106
2019,11,5,23,98
2019,11,6,0,206
2019,11,6,1,113
2019,11,6,2,78
2019,11,6,3,65
2019,11,6,4,53
2019,11,6,5,53
2019,11,6,6,55
2019,11,6,7,88
2019,11,6,8,143
2019,11,6,9,185
2019,11,6,10,179
2019,11,6,11,180
2019,11,6,12,246
2019,11,6,13,182
2019,11,6,14,183
2019,11,6,15,243
2019,11,6,16,197
2019,11,6,17,198
2019,11,6,18,238
2019,11,6,19,175
2019,11,6,20,193
2019,11,6,21,138
2019,11,6,22,154
2019,11,6,23,138
2019,11,7,0,177
2019,11,7,1,136
2019,11,7,2,113
2019,11,7,3,78
2019,11,7,4,69
2019,11,7,5,55
2019,11,7,6,47
2019,11,7,7,72
2019,11,7,8,103
2019,11,7,9,138
2019,11,7,10,156
2019,11,7,11,173
2019,11,7,12,189
2019,11,7,13,158
2019,11,7,14,163
2019,11,7,15,182
2019,11,7,16,172
2019,11,7,17,177
2019,11,7,18,197
2019,11,7,19,194
2019,11,7,20,183
2019,11,7,21,153
2019,11,7,22,159
2019,11,7,23,160
2019,12,1,0,221
2019,12,1,1,141
2019,12,1,2,139
2019,12,1,3,110
2019,12,1,4,79
2019,12,1,5,64
2019,12,1,6,50
2019,12,1,7,73
2019,12,1,8,104
2019,12,1,9,139
2019,12,1,10,142
2019,12,1,11,150
2019,12,1,12,185
2019,12,1,13,163
2019,12,1,14,161
2019,12,1,15,171
2019,12,1,16,191
2019,12,1,17,162
2019,12,1,18,195
2019,12,1,19,181
2019,12,1,20,164
2019,12,1,21,167
2019,12,1,22,144
2019,12,1,23,131
2019,12,2,0,147
2019,12,2,1,101
2019,12,2,2,68
2019,12,2,3,48
2019,12,2,4,46
2019,12,2,5,53
2019,12,2,6,46
2019,12,2,7,89
2019,12,2,8,137
2019,12,2,9,157
2019,12,2,10,163
2019,12,2,11,162
2019,12,2,12,226
2019,12,2,13,173
2019,12,2,14,196
2019,12,2,15,175
2019,12,2,16,162
2019,12,2,17,204
2019,12,2,18,224
2019,12,2,19,193
2019,12,2,20,175
2019,12,2,21,145
2019,12,2,22,131
2019,12,2,23,128
2019,12,3,0,164
2019,12,3,1,74
2019,12,3,2,53
2019,12,3,3,47
2019,12,3,4,39
2019,12,3,5,41
2019,12,3,6,52
2019,12,3,7,82
2019,12,3,8,121
2019,12,3,9,176
2019,12,3,10,135
2019,12,3,11,180
2019,12,3,12,216
2019,12,3,13,185
2019,12,3,14,186
2019,12,3,15,184
2019,12,3,16,198
2019,12,3,17,190
2019,12,3,18,168
2019,12,3,19,195
2019,12,3,20,140
2019,12,3,21,124
2019,12,3,22,145
2019,12,3,23,116
2019,12,4,0,121
2019,12,4,1,67
2019,12,4,2,51
2019,12,4,3,36
2019,12,4,4,37
2019,12,4,5,35
2019,12,4,6,35
2019,12,4,7,62
2019,12,4,8,84
2019,12,4,9,117
2019,12,4,10,123
2019,12,4,11,116
2019,12,4,12,185
2019,12,4,13,143
2019,12,4,14,146
2019,12,4,15,136
2019,12,4,16,154
2019,12,4,17,136
2019,12,4,18,163
2019,12,4,19,146
2019,12,4,20,128
2019,12,4,21,102
2019,12,4,22,84
2019,12,4,23,110
2019,12,5,0,109
2019,12,5,1,45
2019,12,5,2,51
2019,12,5,3,44
2019,12,5,4,28
2019,12,5,5,50
2019,12,5,6,41
2019,12,5,7,74
2019,12,5,8,95
2019,12,5,9,108
2019,12,5,10,131
2019,12,5,11,113
2019,12,5,12,191
2019,12,5,13,141
2019,12,5,14,160
2019,12,5,15,148
2019,12,5,16,170
2019,12,5,17,170
2019,12,5,18,166
2019,12,5,19,150
2019,12,5,20,140
2019,12,5,21,113
2019,12,5,22,114
2019,12,5,23,98
2019,12,6,0,126
2019,12,6,1,57
2019,12,6,2,69
2019,12,6,3,61
2019,12,6,4,46
2019,12,6,5,39
2019,12,6,6,40
2019,12,6,7,73
2019,12,6,8,113
2019,12,6,9,119
2019,12,6,10,129
2019,12,6,11,119
2019,12,6,12,177
2019,12,6,13,150
2019,12,6,14,155
2019,12,6,15,176
2019,12,6,16,160
2019,12,6,17,173
2019,12,6,18,150
2019,12,6,19,178
2019,12,6,20,154
2019,12,6,21,152
2019,12,6,22,146
2019,12,6,23,128
2019,12,7,0,124
2019,12,7,1,83
2019,12,7,2,76
2019,12,7,3,99
2019,12,7,4,69
2019,12,7,5,42
2019,12,7,6,43
2019,12,7,7,50
2019,12,7,8,71
2019,12,7,9,139
2019,12,7,10,119
2019,12,7,11,128
2019,12,7,12,141
2019,12,7,13,140
2019,12,7,14,139
2019,12,7,15,155
2019,12,7,16,149
2019,12,7,17,144
2019,12,7,18,142
2019,12,7,19,159
2019,12,7,20,164
2019,12,7,21,139
2019,12,7,22,130
2019,12,7,23,125
2020,1,1,0,108
2020,1,1,1,107
2020,1,1,2,104
2020,1,1,3,71
2020,1,1,4,62
2020,1,1,5,40
2020,1,1,6,44
2020,1,1,7,46
2020,1,1,8,59
2020,1,1,9,67
2020,1,1,10,107
2020,1,1,11,109
2020,1,1,12,117
2020,1,1,13,100
2020,1,1,14,112
2020,1,1,15,121
2020,1,1,16,113
2020,1,1,17,139
2020,1,1,18,160
2020,1,1,19,129
2020,1,1,20,100
2020,1,1,21,102
2020,1,1,22,102
2020,1,1,23,90
2020,1,2,0,108
2020,1,2,1,64
2020,1,2,2,48
2020,1,2,3,44
2020,1,2,4,39
2020,1,2,5,34
2020,1,2,6,55
2020,1,2,7,78
2020,1,2,8,106
2020,1,2,9,124
2020,1,2,10,151
2020,1,2,11,133
2020,1,2,12,170
2020,1,2,13,135
2020,1,2,14,167
2020,1,2,15,146
2020,1,2,16,159
2020,1,2,17,155
2020,1,2,18,153
2020,1,2,19,160
2020,1,2,20,137
2020,1,2,21,106
2020,1,2,22,112
2020,1,2,23,76
2020,1,3,0,84
2020,1,3,1,44
2020,1,3,2,43
2020,1,3,3,33
2020,1,3,4,29
2020,1,3,5,35
2020,1,3,6,39
2020,1,3,7,57
2020,1,3,8,107
2020,1,3,9,147
2020,1,3,10,139
2020,1,3,11,139
2020,1,3,12,188
2020,1,3,13,121
2020,1,3,14,141
2020,1,3,15,155
2020,1,3,16,169
2020,1,3,17,157
2020,1,3,18,173
2020,1,3,19,138
2020,1,3,20,141
2020,1,3,21,120
2020,1,3,22,87
2020,1,3,23,73
2020,1,4,0,326
2020,1,4,1,122
2020,1,4,2,92
2020,1,4,3,83
2020,1,4,4,61
2020,1,4,5,70
2020,1,4,6,66
2020,1,4,7,79
2020,1,4,8,136
2020,1,4,9,165
2020,1,4,10,168
2020,1,4,11,133
2020,1,4,12,263
2020,1,4,13,178
2020,1,4,14,178
2020,1,4,15,192
2020,1,4,16,184
2020,1,4,17,189
2020,1,4,18,203
2020,1,4,19,146
2020,1,4,20,152
2020,1,4,21,143
2020,1,4,22,115
2020,1,4,23,97
2020,1,5,0,149
2020,1,5,1,72
2020,1,5,2,53
2020,1,5,3,38
2020,1,5,4,46
2020,1,5,5,44
2020,1,5,6,55
2020,1,5,7,70
2020,1,5,8,126
2020,1,5,9,150
2020,1,5,10,143
2020,1,5,11,153
2020,1,5,12,216
2020,1,5,13,194
2020,1,5,14,188
2020,1,5,15,181
2020,1,5,16,175
2020,1,5,17,201
2020,1,5,18,176
2020,1,5,19,207
2020,1,5,20,160
2020,1,5,21,127
2020,1,5,22,131
2020,1,5,23,101
2020,1,6,0,125
2020,1,6,1,68
2020,1,6,2,71
2020,1,6,3,68
2020,1,6,4,40
2020,1,6,5,48
2020,1,6,6,60
2020,1,6,7,75
2020,1,6,8,126
2020,1,6,9,147
2020,1,6,10,147
2020,1,6,11,168
2020,1,6,12,233
2020,1,6,13,174
2020,1,6,14,171
2020,1,6,15,219
2020,1,6,16,186
2020,1,6,17,174
2020,1,6,18,204
2020,1,6,19,189
2020,1,6,20,168
2020,1,6,21,142
2020,1,6,22,153
2020,1,6,23,118
2020,1,7,0,131
2020,1,7,1,68
2020,1,7,2,83
2020,1,7,3,70
2020,1,7,4,67
2020,1,7,5,57
2020,1,7,6,43
2020,1,7,7,44
2020,1,7,8,75
2020,1,7,9,100
2020,1,7,10,116
2020,1,7,11,109
2020,1,7,12,139
2020,1,7,13,109
2020,1,7,14,128
2020,1,7,15,127
2020,1,7,16,104
2020,1,7,17,127
2020,1,7,18,126
2020,1,7,19,132
2020,1,7,20,137
2020,1,7,21,109
2020,1,7,22,111
2020,1,7,23,110
2020,2,1,0,135
2020,2,1,1,126
2020,2,1,2,115
2020,2,1,3,111
2020,2,1,4,61
2020,2,1,5,50
2020,2,1,6,43
2020,2,1,7,53
2020,2,1,8,70
2020,2,1,9,89
2020,2,1,10,99
2020,2,1,11,104
2020,2,1,12,133
2020,2,1,13,118
2020,2,1,14,105
2020,2,1,15,136
2020,2,1,16,115
2020,2,1,17,135
2020,2,1,18,132
2020,2,1,19,137
2020,2,1,20,122
2020,2,1,21,113
2020,2,1,22,111
2020,2,1,23,97
2020,2,2,0,140
2020,2,2,1,75
2020,2,2,2,65
2020,2,2,3,58
2020,2,2,4,39
2020,2,2,5,44
2020,2,2,6,47
2020,2,2,7,70
2020,2,2,8,113
2020,2,2,9,116
2020,2,2,10,142
2020,2,2,11,152
2020,2,2,12,144
2020,2,2,13,130
2020,2,2,14,142
2020,2,2,15,134
2020,2,2,16,139
2020,2,2,17,147
2020,2,2,18,141
2020,2,2,19,124
2020,2,2,20,128
2020,2,2,21,108
2020,2,2,22,107
2020,2,2,23,74
2020,2,3,0,90
2020,2,3,1,62
2020,2,3,2,45
2020,2,3,3,34
2020,2,3,4,25
2020,2,3,5,44
2020,2,3,6,44
2020,2,3,7,62
2020,2,3,8,86
2020,2,3,9,121
2020,2,3,10,142
2020,2,3,11,133
2020,2,3,12,172
2020,2,3,13,129
2020,2,3,14,131
2020,2,3,15,178
2020,2,3,16,143
2020,2,3,17,149
2020,2,3,18,156
2020,2,3,19,133
2020,2,3,20,136
2020,2,3,21,112
2020,2,3,22,80
2020,2,3,23,71
2020,2,4,0,83
2020,2,4,1,40
2020,2,4,2,38
2020,2,4,3,38
2020,2,4,4,33
2020,2,4,5,33
2020,2,4,6,43
2020,2,4,7,63
2020,2,4,8,90
2020,2,4,9,124
2020,2,4,10,140
2020,2,4,11,104
2020,2,4,12,173
2020,2,4,13,164
2020,2,4,14,168
2020,2,4,15,164
2020,2,4,16,147
2020,2,4,17,155
2020,2,4,18,159
2020,2,4,19,119
2020,2,4,20,117
2020,2,4,21,96
2020,2,4,22,96
2020,2,4,23,61
2020,2,5,0,90
2020,2,5,1,50
2020,2,5,2,27
2020,2,5,3,36
2020,2,5,4,26
2020,2,5,5,30
2020,2,5,6,40
2020,2,5,7,42
2020,2,5,8,92
2020,2,5,9,108
2020,2,5,10,126
2020,2,5,11,102
2020,2,5,12,159
2020,2,5,13,137
2020,2,5,14,124
2020,2,5,15,144
2020,2,5,16,144
2020,2,5,17,134
2020,2,5,18,149
2020,2,5,19,126
2020,2,5,20,122
2020,2,5,21,97
2020,2,5,22,94
2020,2,5,23,75
2020,2,6,0,105
2020,2,6,1,82
2020,2,6,2,49
2020,2,6,3,44
2020,2,6,4,34
2020,2,6,5,29
2020,2,6,6,33
2020,2,6,7,63
2020,2,6,8,133
2020,2,6,9,131
2020,2,6,10,115
2020,2,6,11,123
2020,2,6,12,147
2020,2,6,13,127
2020,2,6,14,151
2020,2,6,15,145
2020,2,6,16,168
2020,2,6,17,143
2020,2,6,18,147
2020,2,6,19,158
2020,2,6,20,151
2020,2,6,21,117
2020,2,6,22,109
2020,2,6,23,92
2020,2,7,0,203
2020,2,7,1,125
2020,2,7,2,110
2020,2,7,3,107
2020,2,7,4,83
2020,2,7,5,53
2020,2,7,6,55
2020,2,7,7,60
2020,2,7,8,92
2020,2,7,9,160
2020,2,7,10,167
2020,2,7,11,151
2020,2,7,12,191
2020,2,7,13,172
2020,2,7,14,162
2020,2,7,15,145
2020,2,7,16,177
2020,2,7,17,172
2020,2,7,18,186
2020,2,7,19,168
2020,2,7,20,151
2020,2,7,21,131
2020,2,7,22,138
2020,2,7,23,148
2020,3,1,0,214
2020,3,1,1,98
2020,3,1,2,91
2020,3,1,3,114
2020,3,1,4,75
2020,3,1,5,58
2020,3,1,6,48
2020,3,1,7,64
2020,3,1,8,77
2020,3,1,9,126
2020,3,1,10,134
2020,3,1,11,107
2014,8,3,16,152
2014,8,3,17,171
2014,8,3,18,181
2014,8,3,19,179
2014,8,3,20,204
2014,8,3,21,181
2014,8,3,22,182
2014,8,3,23,146
2014,8,4,0,143
2014,8,4,1,94
2014,8,4,2,81
2014,8,4,3,61
2014,8,4,4,48
2014,8,4,5,29
2014,8,4,6,55
2014,8,4,7,70
2014,8,4,8,98
2014,8,4,9,147
2014,8,4,10,138
2014,8,4,11,147
2014,8,4,12,178
2014,8,4,13,156
2014,8,4,14,195
2014,8,4,15,188
2014,8,4,16,175
2014,8,4,17,183
2014,8,4,18,177
2014,8,4,19,191
2014,8,4,20,197
2014,8,4,21,180
2014,8,4,22,197
2014,8,4,23,154
2014,8,5,0,144
2014,8,5,1,91
2014,8,5,2,76
2014,8,5,3,62
2014,8,5,4,49
2014,8,5,5,35
2014,8,5,6,65
2014,8,5,7,67
2014,8,5,8,104
2014,8,5,9,160
2014,8,5,10,121
2014,8,5,11,165
2014,8,5,12,155
2014,8,5,13,146
2014,8,5,14,167
2014,8,5,15,182
2014,8,5,16,135
2014,8,5,17,179
2014,8,5,18,180
2014,8,5,19,176
2014,8,5,20,200
2014,8,5,21,171
2014,8,5,22,173
2014,8,5,23,153
2014,8,6,0,241
2014,8,6,1,149
2014,8,6,2,86
2014,8,6,3,72
2014,8,6,4,46
2014,8,6,5,55
2014,8,6,6,67
2014,8,6,7,97
2014,8,6,8,136
2014,8,6,9,228
2014,8,6,10,200
2014,8,6,11,192
2014,8,6,12,280
2014,8,6,13,187
2014,8,6,14,195
2014,8,6,15,195
2014,8,6,16,231
2014,8,6,17,251
2014,8,6,18,267
2014,8,6,19,257
2014,8,6,20,248
2014,8,6,21,269
2014,8,6,22,282
2014,8,6,23,236
2014,8,7,0,224
2014,8,7,1,195
2014,8,7,2,173
2014,8,7,3,162
2014,8,7,4,108
2014,8,7,5,82
2014,8,7,6,82
2014,8,7,7,73
2014,8,7,8,94
2014,8,7,9,155
2014,8,7,10,175
2014,8,7,11,200
2014,8,7,12,226
2014,8,7,13,170
2014,8,7,14,198
2014,8,7,15,212
2014,8,7,16,197
2014,8,7,17,187
2014,8,7,18,202
2014,8,7,19,226
2014,8,7,20,228
2014,8,7,21,257
2014,8,7,22,250
2014,8,7,23,253
2014,9,1,0,201
2014,9,1,1,130
2014,9,1,2,137
2014,9,1,3,144
2014,9,1,4,86
2014,9,1,5,69
2014,9,1,6,44
2014,9,1,7,48
2014,9,1,8,80
2014,9,1,9,134
2014,9,1,10,137
2014,9,1,11,141
2014,9,1,12,147
2014,9,1,13,134
2014,9,1,14,135
2014,9,1,15,160
2014,9,1,16,152
2014,9,1,17,151
2014,9,1,18,162
2014,9,1,19,177
2014,9,1,20,173
2014,9,1,21,172
2014,9,1,22,156
2014,9,1,23,142
2014,9,2,0,251
2014,9,2,1,118
2014,9,2,2,80
2014,9,2,3,54
2014,9,2,4,47
2014,9,2,5,40
2014,9,2,6,74
2014,9,2,7,100
2014,9,2,8,152
2014,9,2,9,220
2014,9,2,10,198
2014,9,2,11,193
2014,9,2,12,253
2014,9,2,13,193
2014,9,2,14,192
2014,9,2,15,224
2014,9,2,16,172
2014,9,2,17,186
2014,9,2,18,204
2014,9,2,19,235
2014,9,2,20,252
2014,9,2,21,204
2014,9,2,22,218
2014,9,2,23,149
2014,9,3,0,167
2014,9,3,1,94
2014,9,3,2,70
2014,9,3,3,63
2014,9,3,4,39
2014,9,3,5,56
2014,9,3,6,66
2014,9,3,7,107
2014,9,3,8,140
2014,9,3,9,185
2014,9,3,10,184
2014,9,3,11,182
2014,9,3,12,223
2014,9,3,13,213
2014,9,3,14,207
2014,9,3,15,204
2014,9,3,16,224
2014,9,3,17,232
2014,9,3,18,240
2014,9,3,19,251
2014,9,3,20,233
2014,9,3,21,214
2014,9,3,22,207
2014,9,3,23,153
2014,9,4,0,124
2014,9,4,1,60
2014,9,4,2,57
2014,9,4,3,46
2014,9,4,4,28
2014,9,4,5,34
2014,9,4,6,46
2014,9,4,7,93
2014,9,4,8,103
2014,9,4,9,136
2014,9,4,10,168
2014,9,4,11,141
2014,9,4,12,179
2014,9,4,13,129
2014,9,4,14,158
2014,9,4,15,189
2014,9,4,16,170
2014,9,4,17,173
2014,9,4,18,194
2014,9,4,19,189
2014,9,4,20,208
2014,9,4,21,154
2014,9,4,22,153
2014,9,4,23,129
2014,9,5,0,124
2014,9,5,1,85
2014,9,5,2,52
2014,9,5,3,49
2014,9,5,4,31
2014,9,5,5,36
2014,9,5,6,69
2014,9,5,7,97
2014,9,5,8,123
2014,9,5,9,156
2014,9,5,10,116
2014,9,5,11,146
2014,9,5,12,177
2014,9,5,13,172
2014,9,5,14,134
2014,9,5,15,207
2014,9,5,16,198
2014,9,5,17,150
2014,9,5,18,166
2014,9,5,19,175
2014,9,5,20,185
2014,9,5,21,173
2014,9,5,22,162
2014,9,5,23,133
2014,9,6,0,147
2014,9,6,1,97
2014,9,6,2,57
2014,9,6,3,37
2014,9,6,4,37
2014,9,6,5,36
2014,9,6,6,68
2014,9,6,7,98
2014,9,6,8,121
2014,9,6,9,160
2014,9,6,10,145
2014,9,6,11,148
2014,9,6,12,198
2014,9,6,13,158
2014,9,6,14,166
2014,9,6,15,209
2014,9,6,16,170
2014,9,6,17,157
2014,9,6,18,198
2014,9,6,19,179
2014,9,6,20,183
2014,9,6,21,202
2014,9,6,22,179
2014,9,6,23,170
2014,9,7,0,184
2014,9,7,1,148
2014,9,7,2,128
2014,9,7,3,92
2014,9,7,4,72
2014,9,7,5,55
2014,9,7,6,59
2014,9,7,7,52
2014,9,7,8,67
2014,9,7,9,106
2014,9,7,10,115
2014,9,7,11,126
2014,9,7,12,170
2014,9,7,13,138
2014,9,7,14,144
2014,9,7,15,171
2014,9,7,16,166
2014,9,7,17,157
2014,9,7,18,187
2014,9,7,19,179
2014,9,7,20,172
2014,9,7,21,170
2014,9,7,22,218
2014,9,7,23,160
2014,10,1,0,171
2014,10,1,1,111
2014,10,1,2,125
2014,10,1,3,84
2014,10,1,4,88
2014,10,1,5,71
2014,10,1,6,44
2014,10,1,7,38
2014,10,1,8,67
2014,10,1,9,98
2014,10,1,10,119
2014,10,1,11,132
2014,10,1,12,130
2014,10,1,13,126
2014,10,1,14,148
2014,10,1,15,152
2014,10,1,16,145
2014,10,1,17,130
2014,10,1,18,144
2014,10,1,19,181
2014,10,1,20,171
2014,10,1,21,159
2014,10,1,22,144
2014,10,1,23,125
2014,10,2,0,122
2014,10,2,1,57
2014,10,2,2,68
2014,10,2,3,45
2014,10,2,4,42
2014,10,2,5,51
2014,10,2,6,60
2014,10,2,7,80
2014,10,2,8,105
2014,10,2,9,137
2014,10,2,10,145
2014,10,2,11,149
2014,10,2,12,180
2014,10,2,13,171
2014,10,2,14,153
2014,10,2,15,166
2014,10,2,16,169
2014,10,2,17,157
2014,10,2,18,172
2014,10,2,19,177
2014,10,2,20,142
2014,10,2,21,170
2014,10,2,22,157
2014,10,2,23,122
2014,10,3,0,130
2014,10,3,1,73
2014,10,3,2,55
2014,10,3,3,46
2014,10,3,4,34
2014,10,3,5,27
2014,10,3,6,57
2014,10,3,7,79
2014,10,3,8,134
2014,10,3,9,163
2014,10,3,10,158
2014,10,3,11,169
2014,10,3,12,173
2014,10,3,13,170
2014,10,3,14,153
2014,10,3,15,171
2014,10,3,16,178
2014,10,3,17,164
2014,10,3,18,163
2014,10,3,19,189
2014,10,3,20,155
2014,10,3,21,146
2014,10,3,22,153
2014,10,3,23,97
2014,10,4,0,189
2014,10,4,1,74
2014,10,4,2,70
2014,10,4,3,45
2014,10,4,4,43
2014,10,4,5,28
2014,10,4,6,70
2014,10,4,7,114
2014,10,4,8,171
2014,10,4,9,246
2014,10,4,10,176
2014,10,4,11,165
2014,10,4,12,260
2014,10,4,13,226
2014,10,4,14,220
2014,10,4,15,217
2014,10,4,16,208
2014,10,4,17,204
2014,10,4,18,253
2014,10,4,19,209
2014,10,4,20,239
2014,10,4,21,237
2014,10,4,22,213
2014,10,4,23,144
2014,10,5,0,143
2014,10,5,1,84
2014,10,5,2,62
2014,10,5,3,63
2014,10,5,4,53
2014,10,5,5,48
2014,10,5,6,71
2014,10,5,7,115
2014,10,5,8,160
2014,10,5,9,190
2014,10,5,10,173
2014,10,5,11,170
2014,10,5,12,226
2014,10,5,13,197
2014,10,5,14,201
2014,10,5,15,211
2014,10,5,16,200
2014,10,5,17,221
2014,10,5,18,227
2014,10,5,19,233
2014,10,5,20,216
2014,10,5,21,195
2014,10,5,22,175
2014,10,5,23,159
2014,10,6,0,155
2014,10,6,1,103
2014,10,6,2,77
2014,10,6,3,45
2014,10,6,4,46
2014,10,6,5,45
2014,10,6,6,89
2014,10,6,7,112
2014,10,6,8,165
2014,10,6,9,180
2014,10,6,10,189
2014,10,6,11,189
2014,10,6,12,224
2014,10,6,13,206
2014,10,6,14,199
2014,10,6,15,261
2014,10,6,16,207
2014,10,6,17,220
2014,10,6,18,235
2014,10,6,19,255
2014,10,6,20,230
2014,10,6,21,225
2014,10,6,22,240
2014,10,6,23,194
2014,10,7,0,165
2014,10,7,1,131
2014,10,7,2,118
2014,10,7,3,100
2014,10,7,4,71
2014,10,7,5,36
2014,10,7,6,51
2014,10,7,7,57
2014,10,7,8,92
2014,10,7,9,110
2014,10,7,10,146
2014,10,7,11,132
2014,10,7,12,172
2014,10,7,13,127
2014,10,7,14,146
2014,10,7,15,171
2014,10,7,16,174
2014,10,7,17,139
2014,10,7,18,168
2014,10,7,19,189
2014,10,7,20,174
2014,10,7,21,149
2014,10,7,22,179
2014,10,7,23,168
2014,11,1,0,176
2014,11,1,1,173
2014,11,1,2,145
2014,11,1,3,141
2014,11,1,4,97
2014,11,1,5,57
2014,11,1,6,52
2014,11,1,7,70
2014,11,1,8,66
2014,11,1,9,134
2014,11,1,10,149
2014,11,1,11,142
2014,11,1,12,177
2014,11,1,13,135
2014,11,1,14,161
2014,11,1,15,182
2014,11,1,16,186
2014,11,1,17,177
2014,11,1,18,197
2014,11,1,19,198
2014,11,1,20,212
2014,11,1,21,174
2014,11,1,22,168
2014,11,1,23,128
2014,11,2,0,116
2014,11,2,1,54
2014,11,2,2,55
2014,11,2,3,31
2014,11,2,4,19
2014,11,2,5,35
2014,11,2,6,53
2014,11,2,7,83
2014,11,2,8,128
2014,11,2,9,166
2014,11,2,10,122
2014,11,2,11,118
2014,11,2,12,188
2014,11,2,13,140
2014,11,2,14,148
2014,11,2,15,175
2014,11,2,16,162
2014,11,2,17,140
2014,11,2,18,153
2014,11,2,19,156
2014,11,2,20,147
2014,11,2,21,128
2014,11,2,22,134
2014,11,2,23,115
2014,11,3,0,98
2014,11,3,1,68
2014,11,3,2,43
2014,11,3,3,34
2014,11,3,4,32
2014,11,3,5,37
2014,11,3,6,52
2014,11,3,7,95
2014,11,3,8,102
2014,11,3,9,146
2014,11,3,10,137
2014,11,3,11,137
2014,11,3,12,193
2014,11,3,13,148
2014,11,3,14,139
2014,11,3,15,152
2014,11,3,16,151
2014,11,3,17,132
2014,11,3,18,149
2014,11,3,19,170
2014,11,3,20,132
2014,11,3,21,155
2014,11,3,22,132
2014,11,3,23,103
2014,11,4,0,112
2014,11,4,1,52
2014,11,4,2,45
2014,11,4,3,29
2014,11,4,4,19
2014,11,4,5,20
2014,11,4,6,42
2014,11,4,7,77
2014,11,4,8,119
2014,11,4,9,125
2014,11,4,10,121
2014,11,4,11,120
2014,11,4,12,178
2014,11,4,13,144
2014,11,4,14,158
2014,11,4,15,168
2014,11,4,16,143
2014,11,4,17,145
2014,11,4,18,174
2014,11,4,19,169
2014,11,4,20,147
2014,11,4,21,138
2014,11,4,22,119
2014,11,4,23,85
2014,11,5,0,102
2014,11,5,1,54
2014,11,5,2,56
2014,11,5,3,45
2014,11,5,4,36
2014,11,5,5,22
2014,11,5,6,40
2014,11,5,7,66
2014,11,5,8,95
2014,11,5,9,130
2014,11,5,10,127
2014,11,5,11,109
2014,11,5,12,150
2014,11,5,13,120
2014,11,5,14,135
2014,11,5,15,144
2014,11,5,16,132
2014,11,5,17,128
2014,11,5,18,122
2014,11,5,19,146
2014,11,5,20,147
2014,11,5,21,103
2014,11,5,22,118
2014,11,5,23,90
2014,11,6,0,131
2014,11,6,1,73
2014,11,6,2,49
2014,11,6,3,38
2014,11,6,4,30
2014,11,6,5,34
2014,11,6,6,36
2014,11,6,7,74
2014,11,6,8,95
2014,11,6,9,125
2014,11,6,10,131
2014,11,6,11,123
2014,11,6,12,195
2014,11,6,13,141
2014,11,6,14,134
2014,11,6,15,170
2014,11,6,16,147
2014,11,6,17,166
2014,11,6,18,172
2014,11,6,19,179
2014,11,6,20,192
2014,11,6,21,142
2014,11,6,22,157
2014,11,6,23,140
2014,11,7,0,248
2014,11,7,1,127
2014,11,7,2,158
2014,11,7,3,115
2014,11,7,4,68
2014,11,7,5,66
2014,11,7,6,52
2014,11,7,7,49
2014,11,7,8,98
2014,11,7,9,146
2014,11,7,10,169
2014,11,7,11,171
2014,11,7,12,229
2014,11,7,13,145
2014,11,7,14,192
2014,11,7,15,204
2014,11,7,16,177
2014,11,7,17,203
2014,11,7,18,209
2014,11,7,19,209
2014,11,7,20,209
2014,11,7,21,210
2014,11,7,22,227
2014,11,7,23,158
2014,12,1,0,134
2014,12,1,1,132
2014,12,1,2,119
2014,12,1,3,98
2014,12,1,4,69
2014,12,1,5,50
2014,12,1,6,46
2014,12,1,7,28
2014,12,1,8,60
2014,12,1,9,106
2014,12,1,10,94
2014,12,1,11,91
2014,12,1,12,139
2014,12,1,13,105
2014,12,1,14,108
2014,12,1,15,144
2014,12,1,16,116
2014,12,1,17,140
2014,12,1,18,152
2014,12,1,19,164
2014,12,1,20,142
2014,12,1,21,128
2014,12,1,22,130
2014,12,1,23,96
2014,12,2,0,191
2014,12,2,1,76
2014,12,2,2,62
2014,12,2,3,48
2014,12,2,4,35
2014,12,2,5,54
2014,12,2,6,59
2014,12,2,7,101
2014,12,2,8,145
2014,12,2,9,215
2014,12,2,10,172
2014,12,2,11,156
2014,12,2,12,242
2014,12,2,13,201
2014,12,2,14,205
2014,12,2,15,203
2014,12,2,16,189
2014,12,2,17,198
2014,12,2,18,207
2014,12,2,19,219
2014,12,2,20,189
2014,12,2,21,151
2014,12,2,22,167
2014,12,2,23,92
2014,12,3,0,133
2014,12,3,1,55
2014,12,3,2,53
2014,12,3,3,39
2014,12,3,4,42
2014,12,3,5,25
2014,12,3,6,57
2014,12,3,7,95
2014,12,3,8,107
2014,12,3,9,145
2014,12,3,10,156
2014,12,3,11,191
2014,12,3,12,196
2014,12,3,13,184
2014,12,3,14,163
2014,12,3,15,196
2014,12,3,16,203
2014,12,3,17,163
2014,12,3,18,176
2014,12,3,19,200
2014,12,3,20,200
2014,12,3,21,155
2014,12,3,22,168
2014,12,3,23,106
2014,12,4,0,134
2014,12,4,1,78
2014,12,4,2,60
2014,12,4,3,46
2014,12,4,4,38
2014,12,4,5,40
2014,12,4,6,66
2014,12,4,7,109
2014,12,4,8,137
2014,12,4,9,182
2014,12,4,10,138
2014,12,4,11,173
2014,12,4,12,220
2014,12,4,13,173
2014,12,4,14,192
2014,12,4,15,189
2014,12,4,16,181
2014,12,4,17,193
2014,12,4,18,188
2014,12,4,19,193
2014,12,4,20,170
2014,12,4,21,175
2014,12,4,22,160
2014,12,4,23,130
2014,12,5,0,90
2014,12,5,1,57
2014,12,5,2,65
2014,12,5,3,46
2014,12,5,4,32
2014,12,5,5,28
2014,12,5,6,53
2014,12,5,7,82
2014,12,5,8,101
2014,12,5,9,119
2014,12,5,10,119
2014,12,5,11,108
2014,12,5,12,155
2014,12,5,13,98
2014,12,5,14,142
2014,12,5,15,144
2014,12,5,16,147
2014,12,5,17,129
2014,12,5,18,132
2014,12,5,19,133
2014,12,5,20,117
2014,12,5,21,111
2014,12,5,22,126
2014,12,5,23,101
2014,12,6,0,93
2014,12,6,1,58
2014,12,6,2,50
2014,12,6,3,53
2014,12,6,4,38
2014,12,6,5,25
2014,12,6,6,60
2014,12,6,7,84
2014,12,6,8,90
2014,12,6,9,132
2014,12,6,10,140
2014,12,6,11,140
2014,12,6,12,185
2014,12,6,13,133
2014,12,6,14,150
2014,12,6,15,169
2014,12,6,16,157
2014,12,6,17,155
2014,12,6,18,174
2014,12,6,19,183
2014,12,6,20,176
2014,12,6,21,181
2014,12,6,22,160
2014,12,6,23,137
2014,12,7,0,151
2014,12,7,1,113
2014,12,7,2,98
2014,12,7,3,90
2014,12,7,4,68
2014,12,7,5,52
2014,12,7,6,53
2014,12,7,7,46
2014,12,7,8,83
2014,12,7,9,106
2014,12,7,10,115
2014,12,7,11,125
2014,12,7,12,157
2014,12,7,13,121
2014,12,7,14,146
2014,12,7,15,132
2014,12,7,16,143
2014,12,7,17,149
2014,12,7,18,164
2014,12,7,19,181
2014,12,7,20,149
2014,12,7,21,149
2014,12,7,22,154
2014,12,7,23,140
2015,1,1,0,139
2015,1,1,1,137
2015,1,1,2,97
2015,1,1,3,85
2015,1,1,4,66
2015,1,1,5,55
2015,1,1,6,35
2015,1,1,7,43
2015,1,1,8,61
2015,1,1,9,74
2015,1,1,10,101
2015,1,1,11,122
2015,1,1,12,133
2015,1,1,13,110
2015,1,1,14,100
2015,1,1,15,143
2015,1,1,16,113
2015,1,1,17,136
2015,1,1,18,147
2015,1,1,19,131
2015,1,1,20,142
2015,1,1,21,117
2015,1,1,22,120
2015,1,1,23,102
2015,1,2,0,100
2015,1,2,1,67
2015,1,2,2,39
2015,1,2,3,40
2015,1,2,4,31
2015,1,2,5,32
2015,1,2,6,36
2015,1,2,7,62
2015,1,2,8,86
2015,1,2,9,118
2015,1,2,10,125
2015,1,2,11,127
2015,1,2,12,158
2015,1,2,13,126
2015,1,2,14,132
2015,1,2,15,146
2015,1,2,16,153
2015,1,2,17,131
2015,1,2,18,150
2015,1,2,19,147
2015,1,2,20,155
2015,1,2,21,121
2015,1,2,22,113
2015,1,2,23,101
2015,1,3,0,102
2015,1,3,1,47
2015,1,3,2,36
2015,1,3,3,57
2015,1,3,4,26
2015,1,3,5,18
2015,1,3,6,39
2015,1,3,7,61
2015,1,3,8,90
2015,1,3,9,127
2015,1,3,10,114
2015,1,3,11,146
2015,1,3,12,179
2015,1,3,13,134
2015,1,3,14,144
2015,1,3,15,170
2015,1,3,16,162
2015,1,3,17,133
2015,1,3,18,160
2015,1,3,19,161
2015,1,3,20,145
2015,1,3,21,146
2015,1,3,22,116
2015,1,3,23,70
2015,1,4,0,114
2015,1,4,1,42
2015,1,4,2,45
2015,1,4,3,30
2015,1,4,4,17
2015,1,4,5,35
2015,1,4,6,46
2015,1,4,7,64
2015,1,4,8,92
2015,1,4,9,146
2015,1,4,10,119
2015,1,4,11,114
2015,1,4,12,146
2015,1,4,13,139
2015,1,4,14,142
2015,1,4,15,166
2015,1,4,16,136
2015,1,4,17,145
2015,1,4,18,144
2015,1,4,19,167
2015,1,4,20,144
2015,1,4,21,140
2015,1,4,22,120
2015,1,4,23,89
2015,1,5,0,500
2015,1,5,1,99
2015,1,5,2,77
2015,1,5,3,77
2015,1,5,4,77
2015,1,5,5,47
2015,1,5,6,59
2015,1,5,7,94
2015,1,5,8,183
2015,1,5,9,240
2015,1,5,10,175
2015,1,5,11,174
2015,1,5,12,216
2015,1,5,13,163
2015,1,5,14,189
2015,1,5,15,198
2015,1,5,16,205
2015,1,5,17,190
2015,1,5,18,167
2015,1,5,19,202
2015,1,5,20,178
2015,1,5,21,164
2015,1,5,22,150
2015,1,5,23,100
2015,1,6,0,136
2015,1,6,1,70
2015,1,6,2,60
2015,1,6,3,53
2015,1,6,4,38
2015,1,6,5,26
2015,1,6,6,58
2015,1,6,7,97
2015,1,6,8,114
2015,1,6,9,183
2015,1,6,10,155
2015,1,6,11,154
2015,1,6,12,184
2015,1,6,13,170
2015,1,6,14,203
2015,1,6,15,213
2015,1,6,16,176
2015,1,6,17,175
2015,1,6,18,213
2015,1,6,19,249
2015,1,6,20,188
2015,1,6,21,184
2015,1,6,22,208
2015,1,6,23,181
2015,1,7,0,164
2015,1,7,1,132
2015,1,7,2,133
2015,1,7,3,93
2015,1,7,4,54
2015,1,7,5,66
2015,1,7,6,48
2015,1,7,7,48
2015,1,7,8,87
2015,1,7,9,138
2015,1,7,10,148
2015,1,7,11,140
2015,1,7,12,199
2015,1,7,13,157
2015,1,7,14,152
2015,1,7,15,180
2015,1,7,16,176
2015,1,7,17,160
2015,1,7,18,207
2015,1,7,19,226
2015,1,7,20,188
2015,1,7,21,202
2015,1,7,22,197
2015,1,7,23,134
2015,2,1,0,171
2015,2,1,1,109
2015,2,1,2,103
2015,2,1,3,91
2015,2,1,4,63
2015,2,1,5,53
2015,2,1,6,35
2015,2,1,7,33
2015,2,1,8,66
2015,2,1,9,124
2015,2,1,10,89
2015,2,1,11,106
2015,2,1,12,128
2015,2,1,13,91
2015,2,1,14,111
2015,2,1,15,107
2015,2,1,16,102
2015,2,1,17,99
2015,2,1,18,105
2015,2,1,19,115
2015,2,1,20,141
2015,2,1,21,111
2015,2,1,22,100
2015,2,1,23,72
2015,2,2,0,94
2015,2,2,1,39
2015,2,2,2,33
2015,2,2,3,33
2015,2,2,4,22
2015,2,2,5,30
2015,2,2,6,48
2015,2,2,7,71
2015,2,2,8,85
2015,2,2,9,116
2015,2,2,10,124
2015,2,2,11,116
2015,2,2,12,137
2015,2,2,13,140
2015,2,2,14,96
2015,2,2,15,133
2015,2,2,16,133
2015,2,2,17,110
2015,2,2,18,118
2015,2,2,19,145
2015,2,2,20,109
2015,2,2,21,103
2015,2,2,22,97
2015,2,2,23,59
2015,2,3,0,65
2015,2,3,1,47
2015,2,3,2,28
2015,2,3,3,31
2015,2,3,4,17
2015,2,3,5,22
2015,2,3,6,46
2015,2,3,7,70
2015,2,3,8,89
2015,2,3,9,126
2015,2,3,10,136
2015,2,3,11,142
2015,2,3,12,159
2015,2,3,13,122
2015,2,3,14,119
2015,2,3,15,135
2015,2,3,16,145
2015,2,3,17,135
2015,2,3,18,136
2015,2,3,19,144
2015,2,3,20,125
2015,2,3,21,122
2015,2,3,22,121
2015,2,3,23,85
2015,2,4,0,95
2015,2,4,1,46
2015,2,4,2,34
2015,2,4,3,29
2015,2,4,4,22
2015,2,4,5,22
2015,2,4,6,42
2015,2,4,7,59
2015,2,4,8,129
2015,2,4,9,98
2015,2,4,10,109
2015,2,4,11,142
2015,2,4,12,144
2015,2,4,13,111
2015,2,4,14,110
2015,2,4,15,145
2015,2,4,16,131
2015,2,4,17,124
2015,2,4,18,140
2015,2,4,19,142
2015,2,4,20,115
2015,2,4,21,106
2015,2,4,22,99
2015,2,4,23,72
2015,2,5,0,75
2015,2,5,1,36
2015,2,5,2,34
2015,2,5,3,30
2015,2,5,4,28
2015,2,5,5,16
2015,2,5,6,33
2015,2,5,7,50
2015,2,5,8,90
2015,2,5,9,124
2015,2,5,10,126
2015,2,5,11,106
2015,2,5,12,143
2015,2,5,13,121
2015,2,5,14,103
2015,2,5,15,153
2015,2,5,16,122
2015,2,5,17,105
2015,2,5,18,124
2015,2,5,19,130
2015,2,5,20,119
2015,2,5,21,107
2015,2,5,22,105
2015,2,5,23,84
2015,2,6,0,88
2015,2,6,1,51
2015,2,6,2,48
2015,2,6,3,36
2015,2,6,4,18
2015,2,6,5,27
2015,2,6,6,32
2015,2,6,7,57
2015,2,6,8,96
2015,2,6,9,155
2015,2,6,10,118
2015,2,6,11,115
2015,2,6,12,167
2015,2,6,13,133
2015,2,6,14,133
2015,2,6,15,166
2015,2,6,16,149
2015,2,6,17,145
2015,2,6,18,157
2015,2,6,19,165
2015,2,6,20,159
2015,2,6,21,152
2015,2,6,22,125
2015,2,6,23,128
2015,2,7,0,124
2015,2,7,1,85
2015,2,7,2,111
2015,2,7,3,69
2015,2,7,4,41
2015,2,7,5,35
2015,2,7,6,39
2015,2,7,7,54
2015,2,7,8,61
2015,2,7,9,83
2015,2,7,10,111
2015,2,7,11,102
2015,2,7,12,119
2015,2,7,13,104
2015,2,7,14,115
2015,2,7,15,138
2015,2,7,16,114
2015,2,7,17,110
2015,2,7,18,138
2015,2,7,19,156
2015,2,7,20,147
2015,2,7,21,133
2015,2,7,22,155
2015,2,7,23,129
2015,3,1,0,230
2015,3,1,1,124
2015,3,1,2,126
2015,3,1,3,124
2015,3,1,4,98
2015,3,1,5,63
2015,3,1,6,50
2015,3,1,7,56
2015,3,1,8,75
2015,3,1,9,144
2015,3,1,10,126
2015,3,1,11,126
2015,3,1,12,219
2015,3,1,13,150
2015,3,1,14,136
2015,3,1,15,186
2015,3,1,16,139
2015,3,1,17,176
2015,3,1,18,205
2015,3,1,19,219
2015,3,1,20,205
2015,3,1,21,174
2015,3,1,22,173
2015,3,1,23,112
2015,3,2,0,139
2015,3,2,1,90
2015,3,2,2,61
2015,3,2,3,64
2015,3,2,4,39
2015,3,2,5,34
2015,3,2,6,55
2015,3,2,7,89
2015,3,2,8,126
2015,3,2,9,206
2015,3,2,10,163
2015,3,2,11,165
2015,3,2,12,227
2015,3,2,13,165
2015,3,2,14,159
2015,3,2,15,227
2015,3,2,16,194
2015,3,2,17,174
2015,3,2,18,229
2015,3,2,19,188
2015,3,2,20,208
2015,3,2,21,193
2015,3,2,22,157
2015,3,2,23,123
2015,3,3,0,119
2015,3,3,1,66
2015,3,3,2,38
2015,3,3,3,46
2015,3,3,4,36
2015,3,3,5,40
2015,3,3,6,56
2015,3,3,7,82
2015,3,3,8,134
2015,3,3,9,177
2015,3,3,10,153
2015,3,3,11,201
2015,3,3,12,224
2015,3,3,13,151
2015,3,3,14,195
2015,3,3,15,194
2015,3,3,16,196
2015,3,3,17,187
2015,3,3,18,206
2015,3,3,19,210
2015,3,3,20,189
2015,3,3,21,202
2015,3,3,22,173
2015,3,3,23,140
2015,3,4,0,121
2015,3,4,1,41
2015,3,4,2,44
2015,3,4,3,38
2015,3,4,4,29
2015,3,4,5,24
2015,3,4,6,34
2015,3,4,7,71
2015,3,4,8,104
2015,3,4,9,146
2015,3,4,10,149
2015,3,4,11,135
2015,3,4,12,198
2015,3,4,13,144
2015,3,4,14,135
2015,3,4,15,174
2015,3,4,16,162
2015,3,4,17,159
2015,3,4,18,151
2015,3,4,19,156
2015,3,4,20,150
2015,3,4,21,159
2015,3,4,22,114
2015,3,4,23,84
2015,3,5,0,97
2015,3,5,1,54
2015,3,5,2,54
2015,3,5,3,39
2015,3,5,4,37
2015,3,5,5,43
2015,3,5,6,38
2015,3,5,7,82
2015,3,5,8,113
2015,3,5,9,127
2015,3,5,10,138
2015,3,5,11,128
2015,3,5,12,175
2015,3,5,13,137
2015,3,5,14,143
2015,3,5,15,188
2015,3,5,16,169
2015,3,5,17,161
2015,3,5,18,156
2015,3,5,19,161
2015,3,5,20,154
2015,3,5,21,137
2015,3,5,22,158
2015,3,5,23,78
2015,3,6,0,96
2015,3,6,1,77
2015,3,6,2,79
2015,3,6,3,45
2015,3,6,4,35
2015,3,6,5,25
2015,3,6,6,52
2015,3,6,7,78
2015,3,6,8,113
2015,3,6,9,177
2015,3,6,10,113
2015,3,6,11,143
2015,3,6,12,183
2015,3,6,13,151
2015,3,6,14,155
2015,3,6,15,176
2015,3,6,16,162
2015,3,6,17,158
2015,3,6,18,196
2015,3,6,19,167
2015,3,6,20,179
2015,3,6,21,166
2015,3,6,22,158
2015,3,6,23,145
2015,3,7,0,146
2015,3,7,1,88
2015,3,7,2,97
2015,3,7,3,87
2015,3,7,4,66
2015,3,7,5,55
2015,3,7,6,50
2015,3,7,7,56
2015,3,7,8,62
2015,3,7,9,100
2015,3,7,10,112
2015,3,7,11,123
2015,3,7,12,165
2015,3,7,13,158
2015,3,7,14,143
2015,3,7,15,142
2015,3,7,16,130
2015,3,7,17,146
2015,3,7,18,166
2015,3,7,19,159
2015,3,7,20,149
2015,3,7,21,161
2015,3,7,22,149
2015,3,7,23,131
2015,4,1,0,158
2015,4,1,1,135
2015,4,1,2,111
2015,4,1,3,93
2015,4,1,4,87
2015,4,1,5,52
2015,4,1,6,58
2015,4,1,7,58
2015,4,1,8,78
2015,4,1,9,90
2015,4,1,10,125
2015,4,1,11,121
2015,4,1,12,146
2015,4,1,13,116
2015,4,1,14,114
2015,4,1,15,129
2015,4,1,16,134
2015,4,1,17,154
2015,4,1,18,147
2015,4,1,19,178
2015,4,1,20,172
2015,4,1,21,138
2015,4,1,22,152
2015,4,1,23,122
2015,4,2,0,118
2015,4,2,1,67
2015,4,2,2,64
2015,4,2,3,50
2015,4,2,4,29
2015,4,2,5,33
2015,4,2,6,37
2015,4,2,7,85
2015,4,2,8,98
2015,4,2,9,137
2015,4,2,10,124
2015,4,2,11,154
2015,4,2,12,188
2015,4,2,13,158
2015,4,2,14,142
2015,4,2,15,187
2015,4,2,16,153
2015,4,2,17,148
2015,4,2,18,195
2015,4,2,19,175
2015,4,2,20,158
2015,4,2,21,133
2015,4,2,22,139
2015,4,2,23,104
2015,4,3,0,119
2015,4,3,1,65
2015,4,3,2,33
2015,4,3,3,39
2015,4,3,4,35
2015,4,3,5,36
2015,4,3,6,39
2015,4,3,7,72
2015,4,3,8,94
2015,4,3,9,164
2015,4,3,10,119
2015,4,3,11,124
2015,4,3,12,144
2015,4,3,13,143
2015,4,3,14,133
2015,4,3,15,141
2015,4,3,16,159
2015,4,3,17,165
2015,4,3,18,177
2015,4,3,19,180
2015,4,3,20,149
2015,4,3,21,165
2015,4,3,22,151
2015,4,3,23,108
2015,4,4,0,203
2015,4,4,1,77
2015,4,4,2,71
2015,4,4,3,53
2015,4,4,4,36
2015,4,4,5,62
2015,4,4,6,63
2015,4,4,7,92
2015,4,4,8,138
2015,4,4,9,231
2015,4,4,10,198
2015,4,4,11,183
2015,4,4,12,250
2015,4,4,13,237
2015,4,4,14,208
2015,4,4,15,211
2015,4,4,16,188
2015,4,4,17,198
2015,4,4,18,195
2015,4,4,19,187
2015,4,4,20,220
2015,4,4,21,214
2015,4,4,22,198
2015,4,4,23,147
2015,4,5,0,151
2015,4,5,1,85
2015,4,5,2,58
2015,4,5,3,65
2015,4,5,4,41
2015,4,5,5,44
2015,4,5,6,59
2015,4,5,7,82
2015,4,5,8,127
2015,4,5,9,177
2015,4,5,10,175
2015,4,5,11,164
2015,4,5,12,215
2015,4,5,13,174
2015,4,5,14,190
2015,4,5,15,191
2015,4,5,16,179
2015,4,5,17,213
2015,4,5,18,229
2015,4,5,19,238
2015,4,5,20,198
2015,4,5,21,182
2015,4,5,22,168
2015,4,5,23,123
2015,4,6,0,111
2015,4,6,1,82
2015,4,6,2,60
2015,4,6,3,55
2015,4,6,4,33
2015,4,6,5,36
2015,4,6,6,41
2015,4,6,7,68
2015,4,6,8,88
2015,4,6,9,128
2015,4,6,10,139
2015,4,6,11,148
2015,4,6,12,179
2015,4,6,13,137
2015,4,6,14,144
2015,4,6,15,191
2015,4,6,16,168
2015,4,6,17,167
2015,4,6,18,197
2015,4,6,19,175
2015,4,6,20,172
2015,4,6,21,164
2015,4,6,22,166
2015,4,6,23,121
2015,4,7,0,132
2015,4,7,1,110
2015,4,7,2,90
2015,4,7,3,89
2015,4,7,4,57
2015,4,7,5,43
2015,4,7,6,41
2015,4,7,7,55
2015,4,7,8,86
2015,4,7,9,114
2015,4,7,10,134
2015,4,7,11,133
2015,4,7,12,169
2015,4,7,13,123
2015,4,7,14,124
2015,4,7,15,131
2015,4,7,16,135
2015,4,7,17,136
2015,4,7,18,188
2015,4,7,19,171
2015,4,7,20,147
2015,4,7,21,157
2015,4,7,22,172
2015,4,7,23,141
2015,5,1,0,198
2015,5,1,1,160
2015,5,1,2,178
2015,5,1,3,132
2015,5,1,4,102
2015,5,1,5,93
2015,5,1,6,52
2015,5,1,7,58
2015,5,1,8,77
2015,5,1,9,131
2015,5,1,10,124
2015,5,1,11,146
2015,5,1,12,185
2015,5,1,13,127
2015,5,1,14,170
2015,5,1,15,178
2015,5,1,16,179
2015,5,1,17,198
2015,5,1,18,221
2015,5,1,19,212
2015,5,1,20,210
2015,5,1,21,205
2015,5,1,22,173
2015,5,1,23,166
2015,5,2,0,147
2015,5,2,1,77
2015,5,2,2,79
2015,5,2,3,72
2015,5,2,4,43
2015,5,2,5,48
2015,5,2,6,64
2015,5,2,7,68
2015,5,2,8,115
2015,5,2,9,123
2015,5,2,10,126
2015,5,2,11,126
2015,5,2,12,166
2015,5,2,13,128
2015,5,2,14,147
2015,5,2,15,184
2015,5,2,16,147
2015,5,2,17,152
2015,5,2,18,170
2015,5,2,19,191
2015,5,2,20,171
2015,5,2,21,166
2015,5,2,22,162
2015,5,2,23,122
2015,5,3,0,130
2015,5,3,1,73
2015,5,3,2,43
2015,5,3,3,40
2015,5,3,4,34
2015,5,3,5,39
2015,5,3,6,51
2015,5,3,7,89
2015,5,3,8,129
2015,5,3,9,141
2015,5,3,10,167
2015,5,3,11,165
2015,5,3,12,183
2015,5,3,13,131
2015,5,3,14,140
2015,5,3,15,150
2015,5,3,16,152
2015,5,3,17,162
2015,5,3,18,183
2015,5,3,19,174
2015,5,3,20,151
2015,5,3,21,141
2015,5,3,22,140
2015,5,3,23,124
2015,5,4,0,123
2015,5,4,1,57
2015,5,4,2,49
2015,5,4,3,51
2015,5,4,4,46
2015,5,4,5,34
2015,5,4,6,55
2015,5,4,7,87
2015,5,4,8,126
2015,5,4,9,135
2015,5,4,10,139
2015,5,4,11,160
2015,5,4,12,162
2015,5,4,13,157
2015,5,4,14,178
2015,5,4,15,170
2015,5,4,16,158
2015,5,4,17,173
2015,5,4,18,202
2015,5,4,19,178
2015,5,4,20,143
2015,5,4,21,137
2015,5,4,22,139
2015,5,4,23,117
2015,5,5,0,123
2015,5,5,1,82
2015,5,5,2,58
2015,5,5,3,44
2015,5,5,4,26
2015,5,5,5,29
2015,5,5,6,61
2015,5,5,7,76
2015,5,5,8,124
2015,5,5,9,133
2015,5,5,10,137
2015,5,5,11,139
2015,5,5,12,184
2015,5,5,13,153
2015,5,5,14,169
2015,5,5,15,177
2015,5,5,16,196
2015,5,5,17,179
2015,5,5,18,179
2015,5,5,19,203
2015,5,5,20,161
2015,5,5,21,193
2015,5,5,22,173
2015,5,5,23,128
2015,5,6,0,224
2015,5,6,1,97
2015,5,6,2,83
2015,5,6,3,65
2015,5,6,4,47
2015,5,6,5,48
2015,5,6,6,66
2015,5,6,7,87
2015,5,6,8,163
2015,5,6,9,222
2015,5,6,10,209
2015,5,6,11,200
2015,5,6,12,263
2015,5,6,13,193
2015,5,6,14,232
2015,5,6,15,229
2015,5,6,16,218
2015,5,6,17,219
2015,5,6,18,213
2015,5,6,19,249
2015,5,6,20,235
2015,5,6,21,235
2015,5,6,22,228
2015,5,6,23,212
2015,5,7,0,172
2015,5,7,1,156
2015,5,7,2,132
2015,5,7,3,129
2015,5,7,4,104
2015,5,7,5,81
2015,5,7,6,66
2015,5,7,7,59
2015,5,7,8,87
2015,5,7,9,147
2015,5,7,10,175
2015,5,7,11,155
2015,5,7,12,220
2015,5,7,13,173
2015,5,7,14,169
2015,5,7,15,205
2015,5,7,16,175
2015,5,7,17,166
2015,5,7,18,201
2015,5,7,19,210
2015,5,7,20,200
2015,5,7,21,198
2015,5,7,22,207
2015,5,7,23,186
2015,6,1,0,154
2015,6,1,1,149
2015,6,1,2,138
2015,6,1,3,116
2015,6,1,4,86
2015,6,1,5,64
2015,6,1,6,54
2015,6,1,7,55
2015,6,1,8,66
2015,6,1,9,119
2015,6,1,10,108
2015,6,1,11,120
2015,6,1,12,131
2015,6,1,13,140
2015,6,1,14,134
2015,6,1,15,134
2015,6,1,16,148
2015,6,1,17,149
2015,6,1,18,179
2015,6,1,19,137
2015,6,1,20,195
2015,6,1,21,197
2015,6,1,22,186
2015,6,1,23,159
2015,6,2,0,260
2015,6,2,1,105
2015,6,2,2,83
2015,6,2,3,76
2015,6,2,4,46
2015,6,2,5,58
2015,6,2,6,64
2015,6,2,7,93
2015,6,2,8,166
2015,6,2,9,208
2015,6,2,10,169
2015,6,2,11,163
2015,6,2,12,230
2015,6,2,13,163
2015,6,2,14,198
2015,6,2,15,230
2015,6,2,16,200
2015,6,2,17,192
2015,6,2,18,241
2015,6,2,19,206
2015,6,2,20,201
2015,6,2,21,186
2015,6,2,22,210
2015,6,2,23,163
2015,6,3,0,192
2015,6,3,1,118
2015,6,3,2,85
2015,6,3,3,55
2015,6,3,4,40
2015,6,3,5,54
2015,6,3,6,60
2015,6,3,7,79
2015,6,3,8,159
2015,6,3,9,184
2015,6,3,10,195
2015,6,3,11,172
2015,6,3,12,223
2015,6,3,13,179
2015,6,3,14,197
2015,6,3,15,214
2015,6,3,16,164
2015,6,3,17,207
2015,6,3,18,203
2015,6,3,19,221
2015,6,3,20,230
2015,6,3,21,222
2015,6,3,22,198
2015,6,3,23,181
2015,6,4,0,135
2015,6,4,1,95
2015,6,4,2,78
2015,6,4,3,63
2015,6,4,4,39
2015,6,4,5,35
2015,6,4,6,53
2015,6,4,7,71
2015,6,4,8,111
2015,6,4,9,147
2015,6,4,10,136
2015,6,4,11,128
2015,6,4,12,187
2015,6,4,13,144
2015,6,4,14,159
2015,6,4,15,156
2015,6,4,16,144
2015,6,4,17,154
2015,6,4,18,182
2015,6,4,19,180
2015,6,4,20,186
2015,6,4,21,149
2015,6,4,22,171
2015,6,4,23,121
2015,6,5,0,137
2015,6,5,1,89
2015,6,5,2,68
2015,6,5,3,61
2015,6,5,4,45
2015,6,5,5,52
2015,6,5,6,58
2015,6,5,7,81
2015,6,5,8,121
2015,6,5,9,156
2015,6,5,10,143
2015,6,5,11,144
2015,6,5,12,164
2015,6,5,13,148
2015,6,5,14,165
2015,6,5,15,162
2015,6,5,16,142
2015,6,5,17,166
2015,6,5,18,174
2015,6,5,19,184
2015,6,5,20,174
2015,6,5,21,166
2015,6,5,22,140
2015,6,5,23,137
2015,6,6,0,148
2015,6,6,1,94
2015,6,6,2,56
2015,6,6,3,65
2015,6,6,4,46
2015,6,6,5,40
2015,6,6,6,45
2015,6,6,7,64
2015,6,6,8,111
2015,6,6,9,142
2015,6,6,10,127
2015,6,6,11,136
2015,6,6,12,185
2015,6,6,13,178
2015,6,6,14,144
2015,6,6,15,186
2015,6,6,16,180
2015,6,6,17,168
2015,6,6,18,169
2015,6,6,19,172
2015,6,6,20,184
2015,6,6,21,192
2015,6,6,22,194
2015,6,6,23,146
2015,6,7,0,158
2015,6,7,1,115
2015,6,7,2,109
2015,6,7,3,107
2015,6,7,4,78
2015,6,7,5,46
2015,6,7,6,48
2015,6,7,7,54
2015,6,7,8,84
2015,6,7,9,101
2015,6,7,10,129
2015,6,7,11,124
2015,6,7,12,172
2015,6,7,13,134
2015,6,7,14,157
2015,6,7,15,157
2015,6,7,16,133
2015,6,7,17,136
2015,6,7,18,167
2015,6,7,19,171
2015,6,7,20,171
2015,6,7,21,166
2015,6,7,22,180
2015,6,7,23,164
2015,7,1,0,218
2015,7,1,1,181
2015,7,1,2,174
2015,7,1,3,127
2015,7,1,4,104
2015,7,1,5,74
2015,7,1,6,57
2015,7,1,7,48
2015,7,1,8,70
2015,7,1,9,86
2015,7,1,10,126
2015,7,1,11,104
2015,7,1,12,140
2015,7,1,13,132
2015,7,1,14,147
2015,7,1,15,161
2015,7,1,16,165
2015,7,1,17,146
2015,7,1,18,166
2015,7,1,19,155
2015,7,1,20,155
2015,7,1,21,165
2015,7,1,22,205
2015,7,1,23,159
2015,7,2,0,155
2015,7,2,1,93
2015,7,2,2,72
2015,7,2,3,74
2015,7,2,4,60
2015,7,2,5,39
2015,7,2,6,57
2015,7,2,7,64
2015,7,2,8,93
2015,7,2,9,146
2015,7,2,10,142
2015,7,2,11,119
2015,7,2,12,179
2015,7,2,13,142
2015,7,2,14,157
2015,7,2,15,159
2015,7,2,16,158
2015,7,2,17,180
2015,7,2,18,193
2015,7,2,19,203
2015,7,2,20,174
2015,7,2,21,172
2015,7,2,22,171
2015,7,2,23,150
2015,7,3,0,131
2015,7,3,1,86
2015,7,3,2,66
2015,7,3,3,43
2015,7,3,4,48
2015,7,3,5,36
2015,7,3,6,61
2015,7,3,7,73
2015,7,3,8,97
2015,7,3,9,135
2015,7,3,10,126
2015,7,3,11,153
2015,7,3,12,165
2015,7,3,13,141
2015,7,3,14,177
2015,7,3,15,157
2015,7,3,16,134
2015,7,3,17,153
2015,7,3,18,178
2015,7,3,19,160
2015,7,3,20,166
2015,7,3,21,177
2015,7,3,22,160
2015,7,3,23,133
2015,7,4,0,211
2015,7,4,1,102
2015,7,4,2,62
2015,7,4,3,69
2015,7,4,4,57
2015,7,4,5,54
2015,7,4,6,52
2015,7,4,7,89
2015,7,4,8,143
2015,7,4,9,188
2015,7,4,10,186
2015,7,4,11,191
2015,7,4,12,245
2015,7,4,13,189
2015,7,4,14,222
2015,7,4,15,218
2015,7,4,16,211
2015,7,4,17,201
2015,7,4,18,250
2015,7,4,19,226
2015,7,4,20,200
2015,7,4,21,193
2015,7,4,22,200
2015,7,4,23,185
2015,7,5,0,158
2015,7,5,1,109
2015,7,5,2,84
2015,7,5,3,67
2015,7,5,4,64
2015,7,5,5,43
2015,7,5,6,64
2015,7,5,7,93
2015,7,5,8,112
2015,7,5,9,154
2015,7,5,10,184
2015,7,5,11,167
2015,7,5,12,193
2015,7,5,13,175
2015,7,5,14,210
2015,7,5,15,200
2015,7,5,16,203
2015,7,5,17,188
2015,7,5,18,193
2015,7,5,19,224
2015,7,5,20,195
2015,7,5,21,215
2015,7,5,22,207
2015,7,5,23,186
2015,7,6,0,206
2015,7,6,1,123
2015,7,6,2,99
2015,7,6,3,69
2015,7,6,4,50
2015,7,6,5,51
2015,7,6,6,69
2015,7,6,7,71
2015,7,6,8,107
2015,7,6,9,156
2015,7,6,10,173
2015,7,6,11,178
2015,7,6,12,217
2015,7,6,13,202
2015,7,6,14,196
2015,7,6,15,219
2015,7,6,16,206
2015,7,6,17,214
2015,7,6,18,237
2015,7,6,19,251
2015,7,6,20,221
2015,7,6,21,189
2015,7,6,22,244
2015,7,6,23,234
2015,7,7,0,198
2015,7,7,1,161
2015,7,7,2,135
2015,7,7,3,95
2015,7,7,4,70
2015,7,7,5,70
2015,7,7,6,46
2015,7,7,7,41
2015,7,7,8,89
2015,7,7,9,106
2015,7,7,10,125
2015,7,7,11,151
2015,7,7,12,185
2015,7,7,13,122
2015,7,7,14,164
2015,7,7,15,149
2015,7,7,16,156
2015,7,7,17,141
2015,7,7,18,169
2015,7,7,19,162
2015,7,7,20,142
2015,7,7,21,163
2015,7,7,22,204
2015,7,7,23,208
2015,8,1,0,256
2015,8,1,1,196
2015,8,1,2,192
2015,8,1,3,186
2015,8,1,4,135
2015,8,1,5,94
2015,8,1,6,64
2015,8,1,7,60
2015,8,1,8,77
2015,8,1,9,126
2015,8,1,10,125
2015,8,1,11,162
2015,8,1,12,164
2015,8,1,13,159
2015,8,1,14,156
2015,8,1,15,188
2015,8,1,16,200
2015,8,1,17,201
2015,8,1,18,192
2015,8,1,19,214
2015,8,1,20,247
2015,8,1,21,245
2015,8,1,22,235
2015,8,1,23,164
2015,8,2,0,200
2015,8,2,1,128
2015,8,2,2,88
2015,8,2,3,67
2015,8,2,4,57
2015,8,2,5,49
2015,8,2,6,67
2015,8,2,7,83
2015,8,2,8,127
2015,8,2,9,177
2015,8,2,10,170
2015,8,2,11,174
2015,8,2,12,216
2015,8,2,13,166
2015,8,2,14,195
2015,8,2,15,175
2015,8,2,16,172
2015,8,2,17,192
2015,8,2,18,251
2015,8,2,19,197
2015,8,2,20,236
2015,8,2,21,217
2015,8,2,22,201
2015,8,2,23,144
2015,8,3,0,139
2015,8,3,1,90
2015,8,3,2,72
2015,8,3,3,55
2015,8,3,4,38
2015,8,3,5,30
2015,8,3,6,49
2015,8,3,7,68
2015,8,3,8,84
2015,8,3,9,130
2015,8,3,10,125
2015,8,3,11,135
2015,8,3,12,187
2015,8,3,13,149
2015,8,3,14,137
2015,8,3,15,188
2015,8,3,16,156
2015,8,3,17,164
2015,8,3,18,211
2015,8,3,19,170
2015,8,3,20,182
2015,8,3,21,190
2015,8,3,22,180
2015,8,3,23,152
2015,8,4,0,115
2015,8,4,1,74
2015,8,4,2,55
2015,8,4,3,44
2015,8,4,4,34
2015,8,4,5,39
2015,8,4,6,57
2015,8,4,7,62
2015,8,4,8,108
2015,8,4,9,131
2015,8,4,10,136
2015,8,4,11,163
2015,8,4,12,196
2015,8,4,13,143
2015,8,4,14,150
2015,8,4,15,149
2015,8,4,16,183
2015,8,4,17,177
2015,8,4,18,194
2015,8,4,19,218
2015,8,4,20,183
2015,8,4,21,187
2015,8,4,22,175
2015,8,4,23,144
2015,8,5,0,138
2015,8,5,1,100
2015,8,5,2,79
2015,8,5,3,59
2015,8,5,4,38
2015,8,5,5,41
2015,8,5,6,50
2015,8,5,7,85
2015,8,5,8,110
2015,8,5,9,148
2015,8,5,10,126
2015,8,5,11,149
2015,8,5,12,191
2015,8,5,13,161
2015,8,5,14,158
2015,8,5,15,172
2015,8,5,16,174
2015,8,5,17,181
2015,8,5,18,183
2015,8,5,19,183
2015,8,5,20,168
2015,8,5,21,183
2015,8,5,22,173
2015,8,5,23,148
2015,8,6,0,165
2015,8,6,1,96
2015,8,6,2,75
2015,8,6,3,70
2015,8,6,4,51
2015,8,6,5,62
2015,8,6,6,60
2015,8,6,7,85
2015,8,6,8,115
2015,8,6,9,136
2015,8,6,10,126
2015,8,6,11,161
2015,8,6,12,188
2015,8,6,13,152
2015,8,6,14,152
2015,8,6,15,145
2015,8,6,16,185
2015,8,6,17,178
2015,8,6,18,199
2015,8,6,19,195
2015,8,6,20,194
2015,8,6,21,182
2015,8,6,22,191
2015,8,6,23,148
2015,8,7,0,266
2015,8,7,1,162
2015,8,7,2,174
2015,8,7,3,182
2015,8,7,4,121
2015,8,7,5,74
2015,8,7,6,64
2015,8,7,7,73
2015,8,7,8,113
2015,8,7,9,183
2015,8,7,10,167
2015,8,7,11,191
2015,8,7,12,251
2015,8,7,13,180
2015,8,7,14,206
2015,8,7,15,211
2015,8,7,16,194
2015,8,7,17,202
2015,8,7,18,197
2015,8,7,19,211
2015,8,7,20,229
2015,8,7,21,241
2015,8,7,22,237
2015,8,7,23,200
2015,9,1,0,159
2015,9,1,1,145
2015,9,1,2,162
2015,9,1,3,128
2015,9,1,4,92
2015,9,1,5,58
2015,9,1,6,49
2015,9,1,7,40
2015,9,1,8,65
2015,9,1,9,98
2015,9,1,10,107
2015,9,1,11,135
2015,9,1,12,148
2015,9,1,13,124
2015,9,1,14,152
2015,9,1,15,155
2015,9,1,16,164
2015,9,1,17,162
2015,9,1,18,162
2015,9,1,19,175
2015,9,1,20,196
2015,9,1,21,164
2015,9,1,22,184
2015,9,1,23,142
2015,9,2,0,147
2015,9,2,1,83
2015,9,2,2,70
2015,9,2,3,68
2015,9,2,4,47
2015,9,2,5,45
2015,9,2,6,60
2015,9,2,7,67
2015,9,2,8,113
2015,9,2,9,129
2015,9,2,10,143
2015,9,2,11,123
2015,9,2,12,189
2015,9,2,13,159
2015,9,2,14,145
2015,9,2,15,169
2015,9,2,16,176
2015,9,2,17,158
2015,9,2,18,162
2015,9,2,19,164
2015,9,2,20,181
2015,9,2,21,198
2015,9,2,22,155
2015,9,2,23,136
2015,9,3,0,217
2015,9,3,1,102
2015,9,3,2,62
2015,9,3,3,66
2015,9,3,4,60
2015,9,3,5,50
2015,9,3,6,66
2015,9,3,7,104
2015,9,3,8,165
2015,9,3,9,226
2015,9,3,10,178
2015,9,3,11,176
2015,9,3,12,249
2015,9,3,13,169
2015,9,3,14,192
2015,9,3,15,215
2015,9,3,16,199
2015,9,3,17,188
2015,9,3,18,237
2015,9,3,19,224
2015,9,3,20,191
2015,9,3,21,222
2015,9,3,22,213
2015,9,3,23,166
2015,9,4,0,173
2015,9,4,1,110
2015,9,4,2,79
2015,9,4,3,52
2015,9,4,4,47
2015,9,4,5,46
2015,9,4,6,79
2015,9,4,7,118
2015,9,4,8,136
2015,9,4,9,191
2015,9,4,10,163
2015,9,4,11,185
2015,9,4,12,224
2015,9,4,13,182
2015,9,4,14,196
2015,9,4,15,183
2015,9,4,16,204
2015,9,4,17,204
2015,9,4,18,234
2015,9,4,19,217
2015,9,4,20,215
2015,9,4,21,199
2015,9,4,22,185
2015,9,4,23,168
2015,9,5,0,142
2015,9,5,1,75
2015,9,5,2,67
2015,9,5,3,41
2015,9,5,4,44
2015,9,5,5,36
2015,9,5,6,60
2015,9,5,7,110
2015,9,5,8,108
2015,9,5,9,138
2015,9,5,10,130
2015,9,5,11,141
2015,9,5,12,160
2015,9,5,13,127
2015,9,5,14,135
2015,9,5,15,181
2015,9,5,16,157
2015,9,5,17,181
2015,9,5,18,182
2015,9,5,19,145
2015,9,5,20,148
2015,9,5,21,157
2015,9,5,22,173
2015,9,5,23,132
2015,9,6,0,158
2015,9,6,1,89
2015,9,6,2,50
2015,9,6,3,48
2015,9,6,4,30
2015,9,6,5,37
2015,9,6,6,49
2015,9,6,7,77
2015,9,6,8,113
2015,9,6,9,142
2015,9,6,10,120
2015,9,6,11,152
2015,9,6,12,175
2015,9,6,13,157
2015,9,6,14,143
2015,9,6,15,184
2015,9,6,16,155
2015,9,6,17,166
2015,9,6,18,166
2015,9,6,19,187
2015,9,6,20,170
2015,9,6,21,182
2015,9,6,22,209
2015,9,6,23,151
2015,9,7,0,197
2015,9,7,1,126
2015,9,7,2,109
2015,9,7,3,96
2015,9,7,4,81
2015,9,7,5,49
2015,9,7,6,48
2015,9,7,7,50
2015,9,7,8,70
2015,9,7,9,125
2015,9,7,10,115
2015,9,7,11,97
2015,9,7,12,160
2015,9,7,13,136
2015,9,7,14,122
2015,9,7,15,160
2015,9,7,16,140
2015,9,7,17,139
2015,9,7,18,192
2015,9,7,19,152
2015,9,7,20,188
2015,9,7,21,184
2015,9,7,22,180
2015,9,7,23,159
2015,10,1,0,141
2015,10,1,1,135
2015,10,1,2,111
2015,10,1,3,105
2015,10,1,4,84
2015,10,1,5,49
2015,10,1,6,53
2015,10,1,7,42
2015,10,1,8,73
2015,10,1,9,97
2015,10,1,10,104
2015,10,1,11,114
2015,10,1,12,133
2015,10,1,13,103
2015,10,1,14,115
2015,10,1,15,128
2015,10,1,16,120
2015,10,1,17,137
2015,10,1,18,161
2015,10,1,19,204
2015,10,1,20,179
2015,10,1,21,139
2015,10,1,22,143
2015,10,1,23,124
2015,10,2,0,150
2015,10,2,1,62
2015,10,2,2,59
2015,10,2,3,59
2015,10,2,4,38
2015,10,2,5,35
2015,10,2,6,55
2015,10,2,7,86
2015,10,2,8,109
2015,10,2,9,161
2015,10,2,10,153
2015,10,2,11,121
2015,10,2,12,176
2015,10,2,13,134
2015,10,2,14,163
2015,10,2,15,201
2015,10,2,16,165
2015,10,2,17,165
2015,10,2,18,181
2015,10,2,19,198
2015,10,2,20,173
2015,10,2,21,159
2015,10,2,22,140
2015,10,2,23,116
2015,10,3,0,132
2015,10,3,1,60
2015,10,3,2,53
2015,10,3,3,35
2015,10,3,4,30
2015,10,3,5,22
2015,10,3,6,66
2015,10,3,7,93
2015,10,3,8,120
2015,10,3,9,157
2015,10,3,10,140
2015,10,3,11,149
2015,10,3,12,177
2015,10,3,13,147
2015,10,3,14,149
2015,10,3,15,139
2015,10,3,16,158
2015,10,3,17,164
2015,10,3,18,175
2015,10,3,19,180
2015,10,3,20,188
2015,10,3,21,148
2015,10,3,22,142
2015,10,3,23,105
2015,10,4,0,130
2015,10,4,1,63
2015,10,4,2,57
2015,10,4,3,44
2015,10,4,4,45
2015,10,4,5,37
2015,10,4,6,69
2015,10,4,7,65
2015,10,4,8,119
2015,10,4,9,148
2015,10,4,10,140
2015,10,4,11,133
2015,10,4,12,181
2015,10,4,13,145
2015,10,4,14,153
2015,10,4,15,137
2015,10,4,16,169
2015,10,4,17,177
2015,10,4,18,192
2015,10,4,19,159
2015,10,4,20,172
2015,10,4,21,157
2015,10,4,22,140
2015,10,4,23,126
2015,10,5,0,222
2015,10,5,1,80
2015,10,5,2,55
2015,10,5,3,51
2015,10,5,4,36
2015,10,5,5,49
2015,10,5,6,67
2015,10,5,7,96
2015,10,5,8,180
2015,10,5,9,211
2015,10,5,10,182
2015,10,5,11,153
2015,10,5,12,258
2015,10,5,13,208
2015,10,5,14,190
2015,10,5,15,228
2015,10,5,16,216
2015,10,5,17,177
2015,10,5,18,217
2015,10,5,19,214
2015,10,5,20,226
2015,10,5,21,214
2015,10,5,22,186
2015,10,5,23,139
2015,10,6,0,152
2015,10,6,1,107
2015,10,6,2,66
2015,10,6,3,61
2015,10,6,4,45
2015,10,6,5,37
2015,10,6,6,54
2015,10,6,7,143
2015,10,6,8,191
2015,10,6,9,184
2015,10,6,10,167
2015,10,6,11,172
2015,10,6,12,228
2015,10,6,13,187
2015,10,6,14,204
2015,10,6,15,217
2015,10,6,16,233
2015,10,6,17,193
2015,10,6,18,235
2015,10,6,19,251
2015,10,6,20,192
2015,10,6,21,198
2015,10,6,22,207
2015,10,6,23,158
2015,10,7,0,172
2015,10,7,1,131
2015,10,7,2,135
2015,10,7,3,118
2015,10,7,4,64
2015,10,7,5,68
2015,10,7,6,54
2015,10,7,7,53
2015,10,7,8,102
2015,10,7,9,130
2015,10,7,10,144
2015,10,7,11,152
2015,10,7,12,203
2015,10,7,13,136
2015,10,7,14,183
2015,10,7,15,189
2015,10,7,16,191
2015,10,7,17,177
2015,10,7,18,202
2015,10,7,19,211
2015,10,7,20,204
2015,10,7,21,211
2015,10,7,22,205
2015,10,7,23,195
2015,11,1,0,234
2015,11,1,1,155
2015,11,1,2,170
2015,11,1,3,103
2015,11,1,4,81
2015,11,1,5,82
2015,11,1,6,49
2015,11,1,7,64
2015,11,1,8,109
2015,11,1,9,143
2015,11,1,10,144
2015,11,1,11,134
2015,11,1,12,198
2015,11,1,13,177
2015,11,1,14,166
2015,11,1,15,186
2015,11,1,16,164
2015,11,1,17,176
2015,11,1,18,173
2015,11,1,19,185
2015,11,1,20,204
2015,11,1,21,178
2015,11,1,22,168
2015,11,1,23,113
2015,11,2,0,164
2015,11,2,1,73
2015,11,2,2,61
2015,11,2,3,50
2015,11,2,4,48
2015,11,2,5,36
2015,11,2,6,55
2015,11,2,7,107
2015,11,2,8,151
2015,11,2,9,212
2015,11,2,10,155
2015,11,2,11,180
2015,11,2,12,216
2015,11,2,13,182
2015,11,2,14,186
2015,11,2,15,201
2015,11,2,16,166
2015,11,2,17,197
2015,11,2,18,222
2015,11,2,19,215
2015,11,2,20,191
2015,11,2,21,171
2015,11,2,22,163
2015,11,2,23,130
2015,11,3,0,98
2015,11,3,1,56
2015,11,3,2,38
2015,11,3,3,45
2015,11,3,4,19
2015,11,3,5,27
2015,11,3,6,61
2015,11,3,7,68
2015,11,3,8,112
2015,11,3,9,120
2015,11,3,10,118
2015,11,3,11,143
2015,11,3,12,156
2015,11,3,13,137
2015,11,3,14,125
2015,11,3,15,151
2015,11,3,16,153
2015,11,3,17,160
2015,11,3,18,162
2015,11,3,19,187
2015,11,3,20,142
2015,11,3,21,164
2015,11,3,22,128
2015,11,3,23,95
2015,11,4,0,94
2015,11,4,1,41
2015,11,4,2,48
2015,11,4,3,40
2015,11,4,4,28
2015,11,4,5,36
2015,11,4,6,44
2015,11,4,7,84
2015,11,4,8,103
2015,11,4,9,120
2015,11,4,10,121
2015,11,4,11,150
2015,11,4,12,194
2015,11,4,13,152
2015,11,4,14,153
2015,11,4,15,161
2015,11,4,16,152
2015,11,4,17,182
2015,11,4,18,197
2015,11,4,19,159
2015,11,4,20,149
2015,11,4,21,137
2015,11,4,22,129
2015,11,4,23,109
2015,11,5,0,132
2015,11,5,1,63
2015,11,5,2,57
2015,11,5,3,53
2015,11,5,4,38
2015,11,5,5,39
2015,11,5,6,46
2015,11,5,7,86
2015,11,5,8,155
2015,11,5,9,150
2015,11,5,10,129
2015,11,5,11,122
2015,11,5,12,170
2015,11,5,13,135
2015,11,5,14,130
2015,11,5,15,131
2015,11,5,16,130
2015,11,5,17,144
2015,11,5,18,160
2015,11,5,19,143
2015,11,5,20,142
2015,11,5,21,155
2015,11,5,22,130
2015,11,5,23,94
2015,11,6,0,117
2015,11,6,1,62
2015,11,6,2,50
2015,11,6,3,52
2015,11,6,4,24
2015,11,6,5,28
2015,11,6,6,55
2015,11,6,7,56
2015,11,6,8,112
2015,11,6,9,119
2015,11,6,10,119
2015,11,6,11,118
2015,11,6,12,162
2015,11,6,13,111
2015,11,6,14,133
2015,11,6,15,162
2015,11,6,16,177
2015,11,6,17,160
2015,11,6,18,195
2015,11,6,19,182
2015,11,6,20,136
2015,11,6,21,161
2015,11,6,22,138
2015,11,6,23,124
2015,11,7,0,117
2015,11,7,1,109
2015,11,7,2,74
2015,11,7,3,96
2015,11,7,4,42
2015,11,7,5,40
2015,11,7,6,24
2015,11,7,7,42
2015,11,7,8,77
2015,11,7,9,111
2015,11,7,10,110
2015,11,7,11,129
2015,11,7,12,132
2015,11,7,13,136
2015,11,7,14,115
2015,11,7,15,130
2015,11,7,16,134
2015,11,7,17,146
2015,11,7,18,150
2015,11,7,19,140
2015,11,7,20,133
2015,11,7,21,138
2015,11,7,22,129
2015,11,7,23,120
2015,12,1,0,133
2015,12,1,1,117
2015,12,1,2,122
2015,12,1,3,90
2015,12,1,4,70
2015,12,1,5,67
2015,12,1,6,38
2015,12,1,7,53
2015,12,1,8,48
2015,12,1,9,89
2015,12,1,10,108
2015,12,1,11,116
2015,12,1,12,119
2015,12,1,13,119
2015,12,1,14,122
2015,12,1,15,142
2015,12,1,16,150
2015,12,1,17,151
2015,12,1,18,168
2015,12,1,19,152
2015,12,1,20,145
2015,12,1,21,118
2015,12,1,22,125
2015,12,1,23,96
2015,12,2,0,115
2015,12,2,1,60
2015,12,2,2,54
2015,12,2,3,40
2015,12,2,4,36
2015,12,2,5,24
2015,12,2,6,67
2015,12,2,7,74
2015,12,2,8,108
2015,12,2,9,134
2015,12,2,10,137
2015,12,2,11,122
2015,12,2,12,160
2015,12,2,13,124
2015,12,2,14,129
2015,12,2,15,148
2015,12,2,16,138
2015,12,2,17,141
2015,12,2,18,153
2015,12,2,19,156
2015,12,2,20,134
2015,12,2,21,134
2015,12,2,22,104
2015,12,2,23,102
2015,12,3,0,177
2015,12,3,1,81
2015,12,3,2,68
2015,12,3,3,71
2015,12,3,4,35
2015,12,3,5,39
2015,12,3,6,65
2015,12,3,7,95
2015,12,3,8,130
2015,12,3,9,196
2015,12,3,10,164
2015,12,3,11,186
2015,12,3,12,237
2015,12,3,13,205
2015,12,3,14,187
2015,12,3,15,203
2015,12,3,16,192
2015,12,3,17,219
2015,12,3,18,231
2015,12,3,19,212
2015,12,3,20,187
2015,12,3,21,178
2015,12,3,22,158
2015,12,3,23,127
2015,12,4,0,165
2015,12,4,1,57
2015,12,4,2,63
2015,12,4,3,78
2015,12,4,4,39
2015,12,4,5,41
2015,12,4,6,62
2015,12,4,7,79
2015,12,4,8,134
2015,12,4,9,174
2015,12,4,10,134
2015,12,4,11,182
2015,12,4,12,203
2015,12,4,13,202
2015,12,4,14,203
2015,12,4,15,221
2015,12,4,16,220
2015,12,4,17,238
2015,12,4,18,198
2015,12,4,19,182
2015,12,4,20,185
2015,12,4,21,159
2015,12,4,22,156
2015,12,4,23,105
2015,12,5,0,165
2015,12,5,1,86
2015,12,5,2,84
2015,12,5,3,46
2015,12,5,4,38
2015,12,5,5,54
2015,12,5,6,63
2015,12,5,7,88
2015,12,5,8,122
2015,12,5,9,175
2015,12,5,10,149
2015,12,5,11,152
2015,12,5,12,215
2015,12,5,13,188
2015,12,5,14,182
2015,12,5,15,180
2015,12,5,16,188
2015,12,5,17,205
2015,12,5,18,212
2015,12,5,19,194
2015,12,5,20,171
2015,12,5,21,138
2015,12,5,22,156
2015,12,5,23,165
2015,12,6,0,140
2015,12,6,1,58
2015,12,6,2,81
2015,12,6,3,56
2015,12,6,4,35
2015,12,6,5,36
2015,12,6,6,56
2015,12,6,7,55
2015,12,6,8,81
2015,12,6,9,116
2015,12,6,10,115
2015,12,6,11,111
2015,12,6,12,156
2015,12,6,13,112
2015,12,6,14,128
2015,12,6,15,137
2015,12,6,16,145
2015,12,6,17,166
2015,12,6,18,185
2015,12,6,19,137
2015,12,6,20,149
2015,12,6,21,129
2015,12,6,22,109
2015,12,6,23,100
2015,12,7,0,116
2015,12,7,1,104
2015,12,7,2,102
2015,12,7,3,89
2015,12,7,4,79
2015,12,7,5,59
2015,12,7,6,50
2015,12,7,7,46
2015,12,7,8,75
2015,12,7,9,102
2015,12,7,10,92
2015,12,7,11,136
2015,12,7,12,139
2015,12,7,13,117
2015,12,7,14,130
2015,12,7,15,134
2015,12,7,16,146
2015,12,7,17,135
2015,12,7,18,184
2015,12,7,19,155
2015,12,7,20,164
2015,12,7,21,160
2015,12,7,22,132
2015,12,7,23,119
2016,1,1,0,158
2016,1,1,1,116
2016,1,1,2,145
2016,1,1,3,108
2016,1,1,4,91
2016,1,1,5,64
2016,1,1,6,53
2016,1,1,7,51
2016,1,1,8,83
2016,1,1,9,111
2016,1,1,10,133
2016,1,1,11,131
2016,1,1,12,145
2016,1,1,13,132
2016,1,1,14,144
2016,1,1,15,162
2016,1,1,16,145
2016,1,1,17,162
2016,1,1,18,185
2016,1,1,19,170
2016,1,1,20,173
2016,1,1,21,155
2016,1,1,22,154
2016,1,1,23,124
2016,1,2,0,112
2016,1,2,1,51
2016,1,2,2,34
2016,1,2,3,37
2016,1,2,4,33
2016,1,2,5,34
2016,1,2,6,54
2016,1,2,7,66
2016,1,2,8,110
2016,1,2,9,123
2016,1,2,10,121
2016,1,2,11,110
2016,1,2,12,141
2016,1,2,13,122
2016,1,2,14,144
2016,1,2,15,118
2016,1,2,16,136
2016,1,2,17,144
2016,1,2,18,151
2016,1,2,19,134
2016,1,2,20,123
2016,1,2,21,107
2016,1,2,22,93
2016,1,2,23,100
2016,1,3,0,95
2016,1,3,1,50
2016,1,3,2,37
2016,1,3,3,33
2016,1,3,4,15
2016,1,3,5,21
2016,1,3,6,40
2016,1,3,7,68
2016,1,3,8,98
2016,1,3,9,134
2016,1,3,10,121
2016,1,3,11,109
2016,1,3,12,144
2016,1,3,13,149
2016,1,3,14,126
2016,1,3,15,147
2016,1,3,16,156
2016,1,3,17,164
2016,1,3,18,156
2016,1,3,19,139
2016,1,3,20,146
2016,1,3,21,114
2016,1,3,22,86
2016,1,3,23,77
2016,1,4,0,72
2016,1,4,1,43
2016,1,4,2,48
2016,1,4,3,30
2016,1,4,4,23
2016,1,4,5,33
2016,1,4,6,39
2016,1,4,7,72
2016,1,4,8,118
2016,1,4,9,130
2016,1,4,10,126
2016,1,4,11,139
2016,1,4,12,169
2016,1,4,13,153
2016,1,4,14,146
2016,1,4,15,136
2016,1,4,16,149
2016,1,4,17,158
2016,1,4,18,182
2016,1,4,19,155
2016,1,4,20,120
2016,1,4,21,136
2016,1,4,22,107
2016,1,4,23,87
2016,1,5,0,117
2016,1,5,1,48
2016,1,5,2,39
2016,1,5,3,32
2016,1,5,4,25
2016,1,5,5,26
2016,1,5,6,54
2016,1,5,7,98
2016,1,5,8,139
2016,1,5,9,127
2016,1,5,10,139
2016,1,5,11,138
2016,1,5,12,162
2016,1,5,13,160
2016,1,5,14,144
2016,1,5,15,175
2016,1,5,16,153
2016,1,5,17,160
2016,1,5,18,180
2016,1,5,19,171
2016,1,5,20,158
2016,1,5,21,142
2016,1,5,22,141
2016,1,5,23,101
2016,1,6,0,480
2016,1,6,1,120
2016,1,6,2,113
2016,1,6,3,90
2016,1,6,4,68
2016,1,6,5,61
2016,1,6,6,87
2016,1,6,7,100
2016,1,6,8,168
2016,1,6,9,217
2016,1,6,10,159
2016,1,6,11,149
2016,1,6,12,243
2016,1,6,13,155
2016,1,6,14,190
2016,1,6,15,219
2016,1,6,16,189
2016,1,6,17,185
2016,1,6,18,222
2016,1,6,19,203
2016,1,6,20,184
2016,1,6,21,169
2016,1,6,22,177
2016,1,6,23,158
2016,1,7,0,183
2016,1,7,1,127
2016,1,7,2,115
2016,1,7,3,101
2016,1,7,4,93
2016,1,7,5,62
2016,1,7,6,43
2016,1,7,7,58
2016,1,7,8,88
2016,1,7,9,120
2016,1,7,10,133
2016,1,7,11,148
2016,1,7,12,171
2016,1,7,13,169
2016,1,7,14,166
2016,1,7,15,189
2016,1,7,16,158
2016,1,7,17,180
2016,1,7,18,197
2016,1,7,19,191
2016,1,7,20,184
2016,1,7,21,143
2016,1,7,22,169
2016,1,7,23,156
2016,2,1,0,126
2016,2,1,1,116
2016,2,1,2,102
2016,2,1,3,104
2016,2,1,4,94
2016,2,1,5,65
2016,2,1,6,52
2016,2,1,7,42
2016,2,1,8,54
2016,2,1,9,90
2016,2,1,10,130
2016,2,1,11,108
2016,2,1,12,129
2016,2,1,13,109
2016,2,1,14,112
2016,2,1,15,102
2016,2,1,16,116
2016,2,1,17,138
2016,2,1,18,114
2016,2,1,19,117
2016,2,1,20,125
2016,2,1,21,126
2016,2,1,22,104
2016,2,1,23,88
2016,2,2,0,197
2016,2,2,1,72
2016,2,2,2,60
2016,2,2,3,50
2016,2,2,4,52
2016,2,2,5,31
2016,2,2,6,75
2016,2,2,7,90
2016,2,2,8,135
2016,2,2,9,203
2016,2,2,10,137
2016,2,2,11,156
2016,2,2,12,214
2016,2,2,13,174
2016,2,2,14,174
2016,2,2,15,205
2016,2,2,16,176
2016,2,2,17,185
2016,2,2,18,186
2016,2,2,19,171
2016,2,2,20,162
2016,2,2,21,140
2016,2,2,22,131
2016,2,2,23,86
2016,2,3,0,101
2016,2,3,1,46
2016,2,3,2,38
2016,2,3,3,22
2016,2,3,4,22
2016,2,3,5,28
2016,2,3,6,39
2016,2,3,7,84
2016,2,3,8,89
2016,2,3,9,135
2016,2,3,10,124
2016,2,3,11,118
2016,2,3,12,181
2016,2,3,13,125
2016,2,3,14,139
2016,2,3,15,141
2016,2,3,16,146
2016,2,3,17,132
2016,2,3,18,156
2016,2,3,19,135
2016,2,3,20,143
2016,2,3,21,100
2016,2,3,22,87
2016,2,3,23,84
2016,2,4,0,98
2016,2,4,1,44
2016,2,4,2,39
2016,2,4,3,45
2016,2,4,4,22
2016,2,4,5,25
2016,2,4,6,50
2016,2,4,7,79
2016,2,4,8,112
2016,2,4,9,150
2016,2,4,10,124
2016,2,4,11,123
2016,2,4,12,178
2016,2,4,13,124
2016,2,4,14,111
2016,2,4,15,147
2016,2,4,16,151
2016,2,4,17,128
2016,2,4,18,149
2016,2,4,19,141
2016,2,4,20,150
2016,2,4,21,97
2016,2,4,22,91
2016,2,4,23,89
2016,2,5,0,78
2016,2,5,1,47
2016,2,5,2,41
2016,2,5,3,32
2016,2,5,4,19
2016,2,5,5,26
2016,2,5,6,47
2016,2,5,7,70
2016,2,5,8,120
2016,2,5,9,154
2016,2,5,10,135
2016,2,5,11,128
2016,2,5,12,175
2016,2,5,13,131
2016,2,5,14,148
2016,2,5,15,143
2016,2,5,16,161
2016,2,5,17,152
2016,2,5,18,156
2016,2,5,19,176
2016,2,5,20,147
2016,2,5,21,134
2016,2,5,22,103
2016,2,5,23,110
2016,2,6,0,110
2016,2,6,1,74
2016,2,6,2,43
2016,2,6,3,47
2016,2,6,4,33
2016,2,6,5,42
2016,2,6,6,48
2016,2,6,7,84
2016,2,6,8,102
2016,2,6,9,130
2016,2,6,10,140
2016,2,6,11,130
2016,2,6,12,184
2016,2,6,13,160
2016,2,6,14,149
2016,2,6,15,161
2016,2,6,16,143
2016,2,6,17,144
2016,2,6,18,192
2016,2,6,19,148
2016,2,6,20,167
2016,2,6,21,148
2016,2,6,22,132
2016,2,6,23,113
2016,2,7,0,133
2016,2,7,1,101
2016,2,7,2,99
2016,2,7,3,70
2016,2,7,4,65
2016,2,7,5,48
2016,2,7,6,42
2016,2,7,7,47
2016,2,7,8,76
2016,2,7,9,101
2016,2,7,10,113
2016,2,7,11,120
2016,2,7,12,155
2016,2,7,13,116
2016,2,7,14,131
2016,2,7,15,138
2016,2,7,16,140
2016,2,7,17,121
2016,2,7,18,155
2016,2,7,19,169
2016,2,7,20,158
2016,2,7,21,153
2016,2,7,22,134
2016,2,7,23,103
2016,3,1,0,165
2016,3,1,1,101
2016,3,1,2,98
2016,3,1,3,124
2016,3,1,4,88
2016,3,1,5,55
2016,3,1,6,52
2016,3,1,7,63
2016,3,1,8,69
2016,3,1,9,109
2016,3,1,10,107
2016,3,1,11,120
2016,3,1,12,147
2016,3,1,13,116
2016,3,1,14,114
2016,3,1,15,118
2016,3,1,16,124
2016,3,1,17,126
2016,3,1,18,136
2016,3,1,19,142
2016,3,1,20,144
2016,3,1,21,115
2016,3,1,22,135
2016,3,1,23,91
2016,3,2,0,120
2016,3,2,1,64
2016,3,2,2,55
2016,3,2,3,39
2016,3,2,4,37
2016,3,2,5,41
2016,3,2,6,38
2016,3,2,7,87
2016,3,2,8,111
2016,3,2,9,176
2016,3,2,10,142
2016,3,2,11,161
2016,3,2,12,194
2016,3,2,13,149
2016,3,2,14,165
2016,3,2,15,175
2016,3,2,16,156
2016,3,2,17,161
2016,3,2,18,166
2016,3,2,19,159
2016,3,2,20,149
2016,3,2,21,131
2016,3,2,22,150
2016,3,2,23,95
2016,3,3,0,205
2016,3,3,1,68
2016,3,3,2,73
2016,3,3,3,60
2016,3,3,4,42
2016,3,3,5,49
2016,3,3,6,71
2016,3,3,7,107
2016,3,3,8,151
2016,3,3,9,210
2016,3,3,10,176
2016,3,3,11,186
2016,3,3,12,226
2016,3,3,13,189
2016,3,3,14,190
2016,3,3,15,225
2016,3,3,16,224
2016,3,3,17,186
2016,3,3,18,203
2016,3,3,19,197
2016,3,3,20,200
2016,3,3,21,180
2016,3,3,22,172
2016,3,3,23,125
2016,3,4,0,171
2016,3,4,1,80
2016,3,4,2,65
2016,3,4,3,57
2016,3,4,4,48
2016,3,4,5,28
2016,3,4,6,69
2016,3,4,7,88
2016,3,4,8,137
2016,3,4,9,175
2016,3,4,10,167
2016,3,4,11,190
2016,3,4,12,197
2016,3,4,13,194
2016,3,4,14,199
2016,3,4,15,219
2016,3,4,16,207
2016,3,4,17,198
2016,3,4,18,164
2016,3,4,19,174
2016,3,4,20,170
2016,3,4,21,176
2016,3,4,22,154
2016,3,4,23,110
2016,3,5,0,148
2016,3,5,1,80
2016,3,5,2,64
2016,3,5,3,39
2016,3,5,4,45
2016,3,5,5,47
2016,3,5,6,69
2016,3,5,7,96
2016,3,5,8,147
2016,3,5,9,197
2016,3,5,10,160
2016,3,5,11,171
2016,3,5,12,240
2016,3,5,13,166
2016,3,5,14,186
2016,3,5,15,214
2016,3,5,16,217
2016,3,5,17,191
2016,3,5,18,210
2016,3,5,19,208
2016,3,5,20,177
2016,3,5,21,162
2016,3,5,22,150
2016,3,5,23,119
2016,3,6,0,130
2016,3,6,1,73
2016,3,6,2,48
2016,3,6,3,58
2016,3,6,4,30
2016,3,6,5,31
2016,3,6,6,53
2016,3,6,7,88
2016,3,6,8,102
2016,3,6,9,144
2016,3,6,10,137
2016,3,6,11,137
2016,3,6,12,178
2016,3,6,13,132
2016,3,6,14,145
2016,3,6,15,188
2016,3,6,16,146
2016,3,6,17,166
2016,3,6,18,202
2016,3,6,19,188
2016,3,6,20,153
2016,3,6,21,160
2016,3,6,22,131
2016,3,6,23,125
2016,3,7,0,155
2016,3,7,1,115
2016,3,7,2,101
2016,3,7,3,82
2016,3,7,4,59
2016,3,7,5,45
2016,3,7,6,48
2016,3,7,7,54
2016,3,7,8,70
2016,3,7,9,99
2016,3,7,10,99
2016,3,7,11,133
2016,3,7,12,159
2016,3,7,13,143
2016,3,7,14,140
2016,3,7,15,142
2016,3,7,16,139
2016,3,7,17,148
2016,3,7,18,168
2016,3,7,19,160
2016,3,7,20,168
2016,3,7,21,154
2016,3,7,22,167
2016,3,7,23,134
2016,4,1,0,149
2016,4,1,1,132
2016,4,1,2,121
2016,4,1,3,109
2016,4,1,4,66
2016,4,1,5,55
2016,4,1,6,52
2016,4,1,7,45
2016,4,1,8,82
2016,4,1,9,114
2016,4,1,10,109
2016,4,1,11,109
2016,4,1,12,164
2016,4,1,13,108
2016,4,1,14,144
2016,4,1,15,138
2016,4,1,16,125
2016,4,1,17,150
2016,4,1,18,135
2016,4,1,19,178
2016,4,1,20,162
2016,4,1,21,160
2016,4,1,22,156
2016,4,1,23,112
2016,4,2,0,135
2016,4,2,1,74
2016,4,2,2,59
2016,4,2,3,52
2016,4,2,4,33
2016,4,2,5,33
2016,4,2,6,63
2016,4,2,7,87
2016,4,2,8,108
2016,4,2,9,156
2016,4,2,10,140
2016,4,2,11,123
2016,4,2,12,156
2016,4,2,13,116
2016,4,2,14,157
2016,4,2,15,168
2016,4,2,16,166
2016,4,2,17,148
2016,4,2,18,178
2016,4,2,19,160
2016,4,2,20,150
2016,4,2,21,138
2016,4,2,22,126
2016,4,2,23,107
2016,4,3,0,133
2016,4,3,1,52
2016,4,3,2,52
2016,4,3,3,42
2016,4,3,4,42
2016,4,3,5,31
2016,4,3,6,41
2016,4,3,7,79
2016,4,3,8,134
2016,4,3,9,156
2016,4,3,10,162
2016,4,3,11,126
2016,4,3,12,153
2016,4,3,13,137
2016,4,3,14,139
2016,4,3,15,139
2016,4,3,16,157
2016,4,3,17,153
2016,4,3,18,181
2016,4,3,19,148
2016,4,3,20,160
2016,4,3,21,129
2016,4,3,22,126
2016,4,3,23,102
2016,4,4,0,141
2016,4,4,1,65
2016,4,4,2,52
2016,4,4,3,37
2016,4,4,4,23
2016,4,4,5,38
2016,4,4,6,40
2016,4,4,7,59
2016,4,4,8,95
2016,4,4,9,153
2016,4,4,10,131
2016,4,4,11,120
2016,4,4,12,148
2016,4,4,13,146
2016,4,4,14,163
2016,4,4,15,149
2016,4,4,16,154
2016,4,4,17,147
2016,4,4,18,184
2016,4,4,19,165
2016,4,4,20,139
2016,4,4,21,127
2016,4,4,22,137
2016,4,4,23,113
2016,4,5,0,130
2016,4,5,1,52
2016,4,5,2,58
2016,4,5,3,40
2016,4,5,4,27
2016,4,5,5,33
2016,4,5,6,50
2016,4,5,7,69
2016,4,5,8,105
2016,4,5,9,133
2016,4,5,10,141
2016,4,5,11,124
2016,4,5,12,183
2016,4,5,13,138
2016,4,5,14,135
2016,4,5,15,167
2016,4,5,16,164
2016,4,5,17,185
2016,4,5,18,191
2016,4,5,19,184
2016,4,5,20,163
2016,4,5,21,150
2016,4,5,22,165
2016,4,5,23,92
2016,4,6,0,219
2016,4,6,1,101
2016,4,6,2,72
2016,4,6,3,53
2016,4,6,4,45
2016,4,6,5,42
2016,4,6,6,62
2016,4,6,7,135
2016,4,6,8,157
2016,4,6,9,195
2016,4,6,10,165
2016,4,6,11,175
2016,4,6,12,224
2016,4,6,13,170
2016,4,6,14,163
2016,4,6,15,193
2016,4,6,16,213
2016,4,6,17,198
2016,4,6,18,224
2016,4,6,19,198
2016,4,6,20,194
2016,4,6,21,187
2016,4,6,22,169
2016,4,6,23,164
2016,4,7,0,190
2016,4,7,1,124
2016,4,7,2,115
2016,4,7,3,112
2016,4,7,4,80
2016,4,7,5,50
2016,4,7,6,59
2016,4,7,7,76
2016,4,7,8,98
2016,4,7,9,151
2016,4,7,10,137
2016,4,7,11,122
2016,4,7,12,173
2016,4,7,13,173
2016,4,7,14,142
2016,4,7,15,170
2016,4,7,16,149
2016,4,7,17,165
2016,4,7,18,187
2016,4,7,19,193
2016,4,7,20,182
2016,4,7,21,173
2016,4,7,22,181
2016,4,7,23,171
2016,5,1,0,264
2016,5,1,1,160
2016,5,1,2,149
2016,5,1,3,109
2016,5,1,4,115
2016,5,1,5,74
2016,5,1,6,51
2016,5,1,7,87
2016,5,1,8,109
2016,5,1,9,166
2016,5,1,10,158
2016,5,1,11,141
2016,5,1,12,212
2016,5,1,13,168
2016,5,1,14,174
2016,5,1,15,176
2016,5,1,16,175
2016,5,1,17,156
2016,5,1,18,184
2016,5,1,19,197
2016,5,1,20,190
2016,5,1,21,206
2016,5,1,22,231
2016,5,1,23,186
2016,5,2,0,192
2016,5,2,1,102
2016,5,2,2,87
2016,5,2,3,76
2016,5,2,4,42
2016,5,2,5,50
2016,5,2,6,56
2016,5,2,7,105
2016,5,2,8,163
2016,5,2,9,187
2016,5,2,10,173
2016,5,2,11,196
2016,5,2,12,218
2016,5,2,13,198
2016,5,2,14,191
2016,5,2,15,213
2016,5,2,16,234
2016,5,2,17,212
2016,5,2,18,235
2016,5,2,19,228
2016,5,2,20,176
2016,5,2,21,181
2016,5,2,22,212
2016,5,2,23,146
2016,5,3,0,162
2016,5,3,1,100
2016,5,3,2,83
2016,5,3,3,59
2016,5,3,4,38
2016,5,3,5,46
2016,5,3,6,61
2016,5,3,7,101
2016,5,3,8,147
2016,5,3,9,207
2016,5,3,10,179
2016,5,3,11,166
2016,5,3,12,234
2016,5,3,13,190
2016,5,3,14,197
2016,5,3,15,224
2016,5,3,16,183
2016,5,3,17,168
2016,5,3,18,209
2016,5,3,19,212
2016,5,3,20,190
2016,5,3,21,191
2016,5,3,22,207
2016,5,3,23,146
2016,5,4,0,153
2016,5,4,1,66
2016,5,4,2,64
2016,5,4,3,45
2016,5,4,4,40
2016,5,4,5,40
2016,5,4,6,48
2016,5,4,7,86
2016,5,4,8,89
2016,5,4,9,169
2016,5,4,10,160
2016,5,4,11,147
2016,5,4,12,155
2016,5,4,13,137
2016,5,4,14,160
2016,5,4,15,185
2016,5,4,16,168
2016,5,4,17,159
2016,5,4,18,203
2016,5,4,19,190
2016,5,4,20,127
2016,5,4,21,140
2016,5,4,22,113
2016,5,4,23,118
2016,5,5,0,133
2016,5,5,1,71
2016,5,5,2,54
2016,5,5,3,27
2016,5,5,4,29
2016,5,5,5,27
2016,5,5,6,54
2016,5,5,7,91
2016,5,5,8,110
2016,5,5,9,145
2016,5,5,10,141
2016,5,5,11,129
2016,5,5,12,165
2016,5,5,13,127
2016,5,5,14,148
2016,5,5,15,186
2016,5,5,16,174
2016,5,5,17,174
2016,5,5,18,186
2016,5,5,19,167
2016,5,5,20,156
2016,5,5,21,171
2016,5,5,22,139
2016,5,5,23,119
2016,5,6,0,153
2016,5,6,1,82
2016,5,6,2,72
2016,5,6,3,52
2016,5,6,4,38
2016,5,6,5,41
2016,5,6,6,47
2016,5,6,7,83
2016,5,6,8,119
2016,5,6,9,175
2016,5,6,10,150
2016,5,6,11,160
2016,5,6,12,188
2016,5,6,13,168
2016,5,6,14,172
2016,5,6,15,177
2016,5,6,16,191
2016,5,6,17,173
2016,5,6,18,169
2016,5,6,19,181
2016,5,6,20,167
2016,5,6,21,160
2016,5,6,22,158
2016,5,6,23,131
2016,5,7,0,184
2016,5,7,1,123
2016,5,7,2,114
2016,5,7,3,96
2016,5,7,4,57
2016,5,7,5,57
2016,5,7,6,32
2016,5,7,7,53
2016,5,7,8,77
2016,5,7,9,122
2016,5,7,10,123
2016,5,7,11,138
2016,5,7,12,139
2016,5,7,13,150
2016,5,7,14,149
2016,5,7,15,154
2016,5,7,16,136
2016,5,7,17,141
2016,5,7,18,178
2016,5,7,19,156
2016,5,7,20,163
2016,5,7,21,183
2016,5,7,22,178
2016,5,7,23,145
2016,6,1,0,178
2016,6,1,1,169
2016,6,1,2,138
2016,6,1,3,124
2016,6,1,4,108
2016,6,1,5,76
2016,6,1,6,59
2016,6,1,7,54
2016,6,1,8,74
2016,6,1,9,123
2016,6,1,10,121
2016,6,1,11,133
2016,6,1,12,145
2016,6,1,13,127
2016,6,1,14,128
2016,6,1,15,144
2016,6,1,16,149
2016,6,1,17,161
2016,6,1,18,159
2016,6,1,19,177
2016,6,1,20,172
2016,6,1,21,155
2016,6,1,22,182
2016,6,1,23,160
2016,6,2,0,154
2016,6,2,1,104
2016,6,2,2,85
2016,6,2,3,64
2016,6,2,4,50
2016,6,2,5,43
2016,6,2,6,59
2016,6,2,7,73
2016,6,2,8,98
2016,6,2,9,161
2016,6,2,10,160
2016,6,2,11,146
2016,6,2,12,188
2016,6,2,13,156
2016,6,2,14,185
2016,6,2,15,182
2016,6,2,16,160
2016,6,2,17,164
2016,6,2,18,164
2016,6,2,19,165
2016,6,2,20,199
2016,6,2,21,156
2016,6,2,22,160
2016,6,2,23,139
2016,6,3,0,148
2016,6,3,1,103
2016,6,3,2,65
2016,6,3,3,62
2016,6,3,4,40
2016,6,3,5,34
2016,6,3,6,61
2016,6,3,7,82
2016,6,3,8,116
2016,6,3,9,160
2016,6,3,10,147
2016,6,3,11,142
2016,6,3,12,190
2016,6,3,13,151
2016,6,3,14,146
2016,6,3,15,187
2016,6,3,16,175
2016,6,3,17,157
2016,6,3,18,178
2016,6,3,19,182
2016,6,3,20,183
2016,6,3,21,175
2016,6,3,22,164
2016,6,3,23,134
2016,6,4,0,239
2016,6,4,1,85
2016,6,4,2,79
2016,6,4,3,56
2016,6,4,4,57
2016,6,4,5,49
2016,6,4,6,71
2016,6,4,7,88
2016,6,4,8,167
2016,6,4,9,221
2016,6,4,10,186
2016,6,4,11,186
2016,6,4,12,243
2016,6,4,13,224
2016,6,4,14,218
2016,6,4,15,211
2016,6,4,16,208
2016,6,4,17,211
2016,6,4,18,223
2016,6,4,19,225
2016,6,4,20,198
2016,6,4,21,210
2016,6,4,22,197
2016,6,4,23,176
2016,6,5,0,166
2016,6,5,1,110
2016,6,5,2,92
2016,6,5,3,74
2016,6,5,4,64
2016,6,5,5,44
2016,6,5,6,71
2016,6,5,7,98
2016,6,5,8,165
2016,6,5,9,207
2016,6,5,10,174
2016,6,5,11,195
2016,6,5,12,247
2016,6,5,13,206
2016,6,5,14,205
2016,6,5,15,205
2016,6,5,16,226
2016,6,5,17,201
2016,6,5,18,227
2016,6,5,19,230
2016,6,5,20,215
2016,6,5,21,189
2016,6,5,22,214
2016,6,5,23,171
2016,6,6,0,135
2016,6,6,1,86
2016,6,6,2,68
2016,6,6,3,54
2016,6,6,4,54
2016,6,6,5,40
2016,6,6,6,53
2016,6,6,7,73
2016,6,6,8,114
2016,6,6,9,172
2016,6,6,10,145
2016,6,6,11,146
2016,6,6,12,177
2016,6,6,13,164
2016,6,6,14,169
2016,6,6,15,171
2016,6,6,16,179
2016,6,6,17,158
2016,6,6,18,189
2016,6,6,19,181
2016,6,6,20,177
2016,6,6,21,169
2016,6,6,22,191
2016,6,6,23,159
2016,6,7,0,182
2016,6,7,1,144
2016,6,7,2,140
2016,6,7,3,109
2016,6,7,4,76
2016,6,7,5,62
2016,6,7,6,60
2016,6,7,7,63
2016,6,7,8,104
2016,6,7,9,131
2016,6,7,10,129
2016,6,7,11,141
2016,6,7,12,158
2016,6,7,13,143
2016,6,7,14,152
2016,6,7,15,158
2016,6,7,16,166
2016,6,7,17,148
2016,6,7,18,157
2016,6,7,19,177
2016,6,7,20,165
2016,6,7,21,136
2016,6,7,22,151
2016,6,7,23,167
2016,7,1,0,221
2016,7,1,1,171
2016,7,1,2,178
2016,7,1,3,148
2016,7,1,4,121
2016,7,1,5,83
2016,7,1,6,78
2016,7,1,7,72
2016,7,1,8,92
2016,7,1,9,132
2016,7,1,10,169
2016,7,1,11,148
2016,7,1,12,202
2016,7,1,13,146
2016,7,1,14,168
2016,7,1,15,173
2016,7,1,16,201
2016,7,1,17,181
2016,7,1,18,198
2016,7,1,19,225
2016,7,1,20,213
2016,7,1,21,221
2016,7,1,22,215
2016,7,1,23,178
2016,7,2,0,166
2016,7,2,1,89
2016,7,2,2,84
2016,7,2,3,74
2016,7,2,4,72
2016,7,2,5,44
2016,7,2,6,71
2016,7,2,7,85
2016,7,2,8,109
2016,7,2,9,122
2016,7,2,10,129
2016,7,2,11,144
2016,7,2,12,161
2016,7,2,13,148
2016,7,2,14,146
2016,7,2,15,156
2016,7,2,16,160
2016,7,2,17,148
2016,7,2,18,179
2016,7,2,19,173
2016,7,2,20,189
2016,7,2,21,177
2016,7,2,22,185
2016,7,2,23,164
2016,7,3,0,173
2016,7,3,1,108
2016,7,3,2,97
2016,7,3,3,97
2016,7,3,4,75
2016,7,3,5,43
2016,7,3,6,57
2016,7,3,7,56
2016,7,3,8,124
2016,7,3,9,152
2016,7,3,10,140
2016,7,3,11,128
2016,7,3,12,168
2016,7,3,13,192
2016,7,3,14,158
2016,7,3,15,159
2016,7,3,16,155
2016,7,3,17,184
2016,7,3,18,185
2016,7,3,19,190
2016,7,3,20,184
2016,7,3,21,185
2016,7,3,22,185
2016,7,3,23,148
2016,7,4,0,160
2016,7,4,1,85
2016,7,4,2,79
2016,7,4,3,60
2016,7,4,4,41
2016,7,4,5,35
2016,7,4,6,43
2016,7,4,7,81
2016,7,4,8,91
2016,7,4,9,143
2016,7,4,10,145
2016,7,4,11,148
2016,7,4,12,178
2016,7,4,13,135
2016,7,4,14,164
2016,7,4,15,141
2016,7,4,16,144
2016,7,4,17,189
2016,7,4,18,180
2016,7,4,19,174
2016,7,4,20,186
2016,7,4,21,159
2016,7,4,22,182
2016,7,4,23,145
2016,7,5,0,148
2016,7,5,1,97
2016,7,5,2,76
2016,7,5,3,76
2016,7,5,4,42
2016,7,5,5,37
2016,7,5,6,60
2016,7,5,7,80
2016,7,5,8,114
2016,7,5,9,160
2016,7,5,10,136
2016,7,5,11,145
2016,7,5,12,173
2016,7,5,13,173
2016,7,5,14,172
2016,7,5,15,175
2016,7,5,16,159
2016,7,5,17,143
2016,7,5,18,158
2016,7,5,19,167
2016,7,5,20,168
2016,7,5,21,166
2016,7,5,22,152
2016,7,5,23,141
2016,7,6,0,247
2016,7,6,1,135
2016,7,6,2,100
2016,7,6,3,79
2016,7,6,4,63
2016,7,6,5,68
2016,7,6,6,78
2016,7,6,7,91
2016,7,6,8,130
2016,7,6,9,188
2016,7,6,10,193
2016,7,6,11,170
2016,7,6,12,252
2016,7,6,13,203
2016,7,6,14,188
2016,7,6,15,203
2016,7,6,16,206
2016,7,6,17,227
2016,7,6,18,256
2016,7,6,19,242
2016,7,6,20,228
2016,7,6,21,228
2016,7,6,22,199
2016,7,6,23,222
2016,7,7,0,223
2016,7,7,1,193
2016,7,7,2,159
2016,7,7,3,137
2016,7,7,4,103
2016,7,7,5,89
2016,7,7,6,69
2016,7,7,7,78
2016,7,7,8,108
2016,7,7,9,143
2016,7,7,10,176
2016,7,7,11,166
2016,7,7,12,196
2016,7,7,13,165
2016,7,7,14,184
2016,7,7,15,205
2016,7,7,16,183
2016,7,7,17,191
2016,7,7,18,213
2016,7,7,19,217
2016,7,7,20,206
2016,7,7,21,218
2016,7,7,22,175
2016,7,7,23,209
2016,8,1,0,189
2016,8,1,1,150
2016,8,1,2,156
2016,8,1,3,144
2016,8,1,4,109
2016,8,1,5,74
2016,8,1,6,51
2016,8,1,7,63
2016,8,1,8,73
2016,8,1,9,109
2016,8,1,10,115
2016,8,1,11,129
2016,8,1,12,183
2016,8,1,13,137
2016,8,1,14,155
2016,8,1,15,141
2016,8,1,16,157
2016,8,1,17,155
2016,8,1,18,170
2016,8,1,19,132
2016,8,1,20,184
2016,8,1,21,161
2016,8,1,22,191
2016,8,1,23,144
2016,8,2,0,267
2016,8,2,1,153
2016,8,2,2,80
2016,8,2,3,72
2016,8,2,4,60
2016,8,2,5,61
2016,8,2,6,89
2016,8,2,7,103
2016,8,2,8,163
2016,8,2,9,190
2016,8,2,10,208
2016,8,2,11,170
2016,8,2,12,251
2016,8,2,13,213
2016,8,2,14,183
2016,8,2,15,222
2016,8,2,16,214
2016,8,2,17,212
2016,8,2,18,221
2016,8,2,19,201
2016,8,2,20,217
2016,8,2,21,223
2016,8,2,22,214
2016,8,2,23,159
2016,8,3,0,190
2016,8,3,1,113
2016,8,3,2,75
2016,8,3,3,75
2016,8,3,4,52
2016,8,3,5,58
2016,8,3,6,64
2016,8,3,7,85
2016,8,3,8,131
2016,8,3,9,180
2016,8,3,10,165
2016,8,3,11,178
2016,8,3,12,205
2016,8,3,13,200
2016,8,3,14,203
2016,8,3,15,196
2016,8,3,16,196
2016,8,3,17,183
2016,8,3,18,239
2016,8,3,19,224
2016,8,3,20,225
2016,8,3,21,225
2016,8,3,22,212
2016,8,3,23,170
2016,8,4,0,192
2016,8,4,1,104
2016,8,4,2,87
2016,8,4,3,85
2016,8,4,4,55
2016,8,4,5,54
2016,8,4,6,78
2016,8,4,7,114
2016,8,4,8,144
2016,8,4,9,185
2016,8,4,10,174
2016,8,4,11,148
2016,8,4,12,243
2016,8,4,13,179
2016,8,4,14,185
2016,8,4,15,213
2016,8,4,16,208
2016,8,4,17,216
2016,8,4,18,237
2016,8,4,19,239
2016,8,4,20,221
2016,8,4,21,206
2016,8,4,22,230
2016,8,4,23,163
2016,8,5,0,130
2016,8,5,1,85
2016,8,5,2,73
2016,8,5,3,70
2016,8,5,4,56
2016,8,5,5,43
2016,8,5,6,55
2016,8,5,7,81
2016,8,5,8,114
2016,8,5,9,170
2016,8,5,10,151
2016,8,5,11,137
2016,8,5,12,186
2016,8,5,13,163
2016,8,5,14,140
2016,8,5,15,148
2016,8,5,16,167
2016,8,5,17,168
2016,8,5,18,174
2016,8,5,19,193
2016,8,5,20,181
2016,8,5,21,180
2016,8,5,22,182
2016,8,5,23,136
2016,8,6,0,187
2016,8,6,1,101
2016,8,6,2,83
2016,8,6,3,63
2016,8,6,4,48
2016,8,6,5,37
2016,8,6,6,67
2016,8,6,7,77
2016,8,6,8,123
2016,8,6,9,128
2016,8,6,10,127
2016,8,6,11,125
2016,8,6,12,175
2016,8,6,13,153
2016,8,6,14,147
2016,8,6,15,155
2016,8,6,16,161
2016,8,6,17,186
2016,8,6,18,202
2016,8,6,19,178
2016,8,6,20,179
2016,8,6,21,163
2016,8,6,22,189
2016,8,6,23,151
2016,8,7,0,179
2016,8,7,1,148
2016,8,7,2,149
2016,8,7,3,137
2016,8,7,4,89
2016,8,7,5,70
2016,8,7,6,61
2016,8,7,7,61
2016,8,7,8,78
2016,8,7,9,110
2016,8,7,10,124
2016,8,7,11,135
2016,8,7,12,163
2016,8,7,13,159
2016,8,7,14,135
2016,8,7,15,171
2016,8,7,16,152
2016,8,7,17,166
2016,8,7,18,190
2016,8,7,19,160
2016,8,7,20,170
2016,8,7,21,150
2016,8,7,22,173
2016,8,7,23,189
2016,9,1,0,201
2016,9,1,1,140
2016,9,1,2,150
2016,9,1,3,122
2016,9,1,4,77
2016,9,1,5,65
2016,9,1,6,41
2016,9,1,7,71
2016,9,1,8,76
2016,9,1,9,110
2016,9,1,10,112
2016,9,1,11,132
2016,9,1,12,146
2016,9,1,13,133
2016,9,1,14,163
2016,9,1,15,150
2016,9,1,16,163
2016,9,1,17,153
2016,9,1,18,157
2016,9,1,19,170
2016,9,1,20,146
2016,9,1,21,187
2016,9,1,22,155
2016,9,1,23,107
2016,9,2,0,148
2016,9,2,1,112
2016,9,2,2,81
2016,9,2,3,46
2016,9,2,4,56
2016,9,2,5,51
2016,9,2,6,54
2016,9,2,7,85
2016,9,2,8,107
2016,9,2,9,149
2016,9,2,10,139
2016,9,2,11,124
2016,9,2,12,189
2016,9,2,13,165
2016,9,2,14,135
2016,9,2,15,169
2016,9,2,16,179
2016,9,2,17,171
2016,9,2,18,157
2016,9,2,19,179
2016,9,2,20,171
2016,9,2,21,161
2016,9,2,22,162
2016,9,2,23,102
2016,9,3,0,129
2016,9,3,1,66
2016,9,3,2,53
2016,9,3,3,60
2016,9,3,4,47
2016,9,3,5,36
2016,9,3,6,75
2016,9,3,7,92
2016,9,3,8,132
2016,9,3,9,156
2016,9,3,10,145
2016,9,3,11,159
2016,9,3,12,185
2016,9,3,13,147
2016,9,3,14,133
2016,9,3,15,167
2016,9,3,16,178
2016,9,3,17,162
2016,9,3,18,177
2016,9,3,19,167
2016,9,3,20,184
2016,9,3,21,150
2016,9,3,22,158
2016,9,3,23,116
2016,9,4,0,124
2016,9,4,1,69
2016,9,4,2,62
2016,9,4,3,46
2016,9,4,4,40
2016,9,4,5,40
2016,9,4,6,56
2016,9,4,7,85
2016,9,4,8,138
2016,9,4,9,143
2016,9,4,10,152
2016,9,4,11,136
2016,9,4,12,204
2016,9,4,13,143
2016,9,4,14,139
2016,9,4,15,154
2016,9,4,16,160
2016,9,4,17,163
2016,9,4,18,163
2016,9,4,19,166
2016,9,4,20,144
2016,9,4,21,146
2016,9,4,22,130
2016,9,4,23,108
2016,9,5,0,230
2016,9,5,1,96
2016,9,5,2,61
2016,9,5,3,60
2016,9,5,4,56
2016,9,5,5,67
2016,9,5,6,73
2016,9,5,7,131
2016,9,5,8,177
2016,9,5,9,214
2016,9,5,10,206
2016,9,5,11,189
2016,9,5,12,272
2016,9,5,13,182
2016,9,5,14,206
2016,9,5,15,221
2016,9,5,16,227
2016,9,5,17,209
2016,9,5,18,250
2016,9,5,19,222
2016,9,5,20,240
2016,9,5,21,240
2016,9,5,22,203
2016,9,5,23,158
2016,9,6,0,181
2016,9,6,1,116
2016,9,6,2,89
2016,9,6,3,63
2016,9,6,4,75
2016,9,6,5,56
2016,9,6,6,84
2016,9,6,7,121
2016,9,6,8,171
2016,9,6,9,212
2016,9,6,10,172
2016,9,6,11,182
2016,9,6,12,223
2016,9,6,13,174
2016,9,6,14,204
2016,9,6,15,215
2016,9,6,16,228
2016,9,6,17,207
2016,9,6,18,244
2016,9,6,19,195
2016,9,6,20,234
2016,9,6,21,205
2016,9,6,22,220
2016,9,6,23,170
2016,9,7,0,189
2016,9,7,1,126
2016,9,7,2,162
2016,9,7,3,120
2016,9,7,4,80
2016,9,7,5,59
2016,9,7,6,52
2016,9,7,7,70
2016,9,7,8,95
2016,9,7,9,122
2016,9,7,10,110
2016,9,7,11,130
2016,9,7,12,176
2016,9,7,13,159
2016,9,7,14,160
2016,9,7,15,145
2016,9,7,16,166
2016,9,7,17,153
2016,9,7,18,163
2016,9,7,19,149
2016,9,7,20,185
2016,9,7,21,156
2016,9,7,22,178
2016,9,7,23,161
2016,10,1,0,231
2016,10,1,1,154
2016,10,1,2,170
2016,10,1,3,165
2016,10,1,4,136
2016,10,1,5,78
2016,10,1,6,69
2016,10,1,7,60
2016,10,1,8,80
2016,10,1,9,124
2016,10,1,10,157
2016,10,1,11,145
2016,10,1,12,173
2016,10,1,13,161
2016,10,1,14,171
2016,10,1,15,182
2016,10,1,16,189
2016,10,1,17,207
2016,10,1,18,192
2016,10,1,19,214
2016,10,1,20,203
2016,10,1,21,180
2016,10,1,22,171
2016,10,1,23,139
2016,10,2,0,175
2016,10,2,1,96
2016,10,2,2,79
2016,10,2,3,61
2016,10,2,4,57
2016,10,2,5,51
2016,10,2,6,75
2016,10,2,7,121
2016,10,2,8,172
2016,10,2,9,215
2016,10,2,10,193
2016,10,2,11,195
2016,10,2,12,231
2016,10,2,13,200
2016,10,2,14,185
2016,10,2,15,208
2016,10,2,16,200
2016,10,2,17,209
2016,10,2,18,221
2016,10,2,19,225
2016,10,2,20,242
2016,10,2,21,181
2016,10,2,22,200
2016,10,2,23,160
2016,10,3,0,121
2016,10,3,1,70
2016,10,3,2,58
2016,10,3,3,35
2016,10,3,4,50
2016,10,3,5,42
2016,10,3,6,65
2016,10,3,7,78
2016,10,3,8,127
2016,10,3,9,143
2016,10,3,10,150
2016,10,3,11,145
2016,10,3,12,161
2016,10,3,13,142
2016,10,3,14,159
2016,10,3,15,151
2016,10,3,16,157
2016,10,3,17,174
2016,10,3,18,186
2016,10,3,19,188
2016,10,3,20,136
2016,10,3,21,154
2016,10,3,22,158
2016,10,3,23,100
2016,10,4,0,128
2016,10,4,1,61
2016,10,4,2,42
2016,10,4,3,51
2016,10,4,4,32
2016,10,4,5,34
2016,10,4,6,50
2016,10,4,7,97
2016,10,4,8,146
2016,10,4,9,153
2016,10,4,10,133
2016,10,4,11,141
2016,10,4,12,195
2016,10,4,13,141
2016,10,4,14,178
2016,10,4,15,151
2016,10,4,16,167
2016,10,4,17,153
2016,10,4,18,187
2016,10,4,19,170
2016,10,4,20,166
2016,10,4,21,136
2016,10,4,22,142
2016,10,4,23,108
2016,10,5,0,96
2016,10,5,1,59
2016,10,5,2,45
2016,10,5,3,53
2016,10,5,4,36
2016,10,5,5,45
2016,10,5,6,41
2016,10,5,7,106
2016,10,5,8,138
2016,10,5,9,157
2016,10,5,10,125
2016,10,5,11,127
2016,10,5,12,194
2016,10,5,13,144
2016,10,5,14,153
2016,10,5,15,154
2016,10,5,16,152
2016,10,5,17,183
2016,10,5,18,169
2016,10,5,19,163
2016,10,5,20,161
2016,10,5,21,159
2016,10,5,22,129
2016,10,5,23,107
2016,10,6,0,121
2016,10,6,1,69
2016,10,6,2,60
2016,10,6,3,50
2016,10,6,4,45
2016,10,6,5,40
2016,10,6,6,51
2016,10,6,7,84
2016,10,6,8,134
2016,10,6,9,172
2016,10,6,10,138
2016,10,6,11,128
2016,10,6,12,201
2016,10,6,13,181
2016,10,6,14,169
2016,10,6,15,195
2016,10,6,16,175
2016,10,6,17,204
2016,10,6,18,201
2016,10,6,19,185
2016,10,6,20,181
2016,10,6,21,148
2016,10,6,22,164
2016,10,6,23,151
2016,10,7,0,256
2016,10,7,1,162
2016,10,7,2,150
2016,10,7,3,128
2016,10,7,4,89
2016,10,7,5,65
2016,10,7,6,61
2016,10,7,7,92
2016,10,7,8,129
2016,10,7,9,153
2016,10,7,10,160
2016,10,7,11,159
2016,10,7,12,235
2016,10,7,13,151
2016,10,7,14,177
2016,10,7,15,203
2016,10,7,16,176
2016,10,7,17,203
2016,10,7,18,203
2016,10,7,19,201
2016,10,7,20,230
2016,10,7,21,224
2016,10,7,22,211
2016,10,7,23,187
2016,11,1,0,141
2016,11,1,1,121
2016,11,1,2,105
2016,11,1,3,93
2016,11,1,4,72
2016,11,1,5,53
2016,11,1,6,36
2016,11,1,7,50
2016,11,1,8,94
2016,11,1,9,123
2016,11,1,10,100
2016,11,1,11,139
2016,11,1,12,170
2016,11,1,13,112
2016,11,1,14,137
2016,11,1,15,126
2016,11,1,16,133
2016,11,1,17,158
2016,11,1,18,145
2016,11,1,19,163
2016,11,1,20,162
2016,11,1,21,118
2016,11,1,22,115
2016,11,1,23,103
2016,11,2,0,113
2016,11,2,1,55
2016,11,2,2,57
2016,11,2,3,33
2016,11,2,4,34
2016,11,2,5,53
2016,11,2,6,52
2016,11,2,7,86
2016,11,2,8,117
2016,11,2,9,161
2016,11,2,10,121
2016,11,2,11,143
2016,11,2,12,177
2016,11,2,13,154
2016,11,2,14,150
2016,11,2,15,154
2016,11,2,16,156
2016,11,2,17,163
2016,11,2,18,171
2016,11,2,19,157
2016,11,2,20,136
2016,11,2,21,134
2016,11,2,22,117
2016,11,2,23,90
2016,11,3,0,183
2016,11,3,1,79
2016,11,3,2,61
2016,11,3,3,47
2016,11,3,4,34
2016,11,3,5,50
2016,11,3,6,80
2016,11,3,7,116
2016,11,3,8,155
2016,11,3,9,205
2016,11,3,10,166
2016,11,3,11,176
2016,11,3,12,268
2016,11,3,13,183
2016,11,3,14,225
2016,11,3,15,208
2016,11,3,16,210
2016,11,3,17,211
2016,11,3,18,204
2016,11,3,19,198
2016,11,3,20,165
2016,11,3,21,163
2016,11,3,22,167
2016,11,3,23,134
2016,11,4,0,127
2016,11,4,1,88
2016,11,4,2,60
2016,11,4,3,47
2016,11,4,4,39
2016,11,4,5,50
2016,11,4,6,67
2016,11,4,7,84
2016,11,4,8,156
2016,11,4,9,198
2016,11,4,10,167
2016,11,4,11,151
2016,11,4,12,222
2016,11,4,13,199
2016,11,4,14,172
2016,11,4,15,193
2016,11,4,16,183
2016,11,4,17,217
2016,11,4,18,224
2016,11,4,19,222
2016,11,4,20,213
2016,11,4,21,197
2016,11,4,22,172
2016,11,4,23,147
2016,11,5,0,135
2016,11,5,1,114
2016,11,5,2,87
2016,11,5,3,65
2016,11,5,4,59
2016,11,5,5,52
2016,11,5,6,46
2016,11,5,7,56
2016,11,5,8,97
2016,11,5,9,131
2016,11,5,10,126
2016,11,5,11,139
2016,11,5,12,158
2016,11,5,13,130
2016,11,5,14,162
2016,11,5,15,127
2016,11,5,16,157
2016,11,5,17,164
2016,11,5,18,169
2016,11,5,19,157
2016,11,5,20,146
2016,11,5,21,129
2016,11,5,22,131
2016,11,5,23,114
2016,11,6,0,131
2016,11,6,1,77
2016,11,6,2,57
2016,11,6,3,55
2016,11,6,4,42
2016,11,6,5,41
2016,11,6,6,51
2016,11,6,7,61
2016,11,6,8,110
2016,11,6,9,121
2016,11,6,10,129
2016,11,6,11,131
2016,11,6,12,183
2016,11,6,13,147
2016,11,6,14,164
2016,11,6,15,166
2016,11,6,16,205
2016,11,6,17,178
2016,11,6,18,214
2016,11,6,19,203
2016,11,6,20,154
2016,11,6,21,148
2016,11,6,22,156
2016,11,6,23,140
2016,11,7,0,154
2016,11,7,1,128
2016,11,7,2,103
2016,11,7,3,87
2016,11,7,4,55
2016,11,7,5,43
2016,11,7,6,44
2016,11,7,7,63
2016,11,7,8,79
2016,11,7,9,122
2016,11,7,10,135
2016,11,7,11,127
2016,11,7,12,179
2016,11,7,13,129
2016,11,7,14,150
2016,11,7,15,146
2016,11,7,16,145
2016,11,7,17,143
2016,11,7,18,186
2016,11,7,19,178
2016,11,7,20,157
2016,11,7,21,149
2016,11,7,22,145
2016,11,7,23,150
2016,12,1,0,105
2016,12,1,1,101
2016,12,1,2,98
2016,12,1,3,83
2016,12,1,4,60
2016,12,1,5,34
2016,12,1,6,47
2016,12,1,7,47
2016,12,1,8,74
2016,12,1,9,80
2016,12,1,10,65
2016,12,1,11,93
2016,12,1,12,116
2016,12,1,13,84
2016,12,1,14,103
2016,12,1,15,94
2016,12,1,16,108
2016,12,1,17,82
2016,12,1,18,120
2016,12,1,19,119
2016,12,1,20,115
2016,12,1,21,112
2016,12,1,22,95
2016,12,1,23,86
2016,12,2,0,111
2016,12,2,1,48
2016,12,2,2,37
2016,12,2,3,45
2016,12,2,4,34
2016,12,2,5,39
2016,12,2,6,47
2016,12,2,7,63
2016,12,2,8,127
2016,12,2,9,142
2016,12,2,10,142
2016,12,2,11,143
2016,12,2,12,153
2016,12,2,13,134
2016,12,2,14,128
2016,12,2,15,168
2016,12,2,16,134
2016,12,2,17,150
2016,12,2,18,145
2016,12,2,19,153
2016,12,2,20,136
2016,12,2,21,120
2016,12,2,22,124
2016,12,2,23,91
2016,12,3,0,103
2016,12,3,1,57
2016,12,3,2,36
2016,12,3,3,38
2016,12,3,4,31
2016,12,3,5,41
2016,12,3,6,60
2016,12,3,7,85
2016,12,3,8,115
2016,12,3,9,120
2016,12,3,10,117
2016,12,3,11,118
2016,12,3,12,195
2016,12,3,13,145
2016,12,3,14,133
2016,12,3,15,152
2016,12,3,16,154
2016,12,3,17,154
2016,12,3,18,161
2016,12,3,19,168
2016,12,3,20,131
2016,12,3,21,132
2016,12,3,22,100
2016,12,3,23,73
2016,12,4,0,119
2016,12,4,1,57
2016,12,4,2,56
2016,12,4,3,24
2016,12,4,4,28
2016,12,4,5,46
2016,12,4,6,43
2016,12,4,7,74
2016,12,4,8,103
2016,12,4,9,133
2016,12,4,10,143
2016,12,4,11,152
2016,12,4,12,194
2016,12,4,13,152
2016,12,4,14,132
2016,12,4,15,138
2016,12,4,16,148
2016,12,4,17,174
2016,12,4,18,162
2016,12,4,19,145
2016,12,4,20,133
2016,12,4,21,130
2016,12,4,22,132
2016,12,4,23,104
2016,12,5,0,175
2016,12,5,1,80
2016,12,5,2,49
2016,12,5,3,42
2016,12,5,4,31
2016,12,5,5,40
2016,12,5,6,58
2016,12,5,7,103
2016,12,5,8,145
2016,12,5,9,198
2016,12,5,10,133
2016,12,5,11,162
2016,12,5,12,256
2016,12,5,13,183
2016,12,5,14,183
2016,12,5,15,196
2016,12,5,16,155
2016,12,5,17,189
2016,12,5,18,186
2016,12,5,19,202
2016,12,5,20,180
2016,12,5,21,133
2016,12,5,22,158
2016,12,5,23,120
2016,12,6,0,153
2016,12,6,1,90
2016,12,6,2,73
2016,12,6,3,57
2016,12,6,4,43
2016,12,6,5,55
2016,12,6,6,70
2016,12,6,7,97
2016,12,6,8,128
2016,12,6,9,172
2016,12,6,10,194
2016,12,6,11,166
2016,12,6,12,246
2016,12,6,13,194
2016,12,6,14,172
2016,12,6,15,198
2016,12,6,16,230
2016,12,6,17,222
2016,12,6,18,219
2016,12,6,19,206
2016,12,6,20,201
2016,12,6,21,158
2016,12,6,22,162
2016,12,6,23,162
2016,12,7,0,157
2016,12,7,1,134
2016,12,7,2,125
2016,12,7,3,77
2016,12,7,4,85
2016,12,7,5,57
2016,12,7,6,51
2016,12,7,7,53
2016,12,7,8,76
2016,12,7,9,149
2016,12,7,10,141
2016,12,7,11,142
2016,12,7,12,221
2016,12,7,13,151
2016,12,7,14,166
2016,12,7,15,181
2016,12,7,16,166
2016,12,7,17,179
2016,12,7,18,187
2016,12,7,19,169
2016,12,7,20,165
2016,12,7,21,142
2016,12,7,22,157
2016,12,7,23,162
2017,1,1,0,496
2017,1,1,1,194
2017,1,1,2,161
2017,1,1,3,144
2017,1,1,4,109
2017,1,1,5,87
2017,1,1,6,69
2017,1,1,7,72
2017,1,1,8,119
2017,1,1,9,148
2017,1,1,10,127
2017,1,1,11,139
2017,1,1,12,236
2017,1,1,13,152
2017,1,1,14,167
2017,1,1,15,131
2017,1,1,16,170
2017,1,1,17,179
2017,1,1,18,176
2017,1,1,19,169
2017,1,1,20,178
2017,1,1,21,149
2017,1,1,22,159
2017,1,1,23,124
2017,1,2,0,155
2017,1,2,1,76
2017,1,2,2,77
2017,1,2,3,58
2017,1,2,4,42
2017,1,2,5,57
2017,1,2,6,77
2017,1,2,7,108
2017,1,2,8,145
2017,1,2,9,172
2017,1,2,10,184
2017,1,2,11,177
2017,1,2,12,240
2017,1,2,13,181
2017,1,2,14,166
2017,1,2,15,213
2017,1,2,16,186
2017,1,2,17,208
2017,1,2,18,206
2017,1,2,19,184
2017,1,2,20,172
2017,1,2,21,170
2017,1,2,22,149
2017,1,2,23,121
2017,1,3,0,149
2017,1,3,1,70
2017,1,3,2,64
2017,1,3,3,43
2017,1,3,4,52
2017,1,3,5,61
2017,1,3,6,84
2017,1,3,7,123
2017,1,3,8,144
2017,1,3,9,181
2017,1,3,10,161
2017,1,3,11,175
2017,1,3,12,229
2017,1,3,13,209
2017,1,3,14,211
2017,1,3,15,208
2017,1,3,16,205
2017,1,3,17,195
2017,1,3,18,195
2017,1,3,19,235
2017,1,3,20,158
2017,1,3,21,193
2017,1,3,22,133
2017,1,3,23,120
2017,1,4,0,105
2017,1,4,1,55
2017,1,4,2,44
2017,1,4,3,46
2017,1,4,4,25
2017,1,4,5,43
2017,1,4,6,58
2017,1,4,7,79
2017,1,4,8,123
2017,1,4,9,161
2017,1,4,10,129
2017,1,4,11,130
2017,1,4,12,201
2017,1,4,13,160
2017,1,4,14,153
2017,1,4,15,150
2017,1,4,16,142
2017,1,4,17,175
2017,1,4,18,156
2017,1,4,19,145
2017,1,4,20,138
2017,1,4,21,119
2017,1,4,22,117
2017,1,4,23,78
2017,1,5,0,95
2017,1,5,1,56
2017,1,5,2,50
2017,1,5,3,39
2017,1,5,4,31
2017,1,5,5,24
2017,1,5,6,54
2017,1,5,7,84
2017,1,5,8,116
2017,1,5,9,143
2017,1,5,10,128
2017,1,5,11,122
2017,1,5,12,178
2017,1,5,13,131
2017,1,5,14,154
2017,1,5,15,155
2017,1,5,16,153
2017,1,5,17,161
2017,1,5,18,167
2017,1,5,19,188
2017,1,5,20,116
2017,1,5,21,139
2017,1,5,22,95
2017,1,5,23,89
2017,1,6,0,121
2017,1,6,1,62
2017,1,6,2,67
2017,1,6,3,41
2017,1,6,4,37
2017,1,6,5,43
2017,1,6,6,63
2017,1,6,7,77
2017,1,6,8,115
2017,1,6,9,158
2017,1,6,10,127
2017,1,6,11,133
2017,1,6,12,182
2017,1,6,13,142
2017,1,6,14,133
2017,1,6,15,162
2017,1,6,16,180
2017,1,6,17,171
2017,1,6,18,203
2017,1,6,19,169
2017,1,6,20,168
2017,1,6,21,140
2017,1,6,22,156
2017,1,6,23,118
2017,1,7,0,131
2017,1,7,1,91
2017,1,7,2,108
2017,1,7,3,74
2017,1,7,4,65
2017,1,7,5,43
2017,1,7,6,51
2017,1,7,7,50
2017,1,7,8,101
2017,1,7,9,113
2017,1,7,10,106
2017,1,7,11,126
2017,1,7,12,148
2017,1,7,13,155
2017,1,7,14,133
2017,1,7,15,129
2017,1,7,16,141
2017,1,7,17,122
2017,1,7,18,168
2017,1,7,19,149
2017,1,7,20,171
2017,1,7,21,152
2017,1,7,22,149
2017,1,7,23,144
2017,2,1,0,145
2017,2,1,1,119
2017,2,1,2,98
2017,2,1,3,92
2017,2,1,4,83
2017,2,1,5,57
2017,2,1,6,37
2017,2,1,7,41
2017,2,1,8,81
2017,2,1,9,82
2017,2,1,10,110
2017,2,1,11,112
2017,2,1,12,154
2017,2,1,13,111
2017,2,1,14,102
2017,2,1,15,124
2017,2,1,16,110
2017,2,1,17,134
2017,2,1,18,154
2017,2,1,19,150
2017,2,1,20,157
2017,2,1,21,135
2017,2,1,22,129
2017,2,1,23,106
2017,2,2,0,107
2017,2,2,1,72
2017,2,2,2,52
2017,2,2,3,56
2017,2,2,4,35
2017,2,2,5,46
2017,2,2,6,59
2017,2,2,7,88
2017,2,2,8,118
2017,2,2,9,150
2017,2,2,10,145
2017,2,2,11,121
2017,2,2,12,178
2017,2,2,13,155
2017,2,2,14,127
2017,2,2,15,164
2017,2,2,16,141
2017,2,2,17,150
2017,2,2,18,186
2017,2,2,19,163
2017,2,2,20,165
2017,2,2,21,124
2017,2,2,22,132
2017,2,2,23,90
2017,2,3,0,122
2017,2,3,1,52
2017,2,3,2,44
2017,2,3,3,34
2017,2,3,4,34
2017,2,3,5,33
2017,2,3,6,45
2017,2,3,7,91
2017,2,3,8,128
2017,2,3,9,148
2017,2,3,10,134
2017,2,3,11,142
2017,2,3,12,179
2017,2,3,13,145
2017,2,3,14,155
2017,2,3,15,174
2017,2,3,16,153
2017,2,3,17,163
2017,2,3,18,149
2017,2,3,19,151
2017,2,3,20,133
2017,2,3,21,108
2017,2,3,22,112
2017,2,3,23,88
2017,2,4,0,132
2017,2,4,1,57
2017,2,4,2,60
2017,2,4,3,36
2017,2,4,4,43
2017,2,4,5,41
2017,2,4,6,60
2017,2,4,7,82
2017,2,4,8,134
2017,2,4,9,164
2017,2,4,10,130
2017,2,4,11,149
2017,2,4,12,200
2017,2,4,13,128
2017,2,4,14,162
2017,2,4,15,176
2017,2,4,16,181
2017,2,4,17,153
2017,2,4,18,157
2017,2,4,19,154
2017,2,4,20,150
2017,2,4,21,128
2017,2,4,22,121
2017,2,4,23,92
2017,2,5,0,106
2017,2,5,1,50
2017,2,5,2,36
2017,2,5,3,35
2017,2,5,4,26
2017,2,5,5,39
2017,2,5,6,62
2017,2,5,7,100
2017,2,5,8,109
2017,2,5,9,153
2017,2,5,10,114
2017,2,5,11,139
2017,2,5,12,184
2017,2,5,13,142
2017,2,5,14,133
2017,2,5,15,164
2017,2,5,16,130
2017,2,5,17,151
2017,2,5,18,162
2017,2,5,19,149
2017,2,5,20,143
2017,2,5,21,139
2017,2,5,22,124
2017,2,5,23,76
2017,2,6,0,114
2017,2,6,1,66
2017,2,6,2,50
2017,2,6,3,34
2017,2,6,4,27
2017,2,6,5,33
2017,2,6,6,47
2017,2,6,7,74
2017,2,6,8,119
2017,2,6,9,160
2017,2,6,10,121
2017,2,6,11,141
2017,2,6,12,197
2017,2,6,13,135
2017,2,6,14,154
2017,2,6,15,161
2017,2,6,16,140
2017,2,6,17,175
2017,2,6,18,171
2017,2,6,19,212
2017,2,6,20,159
2017,2,6,21,135
2017,2,6,22,140
2017,2,6,23,144
2017,2,7,0,128
2017,2,7,1,113
2017,2,7,2,82
2017,2,7,3,88
2017,2,7,4,74
2017,2,7,5,51
2017,2,7,6,36
2017,2,7,7,54
2017,2,7,8,79
2017,2,7,9,109
2017,2,7,10,109
2017,2,7,11,120
2017,2,7,12,146
2017,2,7,13,132
2017,2,7,14,120
2017,2,7,15,116
2017,2,7,16,136
2017,2,7,17,133
2017,2,7,18,152
2017,2,7,19,156
2017,2,7,20,139
2017,2,7,21,143
2017,2,7,22,126
2017,2,7,23,150
2017,3,1,0,142
2017,3,1,1,102
2017,3,1,2,81
2017,3,1,3,90
2017,3,1,4,73
2017,3,1,5,40
2017,3,1,6,46
2017,3,1,7,48
2017,3,1,8,59
