weather_date,crime_count,average_temperature_f,reported_precipitation_inches,average_relative_humidity,average_wind_speed_mph,has_reported_weather_event,has_precipitation,has_rain,has_snow,has_thunderstorm
2008-01-01,1817,18.48998015873016,0.018,79.02519841269842,15.503273809523806,1,1,0,1,0
2008-01-02,919,10.059027777777777,0.008,70.95486111111111,9.57986111111111,1,1,0,1,0
2008-01-03,916,12.6875,0.001,73.0625,10.375,1,1,0,0,0
2008-01-04,1099,29.166666666666668,0.0,64.95833333333333,13.104166666666666,0,0,0,0,0
2008-01-05,1183,39.895833333333336,0.023,83.69583333333334,13.091666666666667,1,1,1,0,0
2008-01-06,1157,53.354166666666664,0.007,89.20833333333333,12.788194444444443,1,1,1,0,0
2008-01-07,1149,58.743055555555564,0.425,86.89583333333333,14.375,1,1,1,0,1
2008-01-08,1148,49.81805555555556,1.6089999999999998,92.27926587301589,11.25734126984127,1,1,1,1,1
2008-01-09,1204,35.40972222222222,0.0,78.25694444444444,8.020833333333334,1,0,0,0,0
2008-01-10,1217,38.15972222222222,0.243,80.4375,8.1875,1,1,1,1,0
2008-01-11,1316,34.21527777777778,0.008,83.125,11.104166666666666,1,1,1,1,0
2008-01-12,1202,34.5625,0.0,74.5,7.625,0,0,0,0,0
2008-01-13,1079,31.61111111111111,0.008,80.37847222222221,11.708333333333334,1,1,0,1,0
2008-01-14,1098,23.114583333333332,0.015000000000000001,75.75694444444444,13.222222222222221,1,1,0,1,0
2008-01-15,1200,20.506944444444446,0.0,69.94444444444444,7.590277777777778,0,0,0,0,0
2008-01-16,1161,30.520833333333332,0.0,62.395833333333336,10.4375,0,0,0,0,0
2008-01-17,1047,26.857142857142858,0.09000000000000001,79.81994047619048,15.294642857142856,1,1,0,1,0
2008-01-18,1113,17.27777777777778,0.011000000000000001,76.75,13.548611111111112,1,1,0,1,0
2008-01-19,976,1.0625,0.0,65.22916666666667,12.895833333333334,0,0,0,0,0
2008-01-20,915,3.2291666666666665,0.003,59.8125,9.791666666666666,0,1,0,0,0
2008-01-21,937,19.11388888888889,0.059000000000000004,64.02896825396824,7.622619047619048,1,1,0,1,0
2008-01-22,963,18.897321428571427,0.103,73.10515873015872,13.776785714285715,1,1,0,1,0
2008-01-23,954,11.512500000000001,0.021000000000000005,74.26488095238095,7.992559523809523,1,1,0,1,0
2008-01-24,979,3.1041666666666665,0.001,57.520833333333336,10.354166666666666,0,1,0,0,0
2008-01-25,955,9.639880952380953,0.044,66.58630952380952,7.468253968253968,1,1,0,1,0
2008-01-26,1002,24.253472222222218,0.034,76.23680555555556,10.447222222222223,1,1,0,1,0
2008-01-27,924,24.458333333333332,0.0,74.20833333333333,5.645833333333333,1,0,0,0,0
2008-01-28,1085,39.75,0.046,61.791666666666664,16.75,1,1,1,0,0
2008-01-29,965,36.65820105820106,0.109,86.22857142857144,17.476984126984128,1,1,1,1,0
2008-01-30,856,6.277777777777779,0.0,62.875,14.569444444444445,1,0,0,1,0
2008-01-31,855,20.536111111111108,0.062,76.59861111111111,11.03402777777778,1,1,0,1,0
2008-02-01,1186,28.129861111111115,0.08400000000000002,83.06875000000001,11.280555555555557,1,1,0,1,0
2008-02-02,952,27.625,0.002,82.10416666666667,7.833333333333333,1,1,0,0,0
2008-02-03,849,28.67013888888889,0.17700000000000002,86.85069444444444,7.09375,1,1,1,1,0
2008-02-04,969,36.46805555555556,0.099,96.99444444444445,6.922222222222223,1,1,1,0,0
2008-02-05,953,35.364583333333336,0.19199999999999998,90.28422619047619,12.938988095238095,1,1,1,1,0
2008-02-06,920,32.34513888888889,0.43600000000000005,94.48819444444445,19.056250000000002,1,1,1,1,0
2008-02-07,1012,26.63888888888889,0.012,81.36805555555556,6.875,1,1,0,1,0
2008-02-08,1176,32.71527777777778,0.13,83.80555555555556,8.569444444444445,1,1,1,1,0
2008-02-09,988,29.663194444444443,0.005,76.58333333333333,15.802083333333334,1,1,0,1,0
2008-02-10,820,1.5833333333333333,0.0,50.604166666666664,19.0625,0,0,0,0,0
2008-02-11,847,5.878472222222222,0.048,62.055555555555564,5.590277777777778,1,1,0,1,0
2008-02-12,788,18.03472222222222,0.05900000000000001,79.26458333333333,11.143749999999999,1,1,0,1,0
2008-02-13,1006,15.583333333333334,0.002,70.77083333333333,7.229166666666667,0,1,0,0,0
2008-02-14,1076,27.85763888888889,0.005,77.26736111111111,12.204861111111112,1,1,0,1,0
2008-02-15,1116,18.67361111111111,0.0,57.701388888888886,9.583333333333334,0,0,0,0,0
2008-02-16,1057,24.0,0.0,58.0,6.104166666666667,1,0,0,0,0
2008-02-17,1023,39.83819444444444,0.793,88.75208333333332,15.113888888888887,1,1,1,1,1
2008-02-18,959,18.895833333333332,0.023,70.92013888888889,18.975694444444443,1,1,0,1,0
2008-02-19,963,10.25,0.003,66.70833333333333,13.423611111111109,1,1,0,1,0
2008-02-20,969,13.371527777777777,0.006,59.142361111111114,10.708333333333334,1,1,0,1,0
2008-02-21,996,17.760416666666664,0.011,65.73958333333333,6.9618055555555545,1,1,0,1,0
2008-02-22,1119,25.3125,0.005,73.47916666666667,5.958333333333333,1,1,0,1,0
2008-02-23,1066,26.840277777777775,0.0,66.90972222222221,3.840277777777778,0,0,0,0,0
2008-02-24,982,28.979166666666668,0.0,76.125,6.979166666666667,1,0,0,0,0
2008-02-25,1057,32.50694444444444,0.29400000000000004,93.15972222222221,6.871527777777779,1,1,1,1,0
2008-02-26,1060,27.122222222222224,0.07800000000000001,73.91458333333334,15.498611111111108,1,1,0,1,0
2008-02-27,1048,20.304347826086957,0.0,60.43478260869565,8.833333333333334,0,0,0,0,0
2008-02-28,936,19.979166666666668,0.012,63.013888888888886,6.291666666666667,1,1,0,1,0
2008-02-29,1160,33.018055555555556,0.062,77.91805555555555,14.106250000000001,1,1,0,1,0
2008-03-01,1331,29.229166666666668,0.0,61.166666666666664,7.25,0,0,0,0,0
2008-03-02,1003,47.416666666666664,0.0,72.77083333333333,13.291666666666666,0,0,0,0,0
2008-03-03,1036,37.326388888888886,0.322,76.51041666666667,12.538194444444445,1,1,1,0,0
2008-03-04,1060,28.84375,0.0,66.33333333333333,17.9375,0,0,0,0,0
2008-03-05,1139,30.270833333333332,0.003,71.20833333333333,6.625,1,1,0,1,0
2008-03-06,1054,29.02083333333334,0.004,63.72222222222222,8.534722222222223,1,1,0,1,0
2008-03-07,1162,23.222222222222225,0.013000000000000001,61.59722222222223,15.694444444444445,1,1,0,1,0
2008-03-08,986,21.029166666666665,0.017,66.12152777777777,10.556944444444445,1,1,0,1,0
2008-03-09,970,28.717391304347824,0.006,68.8913043478261,6.246376811594204,1,1,0,1,0
2008-03-10,1104,30.5625,0.011,75.38888888888889,6.798611111111112,1,1,0,1,0
2008-03-11,1194,35.104166666666664,0.0,64.85416666666667,11.541666666666666,1,0,0,0,0
2008-03-12,1196,37.270833333333336,0.0,71.64583333333333,7.625,1,0,0,0,0
2008-03-13,1163,48.1875,0.0,59.354166666666664,11.5,1,0,0,0,0
2008-03-14,1248,45.0625,0.0,60.6875,4.583333333333333,0,0,0,0,0
2008-03-15,1117,35.520833333333336,0.0,67.60416666666667,13.104166666666666,0,0,0,0,0
2008-03-16,1033,32.51388888888889,0.0,64.86805555555556,11.652777777777777,0,0,0,0,0
2008-03-17,1044,35.954166666666666,0.092,75.03888888888888,10.515277777777778,1,1,1,1,0
2008-03-18,1015,40.81249999999999,0.08499999999999999,92.97916666666667,6.885416666666667,1,1,1,0,0
2008-03-19,1085,40.291666666666664,0.0,61.833333333333336,11.104166666666666,0,0,0,0,0
2008-03-20,1094,36.6875,0.0,59.0625,8.479166666666666,0,0,0,0,0
2008-03-21,952,31.954861111111114,0.204,88.27430555555556,14.645138888888889,1,1,1,1,0
2008-03-22,945,31.806944444444444,0.019000000000000003,68.34375,11.170833333333333,1,1,1,1,0
2008-03-23,948,33.083333333333336,0.003,62.4375,5.4375,0,1,0,0,0
2008-03-24,1072,34.645833333333336,0.003,60.229166666666664,8.729166666666666,1,1,0,1,0
2008-03-25,1222,45.645833333333336,0.0,51.3125,18.604166666666668,0,0,0,0,0
2008-03-26,1256,43.520833333333336,0.0,53.625,6.020833333333333,0,0,0,0,0
2008-03-27,1027,36.68402777777778,0.3590000000000001,86.86666666666667,14.055555555555555,1,1,1,1,0
2008-03-28,1276,34.67361111111111,0.015,67.76388888888889,10.840277777777779,1,1,0,1,0
2008-03-29,1117,37.3125,0.0,56.6875,10.6875,0,0,0,0,0
2008-03-30,1015,39.45486111111111,0.049,80.24791666666667,8.338888888888889,1,1,1,0,0
2008-03-31,1119,50.692361111111104,0.32600000000000007,93.22500000000001,12.025,1,1,1,0,1
2008-04-01,1319,39.625,0.001,71.5,13.6875,0,1,0,0,0
2008-04-02,1172,41.0,0.0,56.166666666666664,6.791666666666667,0,0,0,0,0
2008-04-03,1139,44.104166666666664,0.054,57.041666666666664,9.8125,1,1,1,0,0
2008-04-04,1286,44.27777777777777,0.014000000000000002,67.90277777777779,10.368055555555557,1,1,1,0,0
2008-04-05,1188,52.104166666666664,0.0,50.083333333333336,7.729166666666667,0,0,0,0,0
2008-04-06,1156,55.5625,0.0,47.833333333333336,9.729166666666666,0,0,0,0,0
2008-04-07,1172,48.083333333333336,0.002,61.333333333333336,12.25,1,1,1,0,0
2008-04-08,1146,44.3125,0.516,83.32986111111111,8.430555555555555,1,1,1,0,1
2008-04-09,1166,42.24305555555556,0.0,75.61111111111111,11.465277777777779,0,0,0,0,0
2008-04-10,1131,44.97569444444445,0.6109999999999999,92.41666666666667,14.902777777777779,1,1,1,0,0
2008-04-11,1094,51.8125,0.064,76.41666666666667,16.572916666666668,1,1,1,0,0
2008-04-12,1030,37.80902777777778,0.171,91.45138888888887,12.711805555555555,1,1,1,1,0
2008-04-13,975,36.92361111111111,0.033,73.47222222222221,14.25,1,1,1,1,0
2008-04-14,1153,41.375,0.0,54.541666666666664,7.479166666666667,0,0,0,0,0
2008-04-15,1397,47.958333333333336,0.0,45.104166666666664,12.541666666666666,0,0,0,0,0
2008-04-16,1269,58.9375,0.0,42.666666666666664,19.0,0,0,0,0,0
2008-04-17,1233,58.125,0.0,57.354166666666664,7.5,0,0,0,0,0
2008-04-18,1320,65.8125,0.004,56.375,13.0,1,1,1,0,0
2008-04-19,1186,56.23263888888889,0.117,86.18402777777779,4.836805555555555,1,1,1,0,0
2008-04-20,1148,56.1875,0.0,65.72916666666667,4.854166666666667,1,0,0,0,0
2008-04-21,1295,61.083333333333336,0.0,64.47916666666667,5.145833333333333,1,0,0,0,0
2008-04-22,1308,66.4375,0.0,54.354166666666664,6.958333333333333,0,0,0,0,0
2008-04-23,1263,62.708333333333336,0.0,50.625,11.666666666666666,0,0,0,0,0
2008-04-24,1168,66.25,0.054000000000000006,47.9375,14.875,1,1,1,0,0
2008-04-25,1298,67.9375,0.361,71.24305555555556,17.229166666666668,1,1,1,0,1
2008-04-26,1131,48.708333333333336,0.0,52.59722222222223,19.1875,0,0,0,0,0
2008-04-27,1061,47.270833333333336,0.0,46.8125,7.229166666666667,0,0,0,0,0
2008-04-28,1090,40.104166666666664,0.21400000000000002,76.87847222222223,10.364583333333334,1,1,1,1,0
2008-04-29,1105,39.291666666666664,0.0,58.354166666666664,7.854166666666667,0,0,0,0,0
2008-04-30,1203,48.083333333333336,0.0,51.5,8.9375,0,0,0,0,0
2008-05-01,1450,63.958333333333336,0.002,63.5,10.458333333333334,0,1,0,0,0
2008-05-02,1300,65.46875,0.8520000000000001,74.52777777777777,13.319444444444445,1,1,1,0,1
2008-05-03,1071,50.56736111111112,0.016,70.26319444444445,12.515972222222222,1,1,1,0,0
2008-05-04,989,54.604166666666664,0.0,47.395833333333336,5.583333333333333,0,0,0,0,0
2008-05-05,1267,62.666666666666664,0.0,41.666666666666664,6.291666666666667,0,0,0,0,0
2008-05-06,1224,68.58333333333333,0.0,42.833333333333336,8.666666666666666,0,0,0,0,0
2008-05-07,1338,61.607638888888886,0.761,74.6701388888889,11.090277777777777,1,1,1,0,0
2008-05-08,1185,51.1875,0.0,56.020833333333336,15.020833333333334,0,0,0,0,0
2008-05-09,1327,50.8125,0.0,55.9375,7.083333333333333,0,0,0,0,0
2008-05-10,1250,52.791666666666664,0.0,59.854166666666664,6.270833333333333,0,0,0,0,0
2008-05-11,1012,52.076388888888886,1.462,76.54166666666667,17.555555555555557,1,1,1,0,0
2008-05-12,1141,47.15277777777778,0.0,71.96527777777779,7.583333333333333,0,0,0,0,0
2008-05-13,1168,60.0625,0.4,61.75833333333333,14.529166666666667,1,1,1,0,1
2008-05-14,1247,55.631944444444436,0.022000000000000002,80.96180555555556,8.798611111111112,1,1,1,0,1
2008-05-15,1308,50.604166666666664,0.0,60.75,8.458333333333334,0,0,0,0,0
2008-05-16,1367,60.0625,0.0,52.229166666666664,8.729166666666666,0,0,0,0,0
2008-05-17,1239,63.69444444444445,0.301,49.12916666666666,13.730555555555554,1,1,1,0,1
2008-05-18,1068,50.78125,0.0,67.11458333333333,8.125,0,0,0,0,0
2008-05-19,1229,51.375,0.003,53.979166666666664,6.1875,1,1,1,0,0
2008-05-20,1283,55.604166666666664,0.001,51.5,7.729166666666667,0,1,0,0,0
2008-05-21,1264,55.270833333333336,0.0,49.5625,8.666666666666666,0,0,0,0,0
2008-05-22,1259,51.125,0.0,62.479166666666664,11.145833333333334,0,0,0,0,0
2008-05-23,1311,51.354166666666664,0.0,65.625,10.625,0,0,0,0,0
2008-05-24,1279,57.5625,0.0,52.6875,7.208333333333333,0,0,0,0,0
2008-05-25,1110,67.18055555555556,0.0,51.819444444444436,12.680555555555555,1,0,0,0,1
2008-05-26,1193,74.78472222222221,0.0,63.979166666666664,12.0,1,0,1,0,1
2008-05-27,1222,47.43055555555555,0.001,62.77083333333332,18.395833333333332,1,1,1,0,0
2008-05-28,1181,52.125,0.0,53.833333333333336,8.604166666666666,0,0,0,0,0
2008-05-29,1270,58.166666666666664,0.083,50.6875,3.625,1,1,1,0,0
2008-05-30,1320,68.4861111111111,0.30200000000000005,75.1388888888889,10.520833333333334,1,1,1,0,1
2008-05-31,1194,71.27083333333333,0.0,63.375,12.354166666666666,0,0,0,0,0
2008-06-01,1438,64.3125,0.0,53.270833333333336,5.8125,0,0,0,0,0
2008-06-02,1309,73.14583333333333,0.0,51.833333333333336,5.729166666666667,0,0,0,0,0
2008-06-03,1246,63.520833333333336,0.93,83.96666666666667,6.28125,1,1,1,0,1
2008-06-04,1290,67.54166666666667,0.02,82.13888888888889,4.416666666666667,1,1,0,0,1
2008-06-05,1267,79.42361111111111,0.22999999999999998,72.71527777777779,13.590277777777777,1,1,0,0,1
2008-06-06,1361,80.02083333333333,0.033,69.41666666666667,19.583333333333332,1,1,1,0,0
2008-06-07,1217,76.8125,0.07100000000000001,83.93402777777779,12.472222222222223,1,1,1,0,1
2008-06-08,1146,77.00000000000001,1.631,76.61111111111111,11.53888888888889,1,1,1,0,1
2008-06-09,1282,69.48263888888889,0.258,82.67708333333333,8.85763888888889,1,1,1,0,1
2008-06-10,1288,71.625,0.012,59.645833333333336,10.4375,1,1,1,0,0
2008-06-11,1404,76.9375,0.0,49.666666666666664,10.479166666666666,0,0,0,0,0
2008-06-12,1258,82.29166666666667,0.0,51.604166666666664,15.166666666666666,0,0,0,0,0
2008-06-13,1318,72.47222222222221,0.223,74.27777777777777,10.697916666666666,1,1,1,0,1
2008-06-14,1259,74.22916666666667,0.0,49.0625,9.291666666666666,0,0,0,0,0
2008-06-15,1262,71.75625000000001,0.343,67.73541666666667,9.795833333333333,1,1,1,0,1
2008-06-16,1211,67.60416666666667,0.0,52.854166666666664,11.4375,0,0,0,0,0
2008-06-17,1169,66.60416666666667,0.0,48.145833333333336,10.9375,0,0,0,0,0
2008-06-18,1209,64.95833333333333,0.0,57.625,7.125,0,0,0,0,0
2008-06-19,1188,68.66666666666667,0.0,49.125,5.4375,0,0,0,0,0
2008-06-20,1312,70.36111111111111,0.041,54.013888888888886,6.930555555555556,1,1,1,0,1
2008-06-21,1228,72.25,0.012,53.958333333333336,6.958333333333333,1,1,1,0,0
2008-06-22,1163,68.80555555555556,0.024,58.19444444444445,4.472222222222222,1,1,1,0,1
2008-06-23,1121,65.625,0.0,66.54166666666667,6.666666666666667,0,0,0,0,0
2008-06-24,1183,71.64583333333333,0.0,53.229166666666664,5.104166666666667,0,0,0,0,0
2008-06-25,1236,71.8611111111111,0.124,80.21527777777777,8.277777777777779,1,1,1,0,0
2008-06-26,1322,78.97916666666667,0.0,68.97916666666667,7.8125,1,0,0,0,0
2008-06-27,1319,75.5625,0.003,76.08333333333333,9.25,1,1,1,0,0
2008-06-28,1293,74.95833333333333,0.002,53.270833333333336,14.375,1,1,1,0,0
2008-06-29,1167,66.1875,0.324,74.38194444444444,10.413194444444445,1,1,1,0,0
2008-06-30,1240,69.14583333333333,0.0,51.833333333333336,9.25,0,0,0,0,0
2008-07-01,1409,72.75,0.0,46.4375,8.25,0,0,0,0,0
2008-07-02,1252,76.35763888888889,0.134,62.642361111111114,11.777777777777777,1,1,1,0,1
2008-07-03,1216,65.1875,0.001,61.895833333333336,13.375,0,1,0,0,0
2008-07-04,1155,67.52083333333333,0.0,56.291666666666664,7.5,0,0,0,0,0
2008-07-05,1253,70.35416666666667,0.0,54.8125,5.708333333333333,0,0,0,0,0
2008-07-06,1202,77.375,0.0,52.104166666666664,8.8125,0,0,0,0,0
2008-07-07,1253,79.47500000000001,0.111,68.22500000000001,11.4,1,1,0,0,1
2008-07-08,1308,75.95347222222222,0.281,79.32847222222222,8.51736111111111,1,1,1,0,1
2008-07-09,1311,76.0625,0.0,51.416666666666664,8.979166666666666,0,0,0,0,0
2008-07-10,1249,73.76805555555556,0.453,68.32083333333334,9.336111111111112,1,1,1,0,1
2008-07-11,1351,76.14583333333333,0.03,69.94444444444444,7.798611111111111,1,1,1,0,1
2008-07-12,1398,73.99652777777777,0.663,72.29861111111111,11.041666666666666,1,1,1,0,1
2008-07-13,1258,71.77083333333333,0.0,54.395833333333336,13.666666666666666,0,0,0,0,0
2008-07-14,1371,74.22916666666667,0.0,51.791666666666664,7.229166666666667,0,0,0,0,0
2008-07-15,1311,80.04166666666667,0.0,57.645833333333336,8.354166666666666,0,0,0,0,0
2008-07-16,1293,80.02083333333333,0.0,66.04166666666667,7.479166666666667,0,0,0,0,0
2008-07-17,1306,82.04166666666667,0.0,60.145833333333336,9.229166666666666,0,0,0,0,0
2008-07-18,1367,80.58333333333333,0.002,63.479166666666664,8.229166666666666,1,1,1,0,0
2008-07-19,1254,75.10810185185184,1.2420000000000002,84.1712962962963,5.9430555555555555,1,1,1,0,1
2008-07-20,1289,76.35069444444444,0.44,76.87847222222221,7.121527777777779,1,1,1,0,1
2008-07-21,1297,74.95138888888889,0.14100000000000001,76.01944444444445,7.731944444444444,1,1,1,0,1
2008-07-22,1335,70.27083333333333,0.061000000000000006,70.36805555555556,9.597222222222223,1,1,1,0,0
2008-07-23,1321,71.47916666666667,0.0,53.583333333333336,9.1875,0,0,0,0,0
2008-07-24,1318,72.25,0.0,52.583333333333336,4.6875,0,0,0,0,0
2008-07-25,1385,74.72916666666667,0.0,67.0,7.520833333333333,0,0,0,0,0
2008-07-26,1375,77.5,0.0,56.041666666666664,7.458333333333333,1,0,0,0,0
2008-07-27,1336,75.02083333333333,0.0,56.145833333333336,6.854166666666667,0,0,0,0,0
2008-07-28,1373,76.5,0.0,64.47916666666667,6.25,0,0,0,0,0
2008-07-29,1254,79.29861111111111,0.231,68.59027777777779,7.798611111111112,1,1,1,0,1
2008-07-30,1383,79.72916666666667,0.0,67.6875,9.416666666666666,0,0,0,0,0
2008-07-31,1311,77.29861111111111,0.551,76.0,7.145833333333333,1,1,1,0,1
2008-08-01,1531,79.55208333333333,0.0,71.53819444444444,3.826388888888889,1,0,0,0,0
2008-08-02,1309,74.1875,0.0,61.25,9.145833333333334,0,0,0,0,0
2008-08-03,1246,76.35416666666667,0.0,60.375,6.166666666666667,0,0,0,0,0
2008-08-04,1184,75.06319444444445,0.601,82.92361111111111,9.069444444444445,1,1,1,0,1
2008-08-05,1268,77.91666666666667,0.08,76.08333333333333,6.326388888888889,1,1,0,0,0
2008-08-06,1350,75.77083333333333,0.01,59.916666666666664,6.770833333333333,0,1,0,0,0
2008-08-07,1342,72.5,0.01,59.34027777777777,8.916666666666666,0,1,0,0,0
2008-08-08,1401,71.02083333333333,0.0,57.708333333333336,6.75,0,0,0,0,0
2008-08-09,1264,69.875,0.004,65.85416666666667,9.458333333333334,1,1,1,0,0
2008-08-10,1183,67.47826086956522,0.0,60.78260869565217,10.520833333333334,0,0,0,0,0
2008-08-11,1288,68.47916666666667,0.0,68.27083333333333,6.270833333333333,0,0,0,0,0
2008-08-12,1301,70.6875,0.0,62.375,4.104166666666667,0,0,0,0,0
2008-08-13,1319,71.11805555555556,0.003,64.74305555555556,5.479166666666667,0,1,0,0,0
2008-08-14,1269,71.29861111111111,0.001,68.25,8.25,1,1,0,0,0
2008-08-15,1436,70.35416666666667,0.0,60.25,8.770833333333334,0,0,0,0,0
2008-08-16,1298,72.125,0.0,54.416666666666664,6.5,0,0,0,0,0
2009-11-17,1019,46.5625,0.07200000000000001,61.34027777777778,16.86111111111111,1,1,1,0,0
2009-11-18,1043,45.72222222222223,0.374,80.65277777777779,7.465277777777778,1,1,1,0,0
2009-11-19,1038,44.270833333333336,0.019000000000000003,84.90277777777777,7.3819444444444455,1,1,1,0,0
2009-11-20,1188,46.8125,0.01,72.1875,7.770833333333333,0,1,0,0,0
2009-11-21,992,44.791666666666664,0.0,76.35416666666667,3.5833333333333335,0,0,0,0,0
2009-11-22,988,47.083333333333336,0.0,76.1875,5.520833333333333,1,0,0,0,0
2009-11-23,1021,45.020833333333336,0.0,86.60416666666667,5.048611111111112,1,0,0,0,0
2009-11-24,992,46.07638888888889,0.684,92.00694444444446,6.475694444444444,1,1,1,0,0
2009-11-25,1086,43.62847222222222,0.091,87.82638888888887,10.78125,1,1,1,0,0
2009-11-26,681,37.479166666666664,0.092,80.875,14.395833333333334,1,1,1,0,0
2009-11-27,947,34.98611111111111,0.0,63.0,7.0,0,0,0,0,0
2009-11-28,989,41.708333333333336,0.0,72.39583333333333,4.5,0,0,0,0,0
2009-11-29,881,40.36111111111111,0.025,85.86805555555554,7.3125,1,1,1,0,0
2009-11-30,1016,36.541666666666664,0.0,64.47916666666667,10.104166666666666,0,0,0,0,0
2009-12-01,1225,43.5,0.0,63.020833333333336,10.5625,0,0,0,0,0
2009-12-02,997,40.6875,0.041,73.70833333333333,10.75,1,1,1,0,0
2009-12-03,974,33.395833333333336,0.012,70.50694444444444,12.9375,1,1,1,1,0
2009-12-04,997,25.416666666666668,0.005,62.479166666666664,12.854166666666666,1,1,0,1,0
2009-12-05,912,27.75,0.006,54.270833333333336,7.583333333333333,1,1,0,1,0
2009-12-06,903,30.625,0.0,62.8125,8.3125,0,0,0,0,0
2009-12-07,901,29.52916666666667,0.044,80.11319444444445,5.378472222222222,1,1,0,1,0
2009-12-08,964,31.77916666666667,0.43499999999999994,85.49722222222222,10.6375,1,1,1,1,0
2009-12-09,908,27.909722222222225,0.17900000000000005,85.825,17.89027777777778,1,1,1,1,0
2009-12-10,803,7.409722222222222,0.003,64.73611111111111,18.194444444444446,1,1,0,1,0
2009-12-11,991,17.5625,0.001,62.166666666666664,8.416666666666666,0,1,0,0,0
2009-12-12,968,30.145833333333332,0.035,61.520833333333336,11.125,1,1,1,0,0
2009-12-13,878,35.104166666666664,0.008,88.33333333333333,6.0625,1,1,1,0,0
2009-12-14,1017,35.61111111111111,0.022000000000000002,88.81597222222223,8.95486111111111,1,1,1,0,0
2009-12-15,958,19.0625,0.0,63.34027777777778,12.840277777777777,0,0,0,0,0
2009-12-16,958,15.895833333333334,0.0,54.208333333333336,4.333333333333333,0,0,0,0,0
2009-12-17,1002,29.4375,0.0,61.770833333333336,6.375,0,0,0,0,0
2009-12-18,1071,35.33194444444444,0.06799999999999999,78.68055555555556,6.466666666666668,1,1,1,1,0
2009-12-19,918,32.88194444444444,0.16200000000000003,89.4513888888889,9.447916666666666,1,1,0,1,0
2009-12-20,908,29.145833333333332,0.019,81.3125,5.819444444444444,1,1,0,1,0
2009-12-21,918,27.8125,0.016,81.375,5.5,1,1,0,1,0
2009-12-22,884,30.447916666666668,0.15400000000000003,88.24166666666666,9.2875,1,1,0,1,0
2009-12-23,881,31.069444444444443,0.29500000000000004,83.20833333333333,15.819444444444445,1,1,1,1,0
2009-12-24,753,33.3125,0.35800000000000004,81.03125,13.638888888888891,1,1,1,0,0
2009-12-25,610,34.63194444444445,0.39200000000000007,84.5625,15.388888888888891,1,1,1,1,0
2009-12-26,753,23.813888888888886,0.041,80.81111111111112,10.429166666666665,1,1,0,1,0
2009-12-27,757,19.61111111111111,0.031000000000000003,81.69791666666666,9.07986111111111,1,1,0,1,0
2009-12-28,820,24.1875,0.0,71.64583333333333,13.5,1,0,0,0,0
2009-12-29,822,17.770833333333332,0.0,67.33333333333333,5.9375,0,0,0,0,0
2009-12-30,924,26.666666666666668,0.033,81.16666666666667,8.920138888888888,1,1,0,1,0
2009-12-31,816,25.354166666666668,0.026000000000000002,78.13194444444444,10.125,1,1,0,1,0
2010-01-01,1462,11.395833333333334,0.004,69.0625,10.395833333333334,1,1,0,1,0
2010-01-02,793,7.0,0.003,62.510416666666664,11.618055555555557,1,1,0,1,0
2010-01-03,760,10.3125,0.008,66.27777777777779,11.069444444444445,1,1,0,1,0
2010-01-04,855,14.0625,0.011000000000000001,69.97916666666667,10.833333333333334,1,1,0,1,0
2010-01-05,912,17.881944444444446,0.006,70.79861111111111,9.729166666666666,1,1,0,1,0
2010-01-06,887,15.826388888888888,0.0,76.7013888888889,5.75,1,0,0,0,0
2010-01-07,864,18.005555555555556,0.21300000000000002,84.24513888888889,5.594444444444444,1,1,0,1,0
2010-01-08,931,21.722916666666666,0.038000000000000006,72.95625,12.858333333333334,1,1,0,1,0
2010-01-09,821,15.362499999999999,0.006,67.37777777777778,7.852777777777778,1,1,0,1,0
2010-01-10,783,9.479166666666666,0.0,72.02083333333333,10.479166666666666,0,0,0,0,0
2010-01-11,955,22.333333333333332,0.014000000000000002,68.83333333333333,12.270833333333334,1,1,0,1,0
2010-01-12,1004,25.479166666666668,0.01,75.35416666666667,7.854166666666667,1,1,0,1,0
2010-01-13,991,26.541666666666668,0.0,73.66666666666667,11.166666666666666,0,0,0,0,0
2010-01-14,1078,35.354166666666664,0.0,75.84027777777779,9.82638888888889,1,0,0,0,0
2010-01-15,1212,30.458333333333332,0.0,86.64583333333333,5.520833333333333,1,0,0,0,0
2010-01-16,937,26.222222222222218,0.0,86.81944444444444,7.479166666666667,1,0,0,0,0
2010-01-17,903,26.680555555555554,0.006,88.36458333333333,5.274305555555555,1,1,0,1,0
2010-01-18,909,29.034722222222218,0.005,90.5763888888889,6.513888888888889,1,1,0,1,0
2010-01-19,1039,30.479166666666668,0.0,73.19444444444444,3.4791666666666665,1,0,0,0,0
2010-01-20,969,31.340277777777782,0.038000000000000006,73.61805555555556,15.065972222222221,1,1,1,0,0
2010-01-21,960,32.791666666666664,0.094,72.45833333333333,15.854166666666666,1,1,1,0,0
2010-01-22,1094,34.354166666666664,0.002,82.0,9.541666666666666,1,1,1,0,0
2010-01-23,1045,39.21527777777778,0.005,91.22222222222221,11.277777777777779,1,1,1,0,0
2010-01-24,829,40.83888888888889,0.3480000000000001,88.99444444444445,15.136111111111113,1,1,1,0,0
2010-01-25,925,28.645833333333332,0.016,75.11458333333333,15.263888888888891,1,1,0,1,0
2010-01-26,987,18.805555555555554,0.020999999999999998,71.68402777777777,16.04861111111111,1,1,0,1,0
2010-01-27,896,16.9375,0.012,72.02083333333333,12.864583333333334,1,1,0,1,0
2010-01-28,895,10.791666666666666,0.0,56.770833333333336,11.416666666666666,0,0,0,0,0
2010-01-29,862,13.819444444444443,0.007,59.1875,5.861111111111111,1,1,0,1,0
2010-01-30,873,20.416666666666668,0.005,63.9375,7.069444444444444,1,1,0,1,0
2010-01-31,824,21.9375,0.0,62.1875,8.895833333333334,0,0,0,0,0
2010-02-01,1031,25.979166666666668,0.0,61.875,2.6458333333333335,1,0,0,0,0
2010-02-02,890,28.954166666666666,0.07600000000000001,83.42222222222223,7.184722222222221,1,1,0,1,0
2010-02-03,944,27.159722222222218,0.0,75.48611111111111,6.145833333333333,1,0,0,0,0
2010-02-04,950,29.791666666666668,0.0,73.75,7.333333333333333,1,0,0,0,0
2010-02-05,966,32.55347222222222,0.028,77.93055555555556,16.29652777777778,1,1,0,1,0
2010-02-06,858,26.5625,0.003,68.14583333333333,18.15625,1,1,0,1,0
2010-02-07,762,25.770833333333332,0.002,64.02083333333333,6.729166666666667,1,1,0,1,0
2010-02-08,845,25.625,0.002,64.45833333333333,7.791666666666667,1,1,0,1,0
2010-02-09,797,25.881944444444443,0.229,85.22152777777778,9.503472222222223,1,1,0,1,0
2010-02-10,826,24.248611111111114,0.017,72.8625,14.542361111111111,1,1,0,1,0
2010-02-11,851,20.0,0.0,70.04166666666667,4.833333333333333,0,0,0,0,0
2010-02-12,891,21.8125,0.0,65.79166666666667,3.9375,0,0,0,0,0
2010-02-13,876,21.770833333333332,0.0,61.1875,7.166666666666667,0,0,0,0,0
2010-02-14,766,20.270833333333332,0.0,65.70833333333333,6.1875,0,0,0,0,0
2010-02-15,828,23.590277777777782,0.007,73.50694444444444,8.493055555555555,1,1,0,1,0
2010-02-16,921,29.243055555555554,0.006,64.15277777777779,10.520833333333334,1,1,0,1,0
2010-02-17,926,30.895833333333332,0.0,64.11805555555556,8.645833333333334,0,0,0,0,0
2010-02-18,1036,33.32638888888889,0.0,61.611111111111114,7.541666666666667,0,0,0,0,0
2010-02-19,962,31.25,0.0,51.375,3.8541666666666665,0,0,0,0,0
2010-02-20,912,34.322916666666664,0.009000000000000001,79.53819444444444,3.7777777777777772,1,1,0,1,0
2010-02-21,809,34.22222222222222,0.31200000000000006,86.80555555555556,8.1875,1,1,1,1,0
2010-02-22,831,32.145833333333336,0.15300000000000002,88.48263888888887,10.697916666666666,1,1,0,1,0
2010-02-23,970,29.118055555555554,0.015000000000000001,78.02777777777779,7.131944444444444,1,1,0,1,0
2010-02-24,910,24.924305555555552,0.017,78.48541666666667,11.233333333333334,1,1,0,1,1
2010-02-25,885,25.479166666666668,0.015000000000000003,65.83333333333333,11.875,1,1,0,1,0
2010-02-26,961,26.0625,0.004,58.541666666666664,12.208333333333334,1,1,0,1,0
2010-02-27,908,31.624305555555555,0.011000000000000001,75.52708333333334,11.067361111111111,1,1,0,1,0
2010-02-28,843,34.625,0.008,77.29166666666667,8.125,1,1,0,1,0
2010-03-01,1139,32.895833333333336,0.005,76.64583333333333,9.8125,1,1,0,1,0
2010-03-02,970,31.868055555555554,0.001,73.45833333333333,11.090277777777779,0,1,0,0,0
2010-03-03,962,32.6875,0.0,63.770833333333336,9.180555555555555,0,0,0,0,0
2010-03-04,988,33.520833333333336,0.0,58.291666666666664,7.666666666666667,0,0,0,0,0
2010-03-05,1112,31.895833333333332,0.0,68.875,7.125,0,0,0,0,0
2010-03-06,983,36.208333333333336,0.0,63.333333333333336,3.25,0,0,0,0,0
2010-03-07,845,37.8125,0.115,73.50694444444444,5.076388888888889,1,1,1,0,0
2010-03-08,1094,40.015277777777776,0.0,88.05902777777779,3.1777777777777776,1,0,0,0,0
2010-03-09,1111,43.270833333333336,0.004,80.76388888888889,6.1875,1,1,1,0,0
2010-03-10,1128,54.56944444444445,0.11200000000000002,75.47916666666667,8.409722222222223,1,1,1,0,0
2010-03-11,1110,54.27430555555555,0.23099999999999998,80.80902777777779,9.96875,1,1,1,0,1
2010-03-12,1157,48.239583333333336,0.052000000000000005,79.57291666666667,9.03125,1,1,1,0,1
2010-03-13,983,44.74652777777777,0.5680000000000001,92.55555555555554,15.505555555555555,1,1,1,0,1
2010-03-14,896,43.232919254658384,0.003,74.83643892339545,15.8416149068323,1,1,1,0,0
2010-03-15,1071,44.229166666666664,0.0,71.75,8.8125,0,0,0,0,0
2010-03-16,1115,47.145833333333336,0.0,49.333333333333336,3.25,0,0,0,0,0
2010-03-17,1068,47.395833333333336,0.0,38.125,3.6875,0,0,0,0,0
2010-03-18,1157,51.3125,0.0,60.1875,10.270833333333334,0,0,0,0,0
2010-03-19,1164,52.041666666666664,0.0,57.9375,13.270833333333334,0,0,0,0,0
2010-03-20,876,34.07986111111111,0.14,84.81944444444446,17.305555555555554,1,1,0,1,0
2010-03-21,902,37.833333333333336,0.064,73.64583333333333,15.388888888888891,1,1,1,1,0
2010-03-22,966,42.375,0.0,48.625,15.3125,0,0,0,0,0
2010-03-23,1118,43.041666666666664,0.0,56.979166666666664,4.6875,0,0,0,0,0
2010-03-24,1145,45.833333333333336,0.002,42.645833333333336,5.0625,0,1,0,0,0
2010-03-25,1078,37.895833333333336,0.004,63.0,18.708333333333332,1,1,1,0,0
2010-03-26,1068,32.6875,0.0,48.270833333333336,10.395833333333334,0,0,0,0,0
2010-03-27,1094,42.0,0.021,56.104166666666664,9.270833333333334,1,1,1,0,0
2010-03-28,956,43.083333333333336,0.003,61.1875,14.833333333333334,1,1,1,0,0
2010-03-29,974,37.86111111111111,0.0,70.74305555555556,8.083333333333334,0,0,0,0,0
2010-03-30,1052,49.395833333333336,0.0,58.583333333333336,9.25,0,0,0,0,0
2010-03-31,1062,64.27083333333333,0.0,46.770833333333336,14.729166666666666,0,0,0,0,0
2010-04-01,1264,69.70833333333333,0.0,47.833333333333336,13.375,0,0,0,0,0
2010-04-02,1137,69.77083333333333,0.0,41.5,16.541666666666668,0,0,0,0,0
2010-04-03,976,54.62152777777778,0.24200000000000002,62.50347222222222,11.177083333333334,1,1,1,0,0
2010-04-04,882,58.243055555555564,1.043,61.861111111111114,11.638888888888888,1,1,1,0,1
2010-04-05,1008,59.38333333333333,0.024000000000000004,62.10138888888889,6.927777777777777,1,1,1,0,1
2010-04-06,1059,63.208333333333336,0.02,67.54166666666667,9.166666666666666,1,1,0,0,0
2010-04-07,913,45.708333333333336,0.617,90.82638888888887,9.75,1,1,1,0,0
2010-04-08,1081,38.416666666666664,0.009000000000000001,75.64583333333333,10.229166666666666,1,1,1,0,0
2010-04-09,1074,44.229166666666664,0.0,51.916666666666664,8.25,0,0,0,0,0
2010-04-10,1144,58.9375,0.0,43.395833333333336,11.4375,0,0,0,0,0
2010-04-11,957,53.791666666666664,0.0,50.416666666666664,9.770833333333334,0,0,0,0,0
2010-04-12,1017,59.458333333333336,0.003,37.104166666666664,11.458333333333334,0,1,0,0,0
2010-04-13,1030,57.71052631578947,0.0,42.6578947368421,12.229166666666666,0,0,0,0,0
2010-04-14,1162,66.60416666666667,0.0,45.875,7.5,0,0,0,0,0
2010-04-15,1256,72.75,0.0,37.458333333333336,10.8125,0,0,0,0,0
2010-04-16,1123,59.416666666666664,0.03,52.34722222222222,13.083333333333334,1,1,1,0,0
2010-04-17,1024,47.375,0.0,35.708333333333336,10.395833333333334,0,0,0,0,0
2010-04-18,937,44.416666666666664,0.0,58.416666666666664,9.541666666666666,0,0,0,0,0
2010-04-19,1022,47.458333333333336,0.0,61.666666666666664,6.3125,0,0,0,0,0
2010-04-20,1108,51.291666666666664,0.0,55.0625,3.7291666666666665,0,0,0,0,0
2010-04-21,1004,48.354166666666664,0.001,61.354166666666664,9.583333333333334,1,1,1,0,0
2010-04-22,1060,48.354166666666664,0.04,66.0,7.229166666666667,1,1,1,0,0
2010-04-23,1163,54.020833333333336,0.045,62.75,8.3125,1,1,1,0,0
2010-04-24,1019,56.830555555555556,0.3420000000000001,88.46388888888889,11.631944444444445,1,1,1,0,1
2010-04-25,918,53.26388888888889,0.195,84.80555555555556,13.291666666666666,1,1,1,0,0
2010-04-26,1047,52.8125,0.0,46.708333333333336,14.3125,0,0,0,0,0
2010-04-27,1026,45.979166666666664,0.0,46.583333333333336,12.854166666666666,0,0,0,0,0
2010-04-28,1041,51.145833333333336,0.0,43.5625,4.8125,0,0,0,0,0
2010-04-29,1068,65.16666666666667,0.0,44.1875,17.541666666666668,0,0,0,0,0
2010-04-30,1157,71.44047619047619,0.863,61.75992063492063,16.8859126984127,1,1,1,0,1
2010-05-01,1207,65.72916666666667,0.015,67.54166666666667,7.916666666666667,1,1,1,0,0
2010-05-02,973,61.010416666666664,0.34199999999999997,72.22222222222223,6.694444444444444,1,1,1,0,0
2010-05-03,1113,62.416666666666664,0.0,55.458333333333336,9.479166666666666,0,0,0,0,0
2010-05-04,1122,67.04166666666667,0.0,44.583333333333336,12.604166666666666,0,0,0,0,0
2010-05-05,1257,64.60416666666667,0.001,38.729166666666664,11.916666666666666,0,1,0,0,0
2010-05-06,1104,52.97222222222222,0.05,57.52777777777778,10.111111111111112,1,1,0,0,1
2010-05-07,1113,52.36944444444445,0.7629999999999999,77.89027777777777,13.734722222222222,1,1,1,0,1
2010-05-08,955,45.458333333333336,0.08399999999999999,66.64583333333333,14.618055555555555,1,1,1,0,0
2010-05-09,983,48.0,0.0,50.604166666666664,5.979166666666667,0,0,0,0,0
2010-05-10,1100,52.395833333333336,0.004,42.083333333333336,12.833333333333334,1,1,1,0,0
2010-05-11,999,50.07638888888889,0.7640000000000001,88.67361111111113,10.694444444444443,1,1,1,0,0
2010-05-12,1109,49.23402777777778,0.161,87.06944444444446,10.260416666666666,1,1,1,0,1
2010-05-13,1034,61.10069444444445,1.1720000000000002,78.42847222222223,13.356051587301588,1,1,1,0,1
2010-05-14,1213,58.395833333333336,0.0,58.416666666666664,12.458333333333334,0,0,0,0,0
2010-05-15,1114,54.979166666666664,0.0,60.770833333333336,6.520833333333333,0,0,0,0,0
2010-05-16,959,56.395833333333336,0.0,61.75,11.708333333333334,0,0,0,0,0
2010-05-17,1032,54.833333333333336,0.11399999999999999,65.66666666666667,8.75,1,1,1,0,0
2010-05-18,1093,55.125,0.0,60.0,9.9375,0,0,0,0,0
2010-05-19,1084,61.791666666666664,0.0,46.145833333333336,7.208333333333333,0,0,0,0,0
2010-05-20,1130,62.25,0.093,61.854166666666664,7.229166666666667,1,1,1,0,0
2010-05-21,1090,62.07638888888889,0.43500000000000005,88.54513888888887,6.436805555555556,1,1,1,0,1
2010-05-22,1052,64.9513888888889,0.02,81.5763888888889,6.069444444444444,1,1,0,0,0
2010-05-23,1056,79.14583333333333,0.0,62.479166666666664,9.75,0,0,0,0,0
2010-05-24,1153,81.83333333333333,0.0,61.583333333333336,7.916666666666667,0,0,0,0,0
2010-05-25,1108,78.79166666666667,0.0,54.583333333333336,7.958333333333333,0,0,0,0,0
2010-05-26,1176,77.4236111111111,0.001,60.1875,5.763888888888889,1,1,1,0,1
2010-05-27,1091,69.60416666666667,0.0,50.916666666666664,12.958333333333334,0,0,0,0,0
2010-05-28,1146,67.75,0.0,52.020833333333336,10.354166666666666,0,0,0,0,0
2010-05-29,1061,72.54166666666667,0.0,60.458333333333336,5.416666666666667,0,0,0,0,0
2010-05-30,976,79.64583333333333,0.001,51.375,6.104166666666667,1,1,0,0,1
2010-05-31,811,71.18055555555556,1.6099999999999999,82.22847222222224,4.945138888888889,1,1,1,0,1
2010-06-01,1303,74.14999999999999,0.0,71.43263888888889,5.721527777777777,1,0,0,0,0
2010-06-02,1114,68.22500000000001,1.3110000000000002,78.35138888888889,9.973611111111111,1,1,1,0,1
2010-06-03,1056,63.923611111111114,0.0,54.951388888888886,7.590277777777779,0,0,0,0,0
2010-06-04,1141,72.125,0.001,63.354166666666664,8.583333333333334,0,1,0,0,0
2010-06-05,1061,72.10069444444444,0.563,75.55034722222221,8.12326388888889,1,1,1,0,1
2010-06-06,970,65.1111111111111,0.002,67.10416666666667,10.506944444444445,1,1,1,0,0
2010-06-07,1079,62.354166666666664,0.0,61.1875,7.895833333333333,0,0,0,0,0
2010-06-08,1014,62.84027777777778,0.35600000000000004,80.46527777777777,8.718055555555555,1,1,1,0,0
2010-06-09,1129,74.625,0.0,56.326388888888886,10.701388888888891,1,0,0,0,0
2010-06-10,1232,67.83333333333333,0.0,61.0,6.395833333333333,0,0,0,0,0
2010-06-11,1160,77.73333333333333,0.6600000000000001,70.43541666666667,10.270833333333334,1,1,1,0,1
2010-06-12,1000,69.21180555555556,0.132,83.22638888888889,7.396527777777777,1,1,1,0,1
2010-06-13,926,66.15972222222223,0.261,82.41527777777777,4.8069444444444445,1,1,1,0,0
2010-06-14,1110,66.30833333333334,0.011,83.59375,6.5562499999999995,1,1,1,0,0
2010-06-15,1085,70.46458333333332,0.911,83.88055555555555,6.007638888888889,1,1,1,0,1
2010-06-16,1093,73.3125,0.0,64.875,10.333333333333334,0,0,0,0,0
2010-06-17,1141,76.02083333333333,0.0,59.916666666666664,6.8125,0,0,0,0,0
2010-06-18,1082,76.06349206349206,0.673,72.18650793650794,10.485119047619047,1,1,1,0,1
2010-06-19,931,76.1875,0.0,59.666666666666664,11.5625,0,0,0,0,0
2010-06-20,1089,72.5,0.001,64.95833333333333,5.166666666666667,0,1,0,0,0
2010-06-21,1144,75.33333333333333,0.403,73.97222222222221,7.465277777777778,1,1,1,0,1
2010-06-22,1043,78.625,0.0,70.66666666666667,7.4375,0,0,0,0,0
2010-06-23,1005,75.80694444444445,1.462,80.40763888888888,12.125,1,1,1,0,1
2010-06-24,1024,73.75,0.0,60.270833333333336,8.041666666666666,0,0,0,0,0
2010-06-25,1155,76.22916666666667,0.0,58.229166666666664,7.791666666666667,0,0,0,0,0
2010-06-26,1120,77.92410714285715,0.7010000000000001,66.59970238095238,7.44047619047619,1,1,1,0,1
2010-06-27,1107,79.2388888888889,0.88,71.85555555555557,10.334027777777777,1,1,1,0,1
2010-06-28,1168,75.0625,0.0,60.583333333333336,11.854166666666666,0,0,0,0,0
2010-06-29,1106,67.27083333333333,0.0,56.1875,8.645833333333334,0,0,0,0,0
2010-06-30,1140,66.35416666666667,0.0,56.458333333333336,6.645833333333333,0,0,0,0,0
2010-07-01,1260,68.79166666666667,0.0,48.541666666666664,6.104166666666667,0,0,0,0,0
2010-07-02,1091,74.0625,0.0,46.020833333333336,7.729166666666667,0,0,0,0,0
2008-08-17,1314,74.70833333333333,0.0,59.208333333333336,8.6875,0,0,0,0,0
2008-08-18,1305,75.10416666666667,0.0,58.020833333333336,7.0,0,0,0,0,0
2008-08-19,1344,74.70833333333333,0.0,70.8125,5.75,0,0,0,0,0
2008-08-20,1379,73.89583333333333,0.0,62.625,7.770833333333333,0,0,0,0,0
2008-08-21,1307,75.45833333333333,0.003,58.145833333333336,7.4375,1,1,1,0,0
2008-08-22,1440,78.5,0.001,73.61805555555556,11.583333333333334,1,1,1,0,1
2008-08-23,1292,78.875,0.0,69.80555555555556,9.458333333333332,1,0,1,0,1
2008-08-24,1282,70.35416666666667,0.0,63.111111111111114,10.097222222222223,0,0,0,0,0
2008-08-25,1232,68.97916666666667,0.0,62.75,12.916666666666666,0,0,0,0,0
2008-08-26,1222,68.89583333333333,0.0,61.729166666666664,9.645833333333334,0,0,0,0,0
2008-08-27,1277,72.1875,0.0,60.020833333333336,4.770833333333333,0,0,0,0,0
2008-08-28,1319,73.95833333333333,0.021,74.58333333333333,6.395833333333333,1,1,1,0,0
2008-08-29,1320,75.41666666666667,0.001,63.833333333333336,6.0,1,1,0,0,0
2008-08-30,1288,75.60416666666667,0.0,52.833333333333336,3.2083333333333335,0,0,0,0,0
2008-08-31,1232,77.95833333333333,0.0,51.1875,4.895833333333333,0,0,0,0,0
2008-09-01,1468,78.35416666666667,0.0,46.875,7.729166666666667,0,0,0,0,0
2008-09-02,1343,80.0625,0.002,55.0625,4.854166666666667,1,1,1,0,1
2008-09-03,1210,71.47916666666667,0.0,72.42361111111111,12.069444444444443,0,0,0,0,0
2008-09-04,928,65.34027777777779,2.7140000000000004,91.22222222222223,11.829861111111109,1,1,1,0,0
2008-09-05,1297,62.96527777777777,0.022000000000000002,83.38194444444444,4.659722222222222,1,1,1,0,0
2008-09-06,1319,65.5,0.001,68.54166666666667,5.4375,1,1,1,0,0
2008-09-07,1179,65.54166666666667,0.011,62.5625,7.208333333333333,0,1,0,0,0
2008-09-08,1106,59.118055555555564,1.02,84.30555555555556,6.871527777777778,1,1,1,0,0
2008-09-09,1269,58.6875,0.01,65.52083333333333,6.166666666666667,0,1,0,0,0
2008-09-10,1279,62.916666666666664,0.0,57.458333333333336,4.958333333333333,0,0,0,0,0
2008-09-11,1302,68.89583333333333,0.0,66.20833333333333,9.354166666666666,1,0,0,0,0
2008-09-12,1261,71.52777777777779,0.647,91.84722222222223,7.208333333333333,1,1,1,0,0
2008-09-13,1118,72.69394841269842,3.2310000000000008,93.25496031746032,9.897519841269842,1,1,1,0,0
2008-09-14,1086,64.40972222222221,1.7610000000000001,92.09722222222221,9.79861111111111,1,1,1,0,0
2008-09-15,1216,59.979166666666664,0.01,76.125,6.270833333333333,0,1,0,0,0
2008-09-16,1203,61.333333333333336,0.0,68.35416666666667,6.208333333333333,0,0,0,0,0
2008-09-17,1323,67.70833333333333,0.0,67.70833333333333,8.083333333333334,0,0,0,0,0
2008-09-18,1327,67.5625,0.0,66.95833333333333,7.979166666666667,0,0,0,0,0
2008-09-19,1426,69.02083333333333,0.0,56.5,6.770833333333333,0,0,0,0,0
2008-09-20,1325,70.64583333333333,0.0,63.145833333333336,3.1458333333333335,1,0,0,0,0
2008-09-21,1221,70.20833333333333,0.0,74.96527777777777,3.5208333333333335,1,0,0,0,0
2008-09-22,1271,72.10416666666667,0.0,66.3125,7.291666666666667,1,0,0,0,0
2008-09-23,1306,72.60416666666667,0.0,56.583333333333336,7.708333333333333,0,0,0,0,0
2008-09-24,1320,72.16666666666667,0.0,60.041666666666664,5.3125,0,0,0,0,0
2008-09-25,1256,71.33333333333333,0.0,71.25,5.854166666666667,1,0,0,0,0
2008-09-26,1356,69.10416666666667,0.0,62.541666666666664,4.604166666666667,1,0,0,0,0
2008-09-27,1219,68.0625,0.0,64.52083333333333,3.0208333333333335,1,0,0,0,0
2008-09-28,1188,65.39583333333333,0.0,74.79166666666667,7.569444444444444,0,0,0,0,0
2008-09-29,1074,60.854166666666664,0.121,86.06944444444446,4.329861111111111,1,1,1,0,0
2008-09-30,1259,54.854166666666664,0.01,70.625,9.75,0,1,0,0,0
2008-10-01,1333,52.583333333333336,0.0,66.125,10.791666666666666,0,0,0,0,0
2008-10-02,1130,54.270833333333336,0.0,60.145833333333336,9.916666666666666,0,0,0,0,0
2008-10-03,1134,54.45138888888889,0.012,67.77083333333333,8.090277777777777,1,1,1,0,0
2008-10-04,1159,51.729166666666664,0.0,61.708333333333336,4.208333333333333,0,0,0,0,0
2008-10-05,1136,55.208333333333336,0.031,60.84722222222222,7.159722222222221,1,1,1,0,0
2008-10-06,1179,62.458333333333336,0.0,55.8125,8.791666666666666,0,0,0,0,0
2008-10-07,1148,60.583333333333336,0.8620000000000001,74.90972222222221,10.809027777777779,1,1,1,0,0
2008-10-08,1247,58.026388888888896,0.29200000000000004,83.18333333333334,8.347222222222221,1,1,1,0,0
2008-10-09,1290,58.416666666666664,0.0,51.708333333333336,4.791666666666667,0,0,0,0,0
2008-10-10,1453,59.875,0.0,54.645833333333336,6.145833333333333,0,0,0,0,0
2008-10-11,1267,66.4375,0.0,56.75,5.166666666666667,0,0,0,0,0
2008-10-12,1285,72.83333333333333,0.0,56.375,6.458333333333333,0,0,0,0,0
2008-10-13,1185,72.22916666666667,0.0,59.083333333333336,8.75,0,0,0,0,0
2008-10-14,1310,60.92291666666667,0.001,55.793749999999996,7.333333333333333,1,1,1,0,0
2008-10-15,1351,57.75694444444445,0.255,78.19791666666667,6.673611111111111,1,1,1,0,0
2008-10-16,1247,50.354166666666664,0.0,65.1875,7.791666666666667,0,0,0,0,0
2008-10-17,1330,50.666666666666664,0.001,66.5,7.125,0,1,0,0,0
2008-10-18,1196,52.354166666666664,0.14100000000000001,67.92361111111111,5.75,1,1,1,0,0
2008-10-19,1115,53.416666666666664,0.0,54.6875,10.708333333333334,0,0,0,0,0
2008-10-20,1142,50.71527777777778,0.321,75.78472222222223,7.506944444444444,1,1,1,0,0
2008-10-21,1207,47.625,0.0,67.0,9.125,0,0,0,0,0
2008-10-22,1216,47.479166666666664,0.0,50.104166666666664,12.4375,0,0,0,0,0
2008-10-23,1225,50.28260869565217,0.094,52.608695652173914,10.5625,1,1,1,0,0
2008-10-24,1181,50.263888888888886,0.762,82.53125,6.71875,1,1,1,0,1
2008-10-25,1188,47.729166666666664,0.002,77.40277777777779,13.0625,1,1,1,0,0
2008-10-26,1120,47.4375,0.014000000000000002,60.541666666666664,18.4375,1,1,1,1,0
2008-10-27,1127,39.854166666666664,0.005,61.958333333333336,13.729166666666666,1,1,0,1,0
2008-10-28,1162,38.541666666666664,0.0,54.916666666666664,10.020833333333334,0,0,0,0,0
2008-10-29,1113,41.17361111111111,0.0,54.729166666666664,6.020833333333333,0,0,0,0,0
2008-10-30,1271,49.5625,0.0,53.4375,9.354166666666666,0,0,0,0,0
2008-10-31,1444,58.5625,0.0,63.625,7.854166666666667,1,0,0,0,0
2008-11-01,1479,51.541666666666664,0.0,76.91666666666667,8.145833333333334,0,0,0,0,0
2008-11-02,1214,59.416666666666664,0.162,69.89583333333333,9.229166666666666,1,1,1,0,0
2008-11-03,1124,64.02083333333333,0.002,58.520833333333336,9.895833333333334,0,1,0,0,0
2008-11-04,1076,61.479166666666664,0.0,53.354166666666664,8.041666666666666,0,0,0,0,0
2008-11-05,1261,62.020833333333336,0.0,54.9375,11.708333333333334,0,0,0,0,0
2008-11-06,1182,59.239583333333336,0.251,71.75,12.114583333333334,1,1,1,0,0
2008-11-07,1204,43.069444444444436,0.034,74.28472222222223,10.701388888888891,1,1,1,1,0
2008-11-08,1076,37.46527777777778,0.027000000000000003,83.95138888888889,16.020833333333332,1,1,1,0,0
2008-11-09,939,34.13194444444444,0.012,70.73611111111111,12.180555555555555,1,1,1,1,0
2008-11-10,1019,32.1875,0.0,59.375,6.666666666666667,0,0,0,0,0
2008-11-11,1085,34.5,0.163,79.5138888888889,7.534722222222221,1,1,1,0,0
2008-11-12,1097,44.68055555555555,0.069,90.70833333333333,8.805555555555555,1,1,1,0,0
2008-11-13,1154,49.46527777777777,0.034,81.37847222222221,14.402777777777777,1,1,1,0,0
2008-11-14,1242,48.756944444444436,0.11499999999999999,84.81944444444444,8.86111111111111,1,1,1,0,0
2008-11-15,1238,39.40277777777778,0.007,62.69444444444445,15.486111111111109,1,1,0,1,0
2008-11-16,1007,33.104166666666664,0.009000000000000001,75.0451388888889,10.628472222222223,1,1,0,1,0
2008-11-17,1034,30.962500000000002,0.007,59.65416666666667,13.179166666666667,1,1,0,1,0
2008-11-18,1089,28.041666666666668,0.0,54.5,8.5625,0,0,0,0,0
2008-11-19,1181,36.75,0.0,52.916666666666664,13.6875,0,0,0,0,0
2008-11-20,1201,29.583333333333332,0.009000000000000001,52.645833333333336,15.625,1,1,0,1,0
2008-11-21,1126,23.020833333333332,0.0,52.791666666666664,10.4375,0,0,0,0,0
2008-11-22,1009,26.583333333333332,0.0,57.083333333333336,6.520833333333333,0,0,0,0,0
2008-11-23,1007,33.833333333333336,0.0,58.25,9.5625,0,0,0,0,0
2008-11-24,1113,35.40625,0.059000000000000004,76.85416666666667,9.90625,1,1,1,1,0
2008-11-25,1135,33.166666666666664,0.002,66.77083333333333,10.291666666666666,0,1,0,0,0
2008-11-26,1198,32.520833333333336,0.0,65.625,3.7291666666666665,0,0,0,0,0
2008-11-27,881,34.729166666666664,0.0,68.1875,7.75,1,0,0,0,0
2008-11-28,1105,34.375,0.0,64.02083333333333,8.479166666666666,0,0,0,0,0
2008-11-29,1144,34.979166666666664,0.001,64.79166666666667,3.5625,0,1,0,0,0
2008-11-30,945,36.54861111111111,0.263,83.72569444444444,13.128472222222223,1,1,1,1,0
2008-12-01,1057,27.188888888888894,0.11000000000000001,84.24861111111112,15.234027777777776,1,1,1,1,0
2008-12-02,1036,27.465277777777782,0.008,74.94444444444444,12.680555555555557,1,1,0,1,0
2008-12-03,1045,33.25,0.036000000000000004,79.13055555555556,11.994444444444445,1,1,0,1,0
2008-12-04,956,19.104166666666668,0.005,68.34027777777779,10.618055555555555,1,1,0,1,0
2008-12-05,1079,14.4375,0.004,69.77083333333333,12.0625,1,1,0,1,0
2008-12-06,1040,24.64880952380953,0.067,73.91021825396825,15.50545634920635,1,1,0,1,0
2008-12-07,888,14.708333333333334,0.004,62.375,7.9375,1,1,0,1,0
2008-12-08,1098,29.229166666666668,0.062,71.625,7.5625,1,1,1,0,0
2008-12-09,974,35.75694444444445,0.9470000000000001,88.00694444444444,11.128472222222221,1,1,1,1,0
2008-12-10,1069,25.625,0.0,81.5625,8.6875,0,0,0,0,0
2008-12-11,991,25.0,0.0,71.125,7.958333333333333,0,0,0,0,0
2008-12-12,1096,16.1875,0.0,65.16666666666667,8.993055555555555,0,0,0,0,0
2008-12-13,1001,32.770833333333336,0.277,75.02083333333333,14.5625,1,1,1,1,0
2008-12-14,1019,44.541666666666664,0.12300000000000001,76.82638888888889,20.92361111111111,1,1,1,0,0
2008-12-15,930,12.049999999999999,0.084,85.65416666666665,16.05,1,1,1,1,0
2008-12-16,846,14.451388888888888,0.195,87.90625,5.458333333333333,1,1,0,1,0
2008-12-17,982,16.29861111111111,0.008,85.76388888888887,7.604166666666667,1,1,0,1,0
2008-12-18,982,17.489583333333332,0.052000000000000005,80.60416666666667,2.8125,1,1,0,1,0
2008-12-19,960,29.75089285714286,0.893,88.17827380952382,13.202083333333334,1,1,1,1,0
2008-12-20,942,24.628472222222225,0.048,83.21875,11.381944444444443,1,1,0,1,0
2008-12-21,660,-1.7083333333333333,0.005,68.47222222222221,22.965277777777782,1,1,0,1,0
2008-12-22,797,1.7291666666666667,0.0,74.0625,10.375,0,0,0,0,0
2008-12-23,827,23.231250000000003,0.317,85.91458333333333,12.402083333333332,1,1,1,1,0
2008-12-24,763,26.020833333333332,0.193,85.77083333333333,13.430555555555557,1,1,1,1,0
2008-12-25,621,13.083333333333334,0.0,70.6875,7.625,0,0,0,0,0
2008-12-26,793,37.72569444444445,0.069,89.20486111111113,11.163194444444445,1,1,1,0,0
2008-12-27,1016,53.9813492063492,1.6520000000000001,98.5423611111111,16.85922619047619,1,1,1,0,1
2008-12-28,958,29.381944444444446,0.002,87.27777777777777,16.805555555555554,1,1,0,1,0
2008-12-29,1022,35.0625,0.0,74.5,11.75,0,0,0,0,0
2008-12-30,1032,33.36111111111111,0.005,63.826388888888886,10.451388888888888,1,1,0,1,0
2008-12-31,939,17.666666666666668,0.004,60.9375,10.458333333333334,1,1,0,1,0
2009-01-01,1843,25.6875,0.0,65.83333333333333,12.604166666666666,0,0,0,0,0
2009-01-02,1061,25.458333333333332,0.0,57.854166666666664,9.208333333333334,0,0,0,0,0
2009-01-03,1108,29.958333333333332,0.004,65.70833333333333,12.020833333333334,1,1,1,0,0
2009-01-04,998,30.75486111111111,0.024,79.29375,12.138888888888891,1,1,1,0,0
2009-01-05,1005,19.958333333333332,0.0,59.770833333333336,7.604166666666667,0,0,0,0,0
2009-01-06,977,26.675,0.025,81.02777777777779,5.9375,1,1,0,1,0
2009-01-07,982,23.944444444444446,0.04200000000000001,85.32986111111111,11.545138888888888,1,1,0,1,0
2009-01-08,956,15.770833333333334,0.005,75.03125,9.770833333333334,1,1,0,1,0
2009-01-09,1056,23.590277777777775,0.14600000000000002,80.83333333333333,8.104166666666666,1,1,0,1,0
2009-01-10,863,26.45486111111111,0.14400000000000002,89.40625,12.979166666666666,1,1,0,1,0
2009-01-11,825,19.36111111111111,0.013000000000000001,79.86111111111111,6.798611111111111,1,1,0,1,0
2009-01-12,906,22.369444444444444,0.11800000000000002,83.67569444444443,7.2451388888888895,1,1,0,1,0
2009-01-13,883,12.097222222222221,0.018000000000000002,70.49861111111112,11.049999999999999,1,1,0,1,0
2009-01-14,867,8.072916666666666,0.07100000000000001,76.05902777777777,11.496527777777777,1,1,0,1,0
2009-01-15,838,-7.5625,0.001,64.16666666666667,11.645833333333334,0,1,0,0,0
2009-01-16,929,-6.4375,0.0,67.75,7.4375,1,0,0,0,0
2009-01-17,981,17.913194444444443,0.015,72.51736111111111,15.84375,1,1,0,1,0
2009-01-18,808,14.375,0.007,68.22916666666667,9.229166666666666,1,1,0,1,0
2009-01-19,804,17.0625,0.0,72.45833333333333,11.833333333333334,0,0,0,0,0
2009-01-20,1027,17.11111111111111,0.011000000000000001,73.35416666666667,8.9375,1,1,0,1,0
2009-01-21,1038,21.291666666666668,0.0,75.04166666666667,8.458333333333334,1,0,0,0,0
2009-01-22,1013,25.979166666666668,0.0,79.02083333333333,6.729166666666667,1,0,0,0,0
2009-01-23,979,27.833333333333332,0.0,70.3263888888889,13.215277777777779,1,0,0,0,0
2009-01-24,894,8.458333333333334,0.0,55.5,9.4375,0,0,0,0,0
2009-01-25,853,7.958333333333333,0.0,44.916666666666664,7.520833333333333,0,0,0,0,0
2009-01-26,884,12.75,0.0,49.208333333333336,4.5,0,0,0,0,0
2009-01-27,988,16.26388888888889,0.007,68.31944444444444,6.319444444444444,1,1,0,1,0
2009-01-28,969,15.232638888888891,0.011,74.89236111111111,9.42361111111111,1,1,0,1,0
2009-01-29,944,20.958333333333332,0.005,73.52083333333333,13.166666666666666,1,1,0,1,0
2009-01-30,1034,11.875,0.0,63.729166666666664,9.5625,0,0,0,0,0
2009-01-31,952,26.125,0.0,71.72916666666667,12.0,0,0,0,0,0
2009-02-01,1000,32.666666666666664,0.001,65.72916666666667,9.694444444444445,0,1,0,0,0
2009-02-02,987,21.791666666666668,0.0,65.60416666666667,11.895833333333334,0,0,0,0,0
2009-02-03,955,12.375,0.013000000000000001,63.46527777777778,15.576388888888888,1,1,0,1,0
2009-02-04,929,10.104166666666666,0.002,59.416666666666664,11.6875,1,1,0,1,0
2009-02-05,1029,16.25,0.0,66.66666666666667,11.0,0,0,0,0,0
2009-02-06,1136,31.75,0.0,72.83333333333333,8.208333333333334,1,0,0,0,0
2009-02-07,1065,48.743055555555564,0.0,75.19444444444444,16.430555555555554,1,0,0,0,0
2009-02-08,946,34.916666666666664,0.0,76.29861111111111,4.298611111111112,1,0,0,0,0
2009-02-09,1045,42.72222222222223,0.132,82.82638888888889,10.430555555555555,1,1,1,0,0
2009-02-10,1126,54.701388888888886,0.0,73.84027777777779,14.104166666666666,0,0,0,0,0
2009-02-11,1036,44.488194444444446,0.663,91.825,14.631944444444443,1,1,1,0,0
2009-02-12,1044,35.15972222222222,0.0,71.31944444444444,15.006944444444443,0,0,0,0,0
2009-02-13,1069,30.427083333333332,0.003,70.56944444444444,6.232638888888889,1,1,0,1,0
2009-02-14,1068,29.555555555555557,0.024,76.38194444444444,8.527777777777777,1,1,0,1,0
2009-02-15,916,25.395833333333332,0.008,68.5,7.479166666666667,1,1,0,1,0
2009-02-16,958,26.104166666666668,0.0,64.35416666666667,5.6875,0,0,0,0,0
2009-02-17,1070,34.0625,0.015000000000000003,71.20833333333333,13.229166666666666,1,1,1,1,0
2009-02-18,1098,34.112500000000004,0.39,89.26944444444445,11.578472222222222,1,1,1,1,0
2009-02-19,993,17.0625,0.001,57.958333333333336,15.708333333333334,0,1,0,0,0
2009-02-20,1106,20.770833333333332,0.0,54.791666666666664,7.895833333333333,0,0,0,0,0
2009-02-21,841,24.353174603174597,0.116,81.01726190476191,15.685515873015872,1,1,0,1,0
2009-02-22,809,19.0625,0.003,67.3125,10.833333333333334,1,1,0,1,0
2009-02-23,939,19.5,0.0,63.75,5.895833333333333,0,0,0,0,0
2009-02-24,963,30.395833333333332,0.0,63.729166666666664,10.25,0,0,0,0,0
2009-02-25,1157,43.083333333333336,0.0,61.708333333333336,10.0,0,0,0,0,0
2009-02-26,938,43.511408730158735,1.7310000000000003,91.72777777777777,8.15843253968254,1,1,1,0,1
2009-02-27,1051,27.006944444444443,0.07800000000000001,77.54861111111111,17.32986111111111,1,1,1,1,0
2009-02-28,966,23.770833333333332,0.007,68.58333333333333,13.229166666666666,1,1,0,1,0
2009-03-01,997,19.125,0.017,69.05277777777778,16.40277777777778,1,1,0,1,0
2009-03-02,829,19.666666666666668,0.022000000000000002,63.020833333333336,12.854166666666666,1,1,0,1,0
2009-03-03,1037,24.854166666666668,0.009000000000000001,59.375,6.604166666666667,1,1,0,1,0
2009-03-04,1123,36.208333333333336,0.0,45.25,9.354166666666666,0,0,0,0,0
2009-03-05,1162,52.520833333333336,0.0,61.94444444444445,15.763888888888888,0,0,0,0,0
2009-03-06,1267,54.354166666666664,0.0,68.375,8.6875,1,0,0,0,0
2009-03-07,1034,42.077083333333334,1.3330000000000002,87.57777777777778,8.475694444444445,1,1,1,0,1
2009-03-08,871,41.701552795031056,1.875,94.21014492753623,12.428053830227743,1,1,1,0,1
2009-03-09,1035,38.208333333333336,0.061,81.10416666666667,7.541666666666667,1,1,1,0,0
2009-03-10,1108,50.22986111111111,1.035,93.99652777777777,13.53263888888889,1,1,1,0,0
2009-03-11,1132,25.125,0.001,59.6875,17.770833333333332,0,1,0,0,0
2009-03-12,1151,20.34722222222222,0.004,62.145833333333336,8.034722222222223,1,1,0,1,0
2009-03-13,1220,31.0625,0.0,55.9375,4.020833333333333,0,0,0,0,0
2009-03-14,1112,37.75,0.0,56.375,3.5,0,0,0,0,0
2009-03-15,1049,44.416666666666664,0.0,52.791666666666664,4.395833333333333,1,0,0,0,0
2009-03-16,1035,52.3125,0.0,44.416666666666664,4.645833333333333,0,0,0,0,0
2009-03-17,1263,61.0,0.0,52.8125,12.041666666666666,0,0,0,0,0
2009-03-18,1152,51.291666666666664,0.002,47.458333333333336,7.604166666666667,1,1,1,0,0
2009-03-19,1093,37.416666666666664,0.0,55.010416666666664,11.333333333333334,0,0,0,0,0
2009-03-20,1185,34.604166666666664,0.0,59.083333333333336,6.8125,0,0,0,0,0
2009-03-21,1111,48.833333333333336,0.0,43.166666666666664,6.895833333333333,0,0,0,0,0
2009-03-22,994,50.5625,0.0,49.729166666666664,7.708333333333333,0,0,0,0,0
2009-03-23,1080,49.333333333333336,0.013999999999999999,49.708333333333336,17.729166666666668,1,1,1,0,0
2009-03-24,1248,58.166666666666664,0.145,48.020833333333336,18.489583333333332,1,1,1,0,0
2009-03-25,1200,45.26388888888889,0.0,65.9375,11.916666666666666,0,0,0,0,0
2009-03-26,1211,48.104166666666664,0.0,59.375,6.5,0,0,0,0,0
2009-03-27,1093,38.645833333333336,0.0,67.22916666666667,10.270833333333334,0,0,0,0,0
2009-03-28,1027,35.4375,0.49,78.20833333333333,20.229166666666668,1,1,1,1,0
2009-03-29,823,35.53541666666666,0.475,81.88055555555555,14.975,1,1,1,1,0
2009-03-30,1066,36.729166666666664,0.0,64.20833333333333,7.291666666666667,0,0,0,0,0
2009-03-31,980,46.97569444444445,0.415,70.59722222222221,14.513888888888888,1,1,1,0,0
2009-04-01,1258,45.520833333333336,0.0,53.75,14.541666666666666,0,0,0,0,0
2011-02-16,935,44.625,0.0,71.35416666666667,6.916666666666667,0,0,0,0,0
2011-02-17,980,53.220833333333324,0.0,76.56666666666666,15.888888888888888,0,0,0,0,0
2011-02-18,1072,42.520833333333336,0.0,50.875,15.75,0,0,0,0,0
2011-02-19,882,31.145833333333332,0.0,57.625,9.125,0,0,0,0,0
2011-02-20,761,34.06597222222222,0.983,82.99652777777777,11.243055555555557,1,1,1,0,0
2011-02-21,705,30.54513888888889,0.038000000000000006,88.0625,15.250000000000002,1,1,1,1,0
2011-02-22,855,25.371527777777782,0.011000000000000001,74.26388888888889,7.121527777777779,1,1,0,1,0
2011-02-23,861,29.29861111111111,0.072,77.04791666666667,8.057638888888889,1,1,1,0,0
2011-02-24,883,34.48611111111111,0.006,74.68055555555556,12.791666666666666,1,1,1,1,0
2011-02-25,910,31.979166666666668,0.01,70.20833333333333,10.041666666666666,1,1,0,1,0
2011-02-26,856,30.03125,0.069,85.60763888888887,4.135416666666667,1,1,1,1,0
2011-02-27,783,32.854166666666664,0.347,80.40972222222221,8.555555555555555,1,1,1,0,1
2011-02-28,866,31.277777777777782,0.052000000000000005,69.45138888888889,10.256944444444445,1,1,1,1,0
2011-03-01,1055,35.395833333333336,0.0,67.875,9.354166666666666,1,0,0,0,0
2011-03-02,822,30.166666666666668,0.0,62.3125,10.354166666666666,0,0,0,0,0
2011-03-03,933,36.958333333333336,0.0,53.416666666666664,11.229166666666666,0,0,0,0,0
2011-03-04,941,44.97083333333334,0.658,74.56111111111112,8.534722222222223,1,1,1,0,0
2011-03-05,783,31.90625,0.033,86.22847222222224,19.145833333333332,1,1,1,1,0
2011-03-06,723,29.333333333333332,0.001,74.60416666666667,10.07638888888889,0,1,0,0,0
2011-03-07,847,31.145833333333332,0.0,78.47222222222221,4.097222222222222,0,0,0,0,0
2011-03-08,916,39.354166666666664,0.013000000000000001,72.14583333333333,9.0625,1,1,1,0,0
2011-03-09,931,41.55902777777778,0.391,91.83680555555554,8.055555555555557,1,1,1,1,0
2011-03-10,946,33.79861111111111,0.016,73.79861111111111,11.833333333333334,1,1,0,1,0
2011-03-11,1077,38.770833333333336,0.0,58.0,8.645833333333334,0,0,0,0,0
2011-03-12,959,37.6875,0.0,70.3125,16.854166666666668,0,0,0,0,0
2011-03-13,777,32.5072463768116,0.0,72.17391304347827,5.297101449275362,0,0,0,0,0
2011-03-14,918,35.333333333333336,0.0,70.97916666666667,8.6875,0,0,0,0,0
2011-03-15,931,36.770833333333336,0.002,69.74305555555556,6.673611111111111,1,1,1,0,0
2011-03-16,1054,48.8125,0.0,63.020833333333336,7.708333333333333,1,0,0,0,0
2011-03-17,1077,59.229166666666664,0.0,67.02083333333333,13.854166666666666,0,0,0,0,0
2011-03-18,1104,47.104166666666664,0.0,61.708333333333336,6.979166666666667,0,0,0,0,0
2011-03-19,928,40.770833333333336,0.0,65.72916666666667,6.479166666666667,0,0,0,0,0
2011-03-20,806,48.125,0.484,67.41666666666667,11.083333333333334,1,1,1,0,1
2011-03-21,985,48.78125,0.012,79.66319444444444,8.36111111111111,1,1,0,0,1
2011-03-22,916,41.38194444444445,0.19000000000000003,86.32638888888887,14.180555555555555,1,1,1,0,1
2011-03-23,936,38.46874999999999,0.148,87.80208333333333,11.680555555555555,1,1,1,1,0
2011-03-24,893,30.833333333333332,0.006,64.20833333333333,12.895833333333334,1,1,0,1,0
2011-03-25,1022,30.229166666666668,0.004,59.729166666666664,9.8125,1,1,0,1,0
2011-03-26,862,29.229166666666668,0.004,53.541666666666664,15.291666666666666,1,1,0,1,0
2011-03-27,845,29.979166666666668,0.0,52.5,12.25,0,0,0,0,0
2011-03-28,899,30.625,0.0,55.5,9.833333333333334,0,0,0,0,0
2011-03-29,917,34.625,0.0,49.770833333333336,8.125,0,0,0,0,0
2011-03-30,939,37.916666666666664,0.0,51.125,8.270833333333334,0,0,0,0,0
2011-03-31,960,36.666666666666664,0.0,56.333333333333336,4.479166666666667,0,0,0,0,0
2011-04-01,1080,38.86527777777778,0.164,68.83194444444445,6.269444444444445,1,1,1,1,0
2011-04-02,1106,44.61111111111111,0.0,60.173611111111114,9.993055555555555,0,0,0,0,0
2011-04-03,947,60.3125,0.043000000000000003,52.020833333333336,13.375,1,1,1,0,1
2011-04-04,1031,49.04861111111111,0.138,69.0625,15.201388888888891,1,1,1,0,1
2011-04-05,992,44.416666666666664,0.0,47.625,10.869565217391305,0,0,0,0,0
2011-04-06,1029,49.145833333333336,0.001,59.9375,8.770833333333334,1,1,0,0,0
2011-04-07,970,42.420138888888886,0.361,86.62152777777779,8.545138888888888,1,1,1,0,0
2011-04-08,1028,44.80902777777777,0.516,92.78125,9.128472222222223,1,1,1,0,0
2011-04-09,948,54.42361111111111,0.0,79.1875,6.076388888888888,1,0,0,0,0
2011-04-10,1113,74.90277777777779,0.08,63.68055555555555,17.78472222222222,1,1,1,0,0
2011-04-11,1007,56.243055555555564,0.0,60.19444444444445,14.256944444444443,0,0,0,0,0
2011-04-12,969,47.791666666666664,0.0,48.854166666666664,10.354166666666666,0,0,0,0,0
2011-04-13,1034,53.791666666666664,0.0,44.145833333333336,2.9791666666666665,0,0,0,0,0
2011-04-14,1028,46.0,0.0,66.4375,17.6875,0,0,0,0,0
2011-04-15,1023,46.677083333333336,0.176,71.27083333333333,18.9375,1,1,1,0,1
2011-04-16,924,44.416666666666664,0.135,79.375,15.152777777777779,1,1,1,1,0
2011-04-17,913,43.75,0.08,60.381944444444436,14.0,1,1,1,0,0
2011-04-18,905,37.83680555555556,0.35100000000000003,82.13194444444444,15.093749999999998,1,1,1,1,0
2011-04-19,780,38.08680555555555,0.8300000000000001,89.16666666666667,17.5,1,1,1,0,1
2011-04-20,880,39.854166666666664,0.005,77.91666666666667,11.937499999999998,1,1,1,0,0
2011-04-21,892,42.666666666666664,0.012,67.8125,7.520833333333333,1,1,1,0,0
2011-04-22,894,45.26736111111111,0.744,92.84375,11.809027777777777,1,1,1,0,1
2011-04-23,988,55.81944444444445,0.001,69.25694444444444,12.263888888888888,1,1,0,0,0
2011-04-24,848,51.125,0.004,67.75,6.875,1,1,1,0,0
2011-04-25,931,49.60763888888889,0.38,80.20486111111111,10.48611111111111,1,1,1,0,0
2011-04-26,947,58.08680555555555,0.602,81.0125,14.332638888888889,1,1,1,0,0
2011-04-27,988,51.34027777777778,0.28200000000000003,80.63194444444444,7.722222222222222,1,1,1,0,0
2011-04-28,963,43.9375,0.05,73.08333333333333,13.909722222222221,1,1,1,0,0
2011-04-29,979,50.25,0.001,51.895833333333336,7.479166666666667,0,1,0,0,0
2011-04-30,977,62.166666666666664,0.0,51.208333333333336,16.979166666666668,0,0,0,0,0
2011-05-01,1150,57.6875,0.0,49.270833333333336,11.833333333333334,0,0,0,0,0
2011-05-02,966,50.770833333333336,0.0,46.291666666666664,9.666666666666666,0,0,0,0,0
2011-05-03,993,44.083333333333336,0.003,58.416666666666664,8.708333333333334,1,1,1,0,0
2011-05-04,1025,48.083333333333336,0.0,50.25,7.479166666666667,0,0,0,0,0
2011-05-05,1078,52.513888888888886,0.132,60.88194444444445,11.006944444444445,1,1,1,0,1
2011-05-06,1063,58.895833333333336,0.0,53.6875,9.520833333333334,1,0,0,0,0
2011-05-07,973,54.38194444444445,0.001,72.47222222222221,7.576388888888889,0,1,0,0,0
2011-05-08,942,55.75,0.0,65.33333333333333,7.854166666666667,0,0,0,0,0
2011-05-09,1057,65.54166666666667,0.002,49.729166666666664,15.1875,0,1,0,0,0
2011-05-10,1076,77.27777777777779,0.0,56.65972222222223,8.722222222222223,1,0,0,0,0
2011-05-11,1111,76.02708333333334,0.37,72.28333333333333,6.8062499999999995,1,1,1,0,1
2011-05-12,1045,74.85416666666667,0.023,64.97916666666667,7.583333333333333,1,1,0,0,1
2011-05-13,1174,60.854166666666664,0.013000000000000001,78.875,11.559027777777779,0,1,0,0,0
2011-05-14,929,47.37152777777778,0.43800000000000006,91.33680555555556,17.413194444444443,1,1,1,0,0
2011-05-15,918,44.55138888888889,0.373,79.39166666666667,19.184722222222224,1,1,1,0,0
2011-05-16,969,46.270833333333336,0.0,55.666666666666664,13.979166666666666,0,0,0,0,0
2011-05-17,1040,51.3125,0.0,55.020833333333336,13.604166666666666,0,0,0,0,0
2011-05-18,955,53.475694444444436,0.034,85.03819444444444,7.21875,1,1,1,0,0
2011-05-19,1060,59.135416666666664,0.0,80.8125,5.270833333333333,1,0,0,0,0
2011-05-20,1116,60.55555555555555,0.0,77.34027777777779,6.1805555555555545,1,0,0,0,0
2011-05-21,966,67.64583333333333,0.001,73.5,9.104166666666666,1,1,0,0,0
2011-05-22,1015,73.47916666666667,0.22,65.61805555555556,11.256944444444443,1,1,1,0,1
2011-05-23,1053,72.27083333333333,0.002,64.5625,12.416666666666666,1,1,1,0,0
2011-05-24,1038,58.0625,0.011,67.79166666666667,11.270833333333334,0,1,0,0,0
2011-05-25,976,56.90972222222222,1.9620000000000002,86.59027777777779,10.09375,1,1,1,0,1
2011-05-26,949,45.569444444444436,0.6140000000000001,81.74305555555556,19.416666666666668,1,1,1,0,0
2011-05-27,1032,50.63888888888889,0.013000000000000001,68.84027777777779,8.25,1,1,1,0,0
2011-05-28,948,58.87083333333333,0.28400000000000003,88.43472222222222,6.118055555555556,1,1,1,0,1
2011-05-29,883,63.208333333333336,0.9309999999999999,90.53125,6.416666666666667,1,1,1,0,1
2011-05-30,1005,79.41666666666667,0.0,64.35416666666667,11.4375,0,0,0,0,0
2011-05-31,1091,79.14583333333333,0.003,61.75,13.125,1,1,1,0,1
2011-06-01,1221,72.91666666666667,0.0,44.291666666666664,11.583333333333334,0,0,0,0,0
2011-06-02,1178,62.333333333333336,0.004,53.8125,9.625,1,1,1,0,0
2011-06-03,1113,76.58333333333333,0.182,60.208333333333336,10.583333333333334,1,1,1,0,0
2011-06-04,1101,78.42013888888889,0.5,62.94097222222222,8.270833333333334,1,1,0,0,1
2011-06-05,1032,70.83333333333333,0.01,58.479166666666664,5.208333333333333,0,1,0,0,0
2011-06-06,1071,80.20833333333333,0.0,56.1875,8.5625,0,0,0,0,0
2011-06-07,1097,86.5,0.0,51.645833333333336,9.770833333333334,0,0,0,0,0
2011-06-08,1082,85.38541666666667,0.75,50.107638888888886,12.034722222222221,1,1,0,0,1
2011-06-09,962,58.892361111111114,2.221,83.2361111111111,12.263888888888888,1,1,1,0,1
2011-06-10,1148,59.88194444444445,0.54,85.7625,7.516666666666667,1,1,1,0,1
2011-06-11,1020,58.325694444444444,0.10500000000000001,88.17847222222223,6.406944444444445,1,1,1,0,1
2011-06-12,1006,58.58680555555555,0.0,62.486111111111114,9.489583333333334,0,0,0,0,0
2011-06-13,1054,63.520833333333336,0.0,47.1875,8.708333333333334,0,0,0,0,0
2011-06-14,1101,67.75,0.0,51.125,8.166666666666666,0,0,0,0,0
2011-06-15,1107,65.71527777777779,0.8910000000000001,80.68194444444445,11.184722222222222,1,1,1,0,1
2011-06-16,1029,70.47916666666667,0.031,69.77083333333333,8.916666666666666,1,1,1,0,0
2011-06-17,1175,73.16666666666667,0.0,64.20833333333333,6.145833333333333,0,0,0,0,0
2011-06-18,1058,72.8125,0.0,69.47916666666667,6.3125,0,0,0,0,0
2011-06-19,1049,75.38888888888889,0.0,71.88888888888889,4.923611111111112,1,0,0,0,0
2011-06-20,1107,73.98819444444445,1.351,79.3861111111111,9.241666666666667,1,1,1,0,1
2011-06-21,1067,79.73333333333333,0.08,73.83333333333333,12.1875,1,1,1,0,1
2011-06-22,1039,69.56944444444444,0.023,76.13194444444444,13.548611111111112,0,1,0,0,0
2011-06-23,1046,66.36805555555556,0.056,78.59375,13.326388888888891,1,1,1,0,0
2011-06-24,1029,64.45138888888889,0.0,73.26388888888889,8.70138888888889,1,0,0,0,0
2011-06-25,1113,70.58333333333333,0.002,53.833333333333336,6.020833333333333,1,1,1,0,0
2011-06-26,1097,72.3125,0.0,51.916666666666664,6.6875,0,0,0,0,0
2011-06-27,1000,73.78472222222223,0.14100000000000001,72.59722222222223,8.923611111111112,1,1,1,0,0
2011-06-28,1079,72.4375,0.0,51.875,8.770833333333334,0,0,0,0,0
2011-06-29,1107,72.08333333333333,0.0,56.041666666666664,5.770833333333333,0,0,0,0,0
2011-06-30,1034,77.08333333333333,0.033,59.166666666666664,10.493055555555555,1,1,1,0,1
2011-07-01,1133,76.79166666666667,0.011,63.0,10.604166666666666,1,1,1,0,1
2011-07-02,1131,81.77083333333333,0.0,70.95833333333333,7.354166666666667,1,0,0,0,0
2011-07-03,983,76.875,0.0,53.541666666666664,6.4375,0,0,0,0,0
2011-07-04,1031,78.75,0.0,40.520833333333336,4.375,1,0,0,0,0
2011-07-05,1146,81.83333333333333,0.0,47.708333333333336,5.5625,0,0,0,0,0
2011-07-06,1087,78.54166666666667,0.0,54.875,7.375,0,0,0,0,0
2011-07-07,1073,73.52083333333333,0.07200000000000001,53.333333333333336,7.145833333333333,1,1,1,0,0
2011-07-08,1030,77.10416666666667,0.0,46.9375,6.583333333333333,0,0,0,0,0
2011-07-09,1073,81.22916666666667,0.0,48.75,6.375,0,0,0,0,0
2011-07-10,1081,83.47916666666667,0.001,60.458333333333336,7.979166666666667,1,1,0,0,0
2011-07-11,1090,81.23958333333333,0.12999999999999998,70.97916666666667,8.333333333333334,1,1,0,0,1
2011-07-12,1089,77.83333333333333,0.013000000000000001,64.79166666666667,7.1875,1,1,1,0,0
2011-07-13,1118,70.25,0.0,63.083333333333336,12.25,0,0,0,0,0
2011-07-14,1070,73.47916666666667,0.0,56.833333333333336,8.875,0,0,0,0,0
2011-07-15,1189,78.08333333333333,0.0,54.833333333333336,6.875,0,0,0,0,0
2011-07-16,1103,81.3125,0.0,50.520833333333336,2.5,0,0,0,0,0
2011-07-17,1042,85.1875,0.0,58.916666666666664,7.083333333333333,0,0,0,0,0
2011-07-18,1051,86.25,0.001,68.08333333333333,11.416666666666666,1,1,0,0,0
2011-07-19,1069,85.5,0.0,67.79166666666667,6.583333333333333,1,0,0,0,0
2011-07-20,1019,89.0,0.0,59.770833333333336,10.388888888888888,1,0,0,0,1
2011-07-21,1011,90.66666666666667,0.0,55.5,10.270833333333334,0,0,0,0,0
2011-07-22,1128,82.01215277777779,0.14100000000000001,65.99305555555556,8.677083333333334,1,1,1,0,1
2011-07-23,1038,78.5,0.046,76.90625,5.625,1,1,1,0,1
2011-07-24,1001,77.66666666666667,0.022,76.90972222222221,5.756944444444444,1,1,1,0,1
2011-07-25,1062,78.79166666666667,0.01,70.02083333333333,5.875,1,1,0,0,0
2011-07-26,1039,77.22916666666667,0.01,60.333333333333336,8.020833333333334,0,1,0,0,0
2011-07-27,1094,80.32291666666667,0.004,62.822916666666664,9.697916666666666,1,1,1,0,1
2011-07-28,1090,79.57638888888889,0.002,77.91666666666667,6.416666666666667,1,1,1,0,1
2011-07-29,1067,78.6736111111111,0.37000000000000005,73.28125,6.065972222222221,1,1,1,0,1
2011-07-30,1076,80.8125,0.0,61.604166666666664,3.5833333333333335,0,0,0,0,0
2011-07-31,1049,82.97916666666667,0.0,63.75,5.125,0,0,0,0,0
2011-08-01,1238,83.83333333333333,0.0,66.89583333333333,5.770833333333333,1,0,0,0,0
2011-08-02,1022,85.1875,0.30100000000000005,68.36111111111111,8.756944444444445,1,1,0,0,1
2011-08-03,1126,78.97916666666667,0.0,66.75,10.229166666666666,1,0,0,0,0
2011-08-04,1146,75.47916666666667,0.0,74.22916666666667,6.708333333333333,0,0,0,0,0
2011-08-05,1146,78.10416666666667,0.001,70.91666666666667,5.916666666666667,0,1,0,0,0
2011-08-06,1107,78.23958333333333,1.034,76.77083333333333,3.71875,1,1,1,0,0
2011-08-07,929,76.44305555555555,0.532,78.91180555555555,6.009027777777778,1,1,1,0,1
2011-08-08,924,73.62152777777777,0.29500000000000004,81.17708333333333,5.746527777777778,1,1,1,0,1
2011-08-09,997,73.63194444444444,0.01,67.64583333333333,11.618055555555555,1,1,0,0,0
2011-08-10,1017,70.08333333333333,0.0,57.104166666666664,8.083333333333334,0,0,0,0,0
2011-08-11,1053,71.91666666666667,0.0,54.25,4.0,0,0,0,0,0
2011-08-12,1130,74.25,0.0,55.8125,8.4375,0,0,0,0,0
2011-08-13,1039,71.68680555555555,1.171,75.96944444444445,7.796527777777778,1,1,1,0,1
2011-08-14,972,67.96527777777779,0.011,77.13194444444444,12.548611111111109,1,1,1,0,0
2011-08-15,1035,70.91666666666667,0.0,60.791666666666664,5.166666666666667,0,0,0,0,0
2011-08-16,954,74.1875,0.0,55.145833333333336,3.1041666666666665,0,0,0,0,0
2011-08-17,1032,76.02083333333333,0.0,61.375,6.25,0,0,0,0,0
2011-08-18,1072,75.97916666666667,0.0,63.625,4.9375,1,0,0,0,0
2011-08-19,1169,77.875,0.0,57.916666666666664,5.895833333333333,0,0,0,0,0
2011-08-20,1083,73.9236111111111,0.393,79.5375,4.831944444444445,1,1,1,0,1
2011-08-21,1007,73.1875,0.020999999999999998,61.923611111111114,7.5069444444444455,1,1,1,0,0
2011-08-22,1021,72.20833333333333,0.0,64.3125,3.3333333333333335,0,0,0,0,0
2011-08-23,990,69.96527777777777,0.43300000000000005,77.49305555555556,9.503472222222223,1,1,1,0,1
2011-08-24,1032,79.64583333333333,0.0,64.58333333333333,10.979166666666666,0,0,0,0,0
2011-08-25,1091,72.10416666666667,0.0,62.875,7.166666666666667,0,0,0,0,0
2011-08-26,1050,72.47916666666667,0.0,64.0,3.2083333333333335,0,0,0,0,0
2011-08-27,1050,73.95833333333333,0.0,66.20833333333333,9.229166666666666,0,0,0,0,0
2011-08-28,1010,70.10416666666667,0.0,60.0,9.145833333333334,0,0,0,0,0
2011-08-29,1034,70.375,0.0,63.104166666666664,4.229166666666667,0,0,0,0,0
2011-08-30,1045,71.45833333333333,0.023,54.854166666666664,6.9375,1,1,1,0,0
2011-08-31,1078,77.9375,0.051000000000000004,63.875,7.416666666666667,1,1,1,0,0
2011-09-01,1186,85.20833333333333,0.0,61.520833333333336,6.1875,0,0,0,0,0
2011-09-02,1090,85.45833333333333,0.001,58.0625,6.375,1,1,0,0,1
2011-09-03,997,77.22222222222221,0.165,74.15972222222221,5.875,1,1,1,0,1
2011-09-04,971,67.75,0.003,65.0625,11.75,1,1,1,0,0
2011-09-05,935,59.9375,0.001,60.458333333333336,16.75,0,1,0,0,0
2011-09-06,942,61.958333333333336,0.0,57.1875,14.083333333333334,0,0,0,0,0
2011-09-07,992,64.08333333333333,0.0,54.041666666666664,13.3125,0,0,0,0,0
2011-09-08,934,66.71527777777779,0.067,65.64305555555556,15.14722222222222,1,1,1,0,0
2011-09-09,1076,66.375,0.117,85.47916666666669,8.381944444444445,1,1,1,0,0
2011-09-10,1092,67.2638888888889,0.01,78.40277777777779,1.9270833333333333,1,1,0,0,0
2011-09-11,965,71.52083333333333,0.0,66.77083333333333,4.666666666666667,1,0,0,0,0
2011-09-12,1055,75.41666666666667,0.0,58.645833333333336,9.458333333333334,0,0,0,0,0
2011-09-13,1029,68.875,0.0,61.979166666666664,7.666666666666667,1,0,0,0,0
2011-09-14,983,56.26086956521739,0.004,66.71739130434783,7.520833333333333,1,1,1,0,0
2011-09-15,963,51.9375,0.0,52.3125,8.8125,0,0,0,0,0
2011-09-16,1064,54.6875,0.0,55.270833333333336,3.3958333333333335,0,0,0,0,0
2011-09-17,979,60.916666666666664,0.0,54.083333333333336,9.291666666666666,0,0,0,0,0
2011-09-18,918,60.10138888888889,0.358,82.45555555555556,8.191666666666666,1,1,1,0,0
2011-09-19,989,63.96527777777778,0.43000000000000005,83.53472222222223,5.611111111111111,1,1,1,0,0
2011-09-20,968,64.30555555555556,0.01,71.02777777777779,5.947916666666667,1,1,0,0,0
2011-09-21,978,64.5,0.001,60.333333333333336,10.291666666666666,0,1,0,0,0
2011-09-22,1130,57.75,0.0,66.54166666666667,7.229166666666667,0,0,0,0,0
2011-09-23,1014,55.395833333333336,0.020999999999999998,71.41666666666667,6.416666666666667,1,1,1,0,0
2011-09-24,949,56.479166666666664,0.073,75.83333333333333,5.375,1,1,1,0,0
2011-09-25,910,58.15277777777778,0.231,82.71527777777777,5.6180555555555545,1,1,1,0,0
2011-09-26,942,56.56597222222223,0.9630000000000001,81.47569444444444,12.381944444444443,1,1,1,0,0
2011-09-27,948,56.75763888888889,0.262,87.3298611111111,7.366666666666666,1,1,1,0,0
2011-09-28,937,57.479166666666664,0.167,87.8611111111111,6.590277777777778,1,1,1,0,0
2011-09-29,987,57.875,0.095,77.9375,12.5625,1,1,1,0,0
2011-09-30,1023,52.0625,0.16999999999999998,69.04166666666667,16.11111111111111,1,1,1,0,0
2011-10-01,1073,49.22222222222223,0.001,70.90277777777779,11.25,0,1,0,0,0
2011-10-02,927,53.1875,0.0,62.6875,4.6875,0,0,0,0,0
2010-07-03,1006,76.79166666666667,0.0,46.791666666666664,8.375,0,0,0,0,0
2010-07-04,999,81.9375,0.03,58.979166666666664,10.520833333333334,0,1,0,0,0
2010-07-05,1111,83.6875,0.0,52.5625,13.145833333333334,0,0,0,0,0
2010-07-06,1076,80.77777777777777,0.042,64.96527777777777,10.076388888888888,1,1,1,0,1
2010-07-07,1089,82.04166666666667,0.051000000000000004,67.22916666666667,5.479166666666667,1,1,0,0,1
2010-07-08,1157,78.49305555555556,0.156,74.84722222222221,4.395833333333333,1,1,1,0,0
2010-07-09,1097,79.64583333333333,0.001,50.520833333333336,6.458333333333333,0,1,0,0,0
2010-07-10,1073,78.77083333333333,0.011,52.875,7.020833333333333,0,1,0,0,0
2010-07-11,1019,76.10763888888889,0.772,64.56944444444444,6.958333333333333,1,1,1,0,1
2010-07-12,1063,74.3125,0.012,73.125,4.65625,1,1,1,0,0
2010-07-13,1019,76.5,0.022,66.5,7.0,1,1,1,0,0
2010-07-14,1128,82.29166666666667,0.0,66.27083333333333,9.104166666666666,1,0,0,0,0
2010-07-15,1097,83.10416666666667,0.0,63.291666666666664,10.479166666666666,0,0,0,0,0
2010-07-16,1144,80.4375,0.0,51.125,7.791666666666667,0,0,0,0,0
2010-07-17,1121,82.0,0.0,56.104166666666664,6.875,0,0,0,0,0
2010-07-18,1077,81.87083333333334,0.29,65.02916666666667,9.299999999999999,1,1,0,0,1
2010-07-19,1042,77.66666666666667,0.003,67.64583333333333,4.854166666666667,1,1,1,0,0
2010-07-20,1129,75.85416666666667,0.0,73.3125,7.5,1,0,0,0,0
2010-07-21,1085,80.75,0.0,62.833333333333336,6.166666666666667,0,0,0,0,0
2010-07-22,1187,81.66666666666667,0.021,68.75,9.0625,1,1,1,0,0
2010-07-23,1092,82.52430555555556,3.15,69.36631944444444,11.758680555555555,1,1,1,0,1
2010-07-24,935,77.3875,4.969999999999999,79.02916666666665,10.566203703703705,1,1,1,0,1
2010-07-25,1064,74.17083333333333,0.521,65.22083333333333,9.580555555555554,1,1,1,0,0
2010-07-26,1056,75.54166666666667,0.0,62.958333333333336,5.333333333333333,0,0,0,0,0
2010-07-27,1134,80.79166666666667,0.0,62.375,6.645833333333333,0,0,0,0,0
2010-07-28,1098,81.72222222222221,0.0,71.875,8.715277777777777,1,0,0,0,0
2010-07-29,1004,75.64583333333333,0.0,56.166666666666664,7.895833333333333,0,0,0,0,0
2010-07-30,1061,74.20833333333333,0.003,59.083333333333336,5.708333333333333,1,1,1,0,0
2010-07-31,1002,71.53472222222223,0.601,74.54166666666667,4.631944444444445,1,1,1,0,1
2010-08-01,1199,75.27777777777779,0.0,69.14583333333333,4.041666666666667,1,0,0,0,0
2010-08-02,1062,76.875,0.084,70.45833333333333,5.9375,1,1,1,0,0
2010-08-03,1047,77.24722222222222,1.622,79.59722222222221,3.901388888888889,1,1,1,0,1
2010-08-04,1049,76.375,0.6950000000000001,85.17916666666666,4.704166666666667,1,1,1,0,1
2010-08-05,1119,76.58333333333333,0.0,62.208333333333336,9.875,0,0,0,0,0
2010-08-06,1154,73.33333333333333,0.0,58.895833333333336,6.041666666666667,0,0,0,0,0
2010-08-07,1102,75.52083333333333,0.0,65.16666666666667,7.708333333333333,0,0,0,0,0
2010-08-08,1069,78.02083333333333,0.051000000000000004,67.3125,9.17361111111111,1,1,1,0,0
2010-08-09,1098,81.27083333333333,0.001,68.02083333333333,6.604166666666667,1,1,0,0,0
2010-08-10,1113,81.5625,0.0,70.0,5.9375,0,0,0,0,0
2010-08-11,1099,83.34027777777779,0.0,65.16666666666667,7.368055555555556,1,0,0,0,0
2010-08-12,1042,83.04166666666667,0.0,64.85416666666667,5.666666666666667,0,0,0,0,0
2010-08-13,1068,82.38888888888889,0.792,67.56944444444444,8.75,1,1,1,0,1
2010-08-14,1121,80.0625,0.003,69.0,4.354166666666667,1,1,1,0,0
2010-08-15,1108,77.93055555555556,0.0,61.01388888888889,9.347222222222223,0,0,0,0,0
2010-08-16,1116,72.64583333333333,0.0,52.395833333333336,9.979166666666666,0,0,0,0,0
2010-08-17,1084,71.5625,0.033,61.25,6.229166666666667,1,1,1,0,0
2010-08-18,1129,73.66666666666667,0.04,64.10416666666667,3.2916666666666665,1,1,1,0,0
2010-08-19,1153,79.29166666666667,0.0,59.020833333333336,5.5625,0,0,0,0,0
2010-08-20,1151,82.77083333333333,0.004,58.020833333333336,10.458333333333334,1,1,1,0,0
2010-08-21,1060,76.95625,0.65,76.95416666666667,5.481944444444444,1,1,1,0,0
2010-08-22,1042,74.0,0.0,71.3125,10.208333333333334,0,0,0,0,0
2010-08-23,1129,73.04166666666667,0.0,71.60416666666667,8.125,0,0,0,0,0
2010-08-24,1117,74.57291666666667,0.001,63.84375,5.125,0,1,0,0,0
2010-08-25,1071,70.85416666666667,0.0,47.666666666666664,9.958333333333334,0,0,0,0,0
2010-08-26,1140,69.14583333333333,0.0,55.125,6.104166666666667,0,0,0,0,0
2010-08-27,1134,73.27083333333333,0.0,50.479166666666664,6.625,0,0,0,0,0
2010-08-28,1040,76.91666666666667,0.0,42.041666666666664,7.6875,0,0,0,0,0
2010-08-29,1130,82.27083333333333,0.0,52.479166666666664,7.708333333333333,0,0,0,0,0
2010-08-30,1132,80.35416666666667,0.0,60.854166666666664,10.354166666666666,0,0,0,0,0
2010-08-31,1084,83.08333333333333,0.0,59.9375,12.208333333333334,0,0,0,0,0
2010-09-01,1229,76.34375,0.14300000000000002,71.67013888888889,6.840277777777779,1,1,1,0,0
2010-09-02,1022,74.49583333333334,0.991,79.06388888888888,7.92638888888889,1,1,1,0,1
2010-09-03,1098,63.55555555555555,0.0,65.90277777777777,16.069444444444446,0,0,0,0,0
2010-09-04,988,59.4375,0.002,56.0625,11.791666666666666,1,1,1,0,0
2010-09-05,983,65.79166666666667,0.002,54.229166666666664,7.9375,1,1,1,0,0
2010-09-06,1055,75.70833333333333,0.0,41.041666666666664,14.291666666666666,0,0,0,0,0
2010-09-07,1128,70.85416666666667,0.002,44.645833333333336,17.083333333333332,0,1,0,0,0
2010-09-08,1057,61.583333333333336,0.0,59.625,7.645833333333333,0,0,0,0,0
2010-09-09,1015,61.375,0.0,65.3125,6.5625,0,0,0,0,0
2010-09-10,1121,66.5625,0.0,57.083333333333336,11.0625,0,0,0,0,0
2010-09-11,970,64.54166666666667,0.165,70.31111111111112,9.158333333333333,1,1,1,0,0
2010-09-12,1077,69.91666666666667,0.0,52.88888888888889,8.07638888888889,0,0,0,0,0
2010-09-13,997,70.54166666666667,0.0,56.229166666666664,4.583333333333333,0,0,0,0,0
2010-09-14,1069,67.27083333333333,0.0,52.1875,5.458333333333333,0,0,0,0,0
2010-09-15,1057,68.77083333333333,0.041,57.416666666666664,8.333333333333334,1,1,1,0,0
2010-09-16,1040,64.49305555555556,0.032,74.03472222222223,12.694444444444445,1,1,0,0,0
2010-09-17,1126,64.10416666666667,0.0,58.458333333333336,4.5625,0,0,0,0,0
2010-09-18,1052,63.197916666666664,0.232,74.69791666666667,7.458333333333333,1,1,1,0,1
2010-09-19,1039,62.5625,0.011,59.666666666666664,8.145833333333334,1,1,1,0,0
2010-09-20,1083,70.33333333333333,0.001,69.72916666666667,7.0625,0,1,0,0,0
2010-09-21,1137,76.29861111111111,0.042,65.17361111111111,10.13888888888889,1,1,1,0,1
2010-09-22,1126,67.3125,0.0,80.39583333333333,5.145833333333333,1,0,0,0,0
2010-09-23,1086,79.1875,0.0,56.4375,14.833333333333334,1,0,0,0,0
2010-09-24,1150,67.04861111111111,0.203,62.354166666666664,16.854166666666668,1,1,1,0,0
2010-09-25,1096,54.798611111111114,0.006,63.75694444444445,9.527777777777777,1,1,1,0,0
2010-09-26,974,55.481249999999996,0.052000000000000005,65.80416666666666,11.5375,1,1,1,0,0
2010-09-27,969,54.916666666666664,0.012,72.45833333333333,2.6875,1,1,1,0,0
2010-09-28,1084,59.3125,0.0,59.75,3.5625,0,0,0,0,0
2010-09-29,1071,64.02083333333333,0.0,52.833333333333336,5.395833333333333,0,0,0,0,0
2010-09-30,1001,63.895833333333336,0.0,59.916666666666664,10.083333333333334,0,0,0,0,0
2010-10-01,1241,61.375,0.021,56.291666666666664,5.354166666666667,1,1,1,0,0
2010-10-02,905,50.78472222222222,0.258,74.61111111111111,17.305555555555557,1,1,1,0,0
2010-10-03,886,48.833333333333336,0.012,66.85416666666667,10.875,1,1,1,0,0
2010-10-04,985,50.354166666666664,0.0,65.5,4.3125,0,0,0,0,0
2010-10-05,1046,53.625,0.0,58.229166666666664,2.6041666666666665,0,0,0,0,0
2010-10-06,1123,62.291666666666664,0.0,52.583333333333336,7.229166666666667,0,0,0,0,0
2010-10-07,1070,62.083333333333336,0.0,48.166666666666664,4.625,0,0,0,0,0
2010-10-08,1183,65.02083333333333,0.0,39.458333333333336,6.9375,0,0,0,0,0
2010-10-09,1099,71.02083333333333,0.0,47.833333333333336,4.4375,0,0,0,0,0
2010-10-10,1095,71.25,0.0,49.895833333333336,3.7291666666666665,0,0,0,0,0
2010-10-11,1019,66.60416666666667,0.0,64.10416666666667,4.229166666666667,0,0,0,0,0
2010-10-12,1095,64.14583333333333,0.0,73.39583333333333,5.0625,0,0,0,0,0
2010-10-13,1039,57.90277777777778,0.27,71.53472222222221,8.32638888888889,1,1,1,0,1
2010-10-14,1038,56.0,0.0,41.833333333333336,8.0625,0,0,0,0,0
2010-10-15,1160,53.8125,0.0,61.895833333333336,9.166666666666666,0,0,0,0,0
2010-10-16,1010,57.0625,0.0,55.5,7.3125,0,0,0,0,0
2010-10-17,979,55.8125,0.0,52.020833333333336,5.416666666666667,0,0,0,0,0
2010-10-18,1033,53.395833333333336,0.0,63.208333333333336,5.583333333333333,0,0,0,0,0
2010-10-19,1035,50.958333333333336,0.0,56.4375,6.708333333333333,0,0,0,0,0
2010-10-20,1052,56.90972222222222,0.001,45.52777777777778,12.409722222222221,0,1,0,0,0
2010-10-21,1067,48.395833333333336,0.0,49.875,8.6875,0,0,0,0,0
2010-10-22,1068,52.6875,0.01,44.145833333333336,5.0625,0,1,0,0,0
2010-10-23,1001,61.333333333333336,0.21400000000000002,53.427083333333336,10.520833333333334,1,1,1,0,1
2010-10-24,948,64.26666666666667,1.083,64.85416666666667,8.583333333333334,1,1,1,0,1
2010-10-25,1035,65.25,0.011,75.66666666666667,10.666666666666666,1,1,0,0,0
2010-10-26,1091,62.79824561403509,0.571,61.973684210526315,21.256944444444446,1,1,1,0,1
2010-10-27,1027,55.0625,0.0,39.895833333333336,22.041666666666668,0,0,0,0,0
2010-10-28,989,42.458333333333336,0.0,61.520833333333336,15.1875,0,0,0,0,0
2010-10-29,1085,42.020833333333336,0.0,54.145833333333336,7.166666666666667,0,0,0,0,0
2010-10-30,992,50.458333333333336,0.0,49.875,12.979166666666666,0,0,0,0,0
2010-10-31,1005,45.8125,0.0,58.770833333333336,9.770833333333334,0,0,0,0,0
2010-11-01,1118,45.618055555555564,0.0,61.34722222222222,5.472222222222221,0,0,0,0,0
2010-11-02,1044,43.854166666666664,0.0,58.5625,5.145833333333333,0,0,0,0,0
2010-11-03,972,43.791666666666664,0.011,64.04166666666667,6.541666666666667,1,1,1,0,0
2010-11-04,963,44.80902777777778,0.045,63.395833333333336,14.809027777777779,1,1,1,0,0
2010-11-05,1010,36.104166666666664,0.001,50.125,13.375,0,1,0,0,0
2010-11-06,936,37.375,0.0,46.354166666666664,6.354166666666667,0,0,0,0,0
2010-11-07,946,47.333333333333336,0.0,42.0,8.458333333333334,0,0,0,0,0
2010-11-08,1054,54.875,0.0,41.270833333333336,6.333333333333333,0,0,0,0,0
2010-11-09,1121,56.333333333333336,0.0,47.125,5.729166666666667,0,0,0,0,0
2010-11-10,1108,57.8125,0.0,47.395833333333336,7.1875,0,0,0,0,0
2010-11-11,1045,58.645833333333336,0.004,56.0625,7.020833333333333,1,1,1,0,0
2010-11-12,1057,53.625,0.0,70.9375,8.125,0,0,0,0,0
2010-11-13,947,49.46527777777777,0.051000000000000004,67.07638888888889,12.680555555555555,1,1,1,0,0
2010-11-14,899,42.04861111111111,0.053000000000000005,62.736111111111114,14.805555555555555,1,1,1,0,0
2010-11-15,1032,44.083333333333336,0.003,70.33333333333333,6.791666666666667,0,1,0,0,0
2010-11-16,941,42.541666666666664,0.0,63.979166666666664,5.270833333333333,0,0,0,0,0
2010-11-17,928,41.895833333333336,0.003,78.02430555555556,8.319444444444445,1,1,1,0,0
2010-11-18,940,36.0,0.0,64.41666666666667,5.854166666666667,0,0,0,0,0
2010-11-19,1095,39.395833333333336,0.0,65.88194444444444,9.0,0,0,0,0,0
2010-11-20,953,40.5,0.0,70.875,8.145833333333334,1,0,0,0,0
2010-11-21,913,51.61805555555555,0.006,81.0,11.868055555555555,1,1,1,0,0
2010-11-22,906,59.486111111111114,1.6039999999999999,81.05555555555556,12.638888888888888,1,1,1,0,1
2010-11-23,932,31.479166666666668,0.0,59.125,12.375,0,0,0,0,0
2010-11-24,947,33.54861111111111,0.253,78.02083333333333,12.868055555555555,1,1,1,0,0
2010-11-25,668,34.49305555555555,0.03,81.00347222222221,10.774305555555555,1,1,0,0,0
2010-11-26,868,26.583333333333332,0.0,55.854166666666664,16.125,0,0,0,0,0
2010-11-27,854,28.166666666666668,0.0,59.895833333333336,8.125,0,0,0,0,0
2010-11-28,892,35.270833333333336,0.0,65.91666666666667,9.625,0,0,0,0,0
2010-11-29,917,44.0625,0.5619999999999999,69.375,11.458333333333334,1,1,1,0,0
2010-11-30,891,35.06111111111111,0.032,79.69027777777778,16.944444444444443,1,1,1,1,0
2010-12-01,949,24.694444444444443,0.021,67.46527777777777,16.26388888888889,1,1,0,1,0
2010-12-02,974,28.104166666666668,0.0,61.166666666666664,9.666666666666666,0,0,0,0,0
2010-12-03,929,27.75,0.001,61.826388888888886,4.3125,1,1,0,1,0
2010-12-04,858,29.450595238095243,0.246,84.54851190476191,7.418154761904762,1,1,1,1,0
2010-12-05,767,22.152777777777782,0.007,73.97222222222221,11.111111111111109,1,1,0,1,0
2010-12-06,774,16.041666666666668,0.010000000000000002,67.36458333333333,11.8125,1,1,0,1,0
2010-12-07,887,16.729166666666668,0.0,62.0625,9.770833333333334,0,0,0,0,0
2010-12-08,803,17.520833333333332,0.0,62.25,6.520833333333333,0,0,0,0,0
2010-12-09,854,20.93402777777778,0.044000000000000004,71.57291666666667,8.95138888888889,1,1,0,1,0
2010-12-10,961,31.270833333333332,0.0,79.0,8.0,1,0,0,0,0
2010-12-11,812,33.21180555555556,0.42200000000000004,89.26666666666667,9.609722222222222,1,1,1,1,0
2010-12-12,670,22.504166666666666,0.097,77.08888888888889,21.621527777777775,1,1,0,1,0
2010-12-13,730,12.465277777777777,0.014000000000000002,65.79166666666667,18.215277777777775,1,1,0,1,0
2010-12-14,814,13.0,0.0,66.33333333333333,7.5,0,0,0,0,0
2010-12-15,906,15.854166666666666,0.0,60.9375,2.75,0,0,0,0,0
2010-12-16,860,25.04861111111111,0.010000000000000002,60.333333333333336,5.3680555555555545,1,1,0,1,0
2010-12-17,911,16.5625,0.002,68.60416666666667,10.4375,1,1,0,1,0
2010-12-18,801,15.791666666666666,0.0,69.10416666666667,11.541666666666666,1,0,0,0,0
2010-12-19,751,16.395833333333332,0.0,68.1875,6.8125,0,0,0,0,0
2010-12-20,841,20.32638888888889,0.103,75.50347222222223,6.368055555555556,1,1,0,1,0
2010-12-21,815,29.909722222222225,0.012,90.77291666666666,7.030555555555556,1,1,1,1,0
2010-12-22,884,28.159722222222225,0.008,75.41666666666667,10.524305555555555,1,1,0,1,0
2010-12-23,856,27.0,0.0,76.04166666666667,5.729166666666667,0,0,0,0,0
2010-12-24,744,29.826388888888886,0.099,82.24652777777779,6.302083333333333,1,1,0,1,0
2010-12-25,503,29.90625,0.04400000000000001,79.37847222222221,10.104166666666666,1,1,0,1,0
2010-12-26,612,28.014583333333334,0.04100000000000001,78.62916666666666,12.204166666666666,1,1,0,1,0
2010-12-27,687,18.569444444444446,0.0,78.64583333333333,8.645833333333334,1,0,0,0,0
2010-12-28,813,20.770833333333332,0.0,77.75,8.0,1,0,0,0,0
2010-12-29,797,28.958333333333332,0.012,82.60416666666666,8.434027777777777,1,1,1,0,0
2010-12-30,852,42.9375,0.008,83.85416666666667,14.083333333333334,1,1,1,0,0
2010-12-31,832,51.263888888888886,1.108,86.29305555555555,11.598611111111111,1,1,1,0,1
2011-01-01,1561,24.875,0.001,57.666666666666664,18.604166666666668,0,1,0,0,0
2011-01-02,712,19.541666666666668,0.0,59.166666666666664,11.395833333333334,0,0,0,0,0
2011-01-03,885,29.3125,0.0,61.354166666666664,7.208333333333333,0,0,0,0,0
2011-01-04,846,22.75,0.0,65.41666666666667,11.25,0,0,0,0,0
2011-01-05,896,23.0,0.004,64.25,7.145833333333333,1,1,0,1,0
2011-01-06,889,25.065972222222218,0.004,59.649305555555564,11.538194444444445,1,1,0,1,0
2011-01-07,937,18.45138888888889,0.013000000000000001,62.66666666666666,10.333333333333334,1,1,0,1,0
2011-01-08,837,16.541666666666668,0.003,61.25,12.666666666666666,1,1,0,1,0
2011-01-09,749,21.0625,0.0,58.979166666666664,3.1041666666666665,0,0,0,0,0
2011-01-10,918,26.645833333333332,0.0,58.25,7.833333333333333,0,0,0,0,0
2011-01-11,847,25.441666666666666,0.11600000000000002,77.39166666666667,9.277083333333334,1,1,0,1,0
2011-01-12,910,25.354166666666668,0.016,68.26388888888889,12.402777777777779,1,1,0,1,0
2011-01-13,937,21.229166666666668,0.016999999999999998,73.6875,7.8125,1,1,0,1,0
2011-01-14,987,21.958333333333332,0.002,71.89583333333333,5.3125,1,1,0,1,0
2011-01-15,895,23.180555555555557,0.004,66.5,11.284722222222221,1,1,0,1,0
2011-01-16,769,18.586805555555554,0.003,70.52430555555556,5.010416666666667,1,1,0,1,0
2011-01-17,810,27.604166666666668,0.13,74.20486111111111,10.652777777777777,1,1,1,1,0
2011-01-18,884,29.449652777777775,0.05000000000000001,83.19791666666667,12.357638888888888,1,1,1,1,0
2011-01-19,933,21.6,0.013000000000000001,67.4,8.840277777777777,1,1,0,1,0
2011-01-20,818,16.92361111111111,0.007,64.86805555555556,10.847222222222221,1,1,0,1,0
2011-01-21,840,4.854166666666667,0.002,55.854166666666664,8.395833333333334,0,1,0,0,0
2011-01-22,756,12.041666666666666,0.016,66.39583333333333,10.194444444444445,1,1,0,1,0
2011-01-23,811,14.616666666666667,0.008,56.80972222222223,9.1625,1,1,0,1,0
2011-01-24,844,22.465277777777782,0.010000000000000002,81.52430555555556,9.069444444444445,1,1,0,1,0
2011-01-25,914,26.819444444444446,0.0,81.56944444444444,5.4375,1,0,0,0,0
2011-01-26,919,24.347222222222218,0.007,77.46527777777779,7.513888888888888,1,1,1,1,0
2011-01-27,842,22.73263888888889,0.03,79.54166666666667,9.3125,1,1,0,1,0
2011-01-28,902,26.513888888888886,0.005,71.90277777777779,7.402777777777778,1,1,0,1,0
2011-01-29,826,31.048611111111114,0.005,73.61111111111111,7.0694444444444455,1,1,0,1,0
2011-01-30,756,29.65277777777777,0.015,74.52777777777777,9.569444444444445,1,1,1,1,0
2011-01-31,794,22.836805555555554,0.027000000000000003,65.12847222222221,15.121527777777779,1,1,0,1,0
2011-02-01,700,21.854166666666668,0.275,79.52569444444445,25.485416666666666,1,1,0,1,1
2011-02-02,320,20.15138888888889,0.08499999999999999,71.88333333333334,19.019444444444446,1,1,0,1,0
2011-02-03,524,8.479166666666666,0.0,56.833333333333336,9.708333333333334,0,0,0,0,0
2011-02-04,670,16.770833333333332,0.0,50.520833333333336,10.8125,0,0,0,0,0
2011-02-05,705,21.166666666666668,0.0,64.70833333333333,5.6875,0,0,0,0,0
2011-02-06,653,29.422916666666666,0.132,83.20902777777779,5.685416666666666,1,1,0,1,0
2011-02-07,763,26.833928571428572,0.039,73.74365079365079,7.849007936507937,1,1,0,1,0
2011-02-08,718,12.694444444444443,0.009000000000000001,62.63194444444445,11.166666666666666,1,1,0,1,0
2011-02-09,762,6.0,0.0,57.875,10.770833333333334,0,0,0,0,0
2011-02-10,781,6.416666666666667,0.0,62.645833333333336,8.4375,0,0,0,0,0
2011-02-11,891,20.42361111111111,0.008,66.64583333333333,8.069444444444445,1,1,0,1,0
2011-02-12,828,32.979166666666664,0.001,70.52083333333333,9.895833333333334,0,1,0,0,0
2011-02-13,780,40.458333333333336,0.0,59.104166666666664,15.208333333333334,0,0,0,0,0
2011-02-14,876,38.15972222222222,0.0,65.38888888888889,12.305555555555555,0,0,0,0,0
2011-02-15,920,33.875,0.031,58.354166666666664,11.041666666666666,1,1,1,0,0
2009-04-02,1042,46.020833333333336,0.162,64.33333333333333,12.166666666666666,1,1,1,0,0
2009-04-03,1179,41.72222222222222,0.08600000000000001,67.64583333333333,13.625,1,1,1,0,0
2009-04-04,1071,41.270833333333336,0.0,52.5625,8.979166666666666,0,0,0,0,0
2009-04-05,857,37.01111111111111,0.36300000000000004,76.48055555555555,18.269444444444446,1,1,1,1,0
2009-04-06,934,35.583333333333336,0.004,70.35416666666667,13.729166666666666,1,1,0,1,0
2009-04-07,1101,39.520833333333336,0.0,41.145833333333336,13.416666666666666,0,0,0,0,0
2009-04-08,1151,43.791666666666664,0.0,46.875,8.125,0,0,0,0,0
2009-04-09,1113,46.833333333333336,0.0,39.291666666666664,6.0,0,0,0,0,0
2009-04-10,1078,41.666666666666664,0.0,56.395833333333336,19.125,0,0,0,0,0
2009-04-11,1075,40.166666666666664,0.0,52.354166666666664,10.375,0,0,0,0,0
2009-04-12,876,43.395833333333336,0.0,53.208333333333336,9.1875,0,0,0,0,0
2009-04-13,904,39.708333333333336,0.485,82.22222222222221,15.208333333333334,1,1,1,0,0
2009-04-14,1060,40.26388888888889,0.006,79.27777777777779,13.048611111111112,1,1,1,0,0
2009-04-15,1186,46.708333333333336,0.0,49.645833333333336,9.869565217391305,0,0,0,0,0
2009-04-16,1145,49.75,0.0,47.3125,4.479166666666667,0,0,0,0,0
2009-04-17,1269,54.666666666666664,0.0,42.958333333333336,3.7291666666666665,0,0,0,0,0
2009-04-18,1083,62.416666666666664,0.003,47.541666666666664,3.7916666666666665,1,1,1,0,0
2009-04-19,915,52.552083333333336,0.8820000000000001,90.94791666666667,7.045138888888889,1,1,1,0,0
2009-04-20,1085,46.1875,0.14900000000000002,76.125,12.701388888888888,1,1,1,0,0
2009-04-21,1046,40.61805555555556,0.11999999999999998,84.86111111111111,13.673611111111109,1,1,1,0,0
2009-04-22,1219,48.979166666666664,0.0,54.0625,10.875,0,0,0,0,0
2009-04-23,1088,54.90277777777778,0.2,53.15277777777778,11.777777777777777,1,1,0,0,1
2009-04-24,1240,70.33333333333333,0.001,56.6875,14.8125,1,1,1,0,0
2009-04-25,1134,61.864583333333336,0.09999999999999999,73.10416666666667,14.8125,1,1,1,0,1
2009-04-26,1018,62.625,0.313,70.0625,10.65625,1,1,1,0,1
2009-04-27,1104,67.09722222222221,0.962,69.66666666666667,14.5,1,1,1,0,0
2009-04-28,1115,47.006944444444436,0.08499999999999999,75.34722222222221,14.270833333333334,1,1,1,0,0
2009-04-29,1147,51.375,0.032,84.75694444444444,8.465277777777777,1,1,1,0,0
2009-04-30,1081,60.67222222222222,0.42500000000000004,89.23680555555556,8.784722222222223,1,1,1,0,0
2009-05-01,1355,53.666666666666664,0.04,66.33333333333333,8.5625,1,1,1,0,0
2009-05-02,1058,56.083333333333336,0.0,45.4375,9.333333333333334,0,0,0,0,0
2009-05-03,983,59.729166666666664,0.0,42.333333333333336,4.625,0,0,0,0,0
2009-05-04,1088,60.041666666666664,0.0,42.208333333333336,8.5,0,0,0,0,0
2009-05-05,1198,61.75,0.0,47.5,5.8125,0,0,0,0,0
2009-05-06,1113,62.73333333333333,0.892,68.16250000000001,7.358333333333333,1,1,1,0,1
2009-05-07,1208,64.45833333333333,0.03,71.47916666666667,9.25,1,1,1,0,0
2009-05-08,1247,64.85416666666667,0.011,73.27083333333333,5.916666666666667,1,1,0,0,0
2009-05-09,1142,53.19444444444445,0.0,72.54166666666666,11.298611111111112,0,0,0,0,0
2009-05-10,994,52.541666666666664,0.020999999999999998,62.75,9.166666666666666,1,1,1,0,0
2009-05-11,1153,51.979166666666664,0.0,51.583333333333336,4.4375,0,0,0,0,0
2009-05-12,1220,60.583333333333336,0.0,36.4375,9.270833333333334,0,0,0,0,0
2009-05-13,1140,62.079861111111114,1.082,88.60000000000001,15.40625,1,1,1,0,1
2009-05-14,1175,62.041666666666664,0.001,54.958333333333336,11.020833333333334,0,1,0,0,0
2009-05-15,1149,57.71388888888888,0.7010000000000001,82.49861111111112,6.109722222222222,1,1,1,0,1
2009-05-16,1138,57.79513888888889,0.042,59.16666666666668,12.239583333333334,1,1,1,0,0
2009-05-17,1014,52.229166666666664,0.0,38.895833333333336,6.583333333333333,0,0,0,0,0
2009-05-18,1116,57.875,0.001,37.0625,9.5,0,1,0,0,0
2009-05-19,1172,68.20833333333333,0.0,40.270833333333336,12.4375,0,0,0,0,0
2009-05-20,1231,73.14583333333333,0.001,36.875,11.958333333333334,0,1,0,0,0
2009-05-21,1177,73.04166666666667,0.0,43.8125,10.979166666666666,0,0,0,0,0
2009-05-22,1199,62.1875,0.0,60.479166666666664,10.541666666666666,0,0,0,0,0
2009-05-23,1088,66.95833333333333,0.002,57.916666666666664,5.208333333333333,0,1,0,0,0
2009-05-24,1078,62.229166666666664,0.0,59.729166666666664,10.666666666666666,0,0,0,0,0
2009-05-25,968,59.666666666666664,0.084,60.9375,9.5,1,1,1,0,0
2009-05-26,1083,62.63402777777777,1.571,75.42361111111111,7.035416666666666,1,1,1,0,1
2009-05-27,1180,66.10763888888889,0.003,83.5486111111111,8.170138888888888,1,1,1,0,0
2009-05-28,1261,58.541666666666664,0.0,76.14583333333333,8.104166666666666,0,0,0,0,0
2009-05-29,1193,63.0625,0.0,62.104166666666664,6.854166666666667,0,0,0,0,0
2009-05-30,1099,64.66666666666667,0.001,53.270833333333336,6.291666666666667,0,1,0,0,0
2009-05-31,1029,62.3125,0.0,50.520833333333336,6.395833333333333,0,0,0,0,0
2009-06-01,1306,63.225694444444436,0.9020000000000001,70.5,10.5625,1,1,1,0,1
2009-06-02,1144,53.979166666666664,0.066,77.72916666666667,8.979166666666666,1,1,1,0,0
2009-06-03,1135,54.833333333333336,0.0,59.583333333333336,11.208333333333334,0,0,0,0,0
2009-06-04,1101,58.4375,0.0,48.875,6.520833333333333,0,0,0,0,0
2009-06-05,1169,66.64583333333333,0.0,46.083333333333336,7.395833333333333,0,0,0,0,0
2009-06-06,1034,59.583333333333336,0.002,66.77083333333333,7.354166666666667,1,1,1,0,0
2009-06-07,1007,64.8125,0.001,68.64583333333333,7.729166666666667,1,1,1,0,0
2009-06-08,1165,70.74305555555556,0.30200000000000005,73.26215277777779,9.821180555555555,1,1,1,0,1
2009-06-09,1087,60.395833333333336,0.002,79.06944444444444,7.486111111111111,1,1,1,0,0
2009-06-10,1179,59.291666666666664,0.045000000000000005,71.54166666666667,9.229166666666666,1,1,1,0,0
2009-06-11,1007,56.09375,1.1420000000000001,88.3263888888889,8.90625,1,1,1,0,0
2009-06-12,1304,62.104166666666664,0.001,64.15625,6.6875,0,1,0,0,0
2009-06-13,1082,59.48611111111111,0.3320000000000001,77.34722222222221,7.5625,1,1,1,0,0
2009-06-14,1063,65.85416666666667,0.0,58.791666666666664,5.708333333333333,0,0,0,0,0
2009-06-15,1098,70.02083333333333,0.0,49.0625,7.604166666666667,1,0,0,0,0
2009-06-16,993,66.93402777777779,1.071,73.79513888888889,10.527777777777777,1,1,1,0,0
2009-06-17,1115,66.98611111111111,0.0,81.30902777777777,7.017361111111112,1,0,0,0,0
2009-06-18,1147,72.65277777777779,0.131,73.95138888888889,5.895833333333333,1,1,1,0,1
2009-06-19,1077,75.22847222222221,1.002,80.74652777777779,11.333333333333334,1,1,1,0,1
2009-06-20,1171,78.53125,0.0,64.83333333333333,8.604166666666666,0,0,0,0,0
2009-06-21,1158,77.89583333333333,0.004,63.0,3.5416666666666665,1,1,1,0,0
2009-06-22,1193,79.61805555555556,0.061,65.82638888888889,7.152777777777779,1,1,1,0,1
2009-06-23,1230,84.625,0.0,59.354166666666664,4.291666666666667,0,0,0,0,0
2009-06-24,1225,85.24404761904762,0.851,58.14781746031746,4.748015873015873,1,1,0,0,1
2009-06-25,1084,83.95833333333333,0.0,60.229166666666664,4.916666666666667,0,0,0,0,0
2009-06-26,1219,78.85416666666667,0.0,55.3125,7.895833333333333,0,0,0,0,0
2009-06-27,1273,79.22916666666667,0.052000000000000005,54.729166666666664,6.729166666666667,1,1,1,0,0
2009-06-28,1119,75.8125,0.0,48.875,14.75,0,0,0,0,0
2009-06-29,1183,71.29166666666667,0.0,52.770833333333336,13.9375,0,0,0,0,0
2009-06-30,1214,64.64583333333333,0.0,66.91666666666667,8.25,0,0,0,0,0
2009-07-01,1324,61.5625,0.028000000000000004,76.34027777777779,7.097222222222221,1,1,1,0,0
2009-07-02,1144,66.52083333333333,0.0,67.35416666666667,7.5,0,0,0,0,0
2009-07-03,1155,69.33333333333333,0.0,63.729166666666664,6.479166666666667,0,0,0,0,0
2009-07-04,1014,66.9375,0.13,74.75694444444444,4.659722222222222,1,1,1,0,0
2009-07-05,1013,71.11805555555556,0.03,69.09722222222221,2.5972222222222223,1,1,0,0,0
2009-07-06,1116,75.0625,0.0,51.333333333333336,5.1875,0,0,0,0,0
2009-07-07,1199,69.25,0.0,61.083333333333336,7.291666666666667,0,0,0,0,0
2009-07-08,1060,64.66666666666667,0.17500000000000002,72.0,7.270833333333333,1,1,1,0,0
2009-07-09,1168,71.64583333333333,0.0,64.5,7.395833333333333,0,0,0,0,0
2009-07-10,1245,74.20833333333333,0.12000000000000001,74.5,4.416666666666667,1,1,1,0,0
2009-07-11,1106,76.56845238095238,1.371,61.657738095238095,8.035714285714286,1,1,0,0,1
2009-07-12,1167,71.85416666666667,0.0,47.229166666666664,5.270833333333333,0,0,0,0,0
2009-07-13,1095,71.6875,0.0,45.229166666666664,7.229166666666667,0,0,0,0,0
2009-07-14,1144,72.31944444444444,0.0,45.59027777777777,7.472222222222222,0,0,0,0,0
2009-07-15,1176,76.62152777777777,0.321,63.33680555555555,13.302083333333334,1,1,1,0,1
2009-07-16,1190,72.20833333333333,0.17,61.927083333333336,10.40625,1,1,1,0,0
2009-07-17,1223,63.5,0.002,65.625,10.166666666666666,1,1,1,0,0
2009-07-18,1120,64.72222222222221,0.0,64.95833333333333,6.895833333333333,0,0,0,0,0
2009-07-19,1047,65.83333333333333,0.0,64.75,4.604166666666667,0,0,0,0,0
2009-07-20,1159,68.91666666666667,0.0,64.54166666666667,6.5625,0,0,0,0,0
2009-07-21,1190,73.89583333333333,0.0,56.1875,6.208333333333333,0,0,0,0,0
2009-07-22,1232,72.0,0.0,65.39583333333333,5.875,1,0,0,0,0
2009-07-23,1136,69.97916666666667,0.10099999999999999,73.0,6.0,1,1,1,0,1
2009-07-24,1214,73.88194444444444,0.191,64.65972222222221,9.569444444444445,1,1,1,0,1
2009-07-25,1136,73.38888888888889,0.01,64.0,11.5625,0,1,0,0,0
2009-07-26,1118,73.77083333333333,0.0,60.1875,9.416666666666666,0,0,0,0,0
2009-07-27,1174,76.29166666666667,0.03,61.583333333333336,9.5625,1,1,1,0,0
2009-07-28,1164,76.5625,0.011,62.854166666666664,7.583333333333333,0,1,0,0,0
2009-07-29,1163,72.54166666666667,0.0,49.25,6.9375,0,0,0,0,0
2009-07-30,1148,70.91666666666667,0.001,62.416666666666664,6.1875,0,1,0,0,0
2009-07-31,1139,72.14583333333333,0.0,58.0625,6.625,0,0,0,0,0
2009-08-01,1343,68.35416666666667,0.015,73.10416666666667,10.520833333333334,1,1,1,0,0
2009-08-02,1121,69.5625,0.0,55.833333333333336,8.208333333333334,0,0,0,0,0
2009-08-03,1122,75.64583333333333,0.061,61.729166666666664,11.5,1,1,1,0,0
2009-08-04,1076,76.16666666666667,0.0,66.9375,6.208333333333333,1,0,0,0,0
2009-08-05,1207,72.125,0.0,57.75,5.708333333333333,0,0,0,0,0
2009-08-06,1149,72.29166666666667,0.0,49.208333333333336,5.5,0,0,0,0,0
2009-08-07,1122,68.42361111111111,0.231,72.25694444444444,7.1944444444444455,1,1,1,0,0
2009-08-08,1171,79.15972222222223,0.091,76.625,12.854166666666666,1,1,1,0,1
2009-08-09,1178,83.85416666666667,0.022000000000000002,69.77083333333333,12.354166666666666,0,1,0,0,0
2009-08-10,1166,77.54166666666667,0.0,67.6875,8.833333333333334,0,0,0,0,0
2009-08-11,1256,73.5625,0.0,69.04166666666667,8.75,0,0,0,0,0
2009-08-12,1252,72.1875,0.0,58.90277777777777,7.027777777777778,0,0,0,0,0
2009-08-13,1188,76.0625,0.0,51.125,3.5833333333333335,0,0,0,0,0
2009-08-14,1261,78.5,0.0,52.208333333333336,6.395833333333333,0,0,0,0,0
2009-08-15,1210,79.83333333333333,0.0,54.520833333333336,8.833333333333334,0,0,0,0,0
2009-08-16,1121,76.98263888888889,0.341,74.80208333333333,10.197916666666666,1,1,1,0,1
2009-08-17,1150,75.20833333333333,0.8510000000000001,80.84027777777779,7.40625,1,1,1,0,1
2009-08-18,1308,75.01041666666667,0.0,64.16666666666667,8.364583333333334,0,0,0,0,0
2009-08-19,1218,72.61111111111111,0.642,69.34027777777779,8.368055555555555,1,1,1,0,1
2009-08-20,1206,71.23333333333333,0.14300000000000002,73.3861111111111,12.320833333333333,1,1,1,0,0
2009-08-21,1161,65.78472222222223,0.053000000000000005,77.0625,13.069444444444445,1,1,1,0,0
2009-08-22,1013,62.979166666666664,0.0,66.625,10.1875,0,0,0,0,0
2009-08-23,1066,65.1875,0.0,70.31944444444444,7.451388888888889,0,0,0,0,0
2009-08-24,1089,69.08333333333333,0.0,67.125,5.666666666666667,0,0,0,0,0
2009-08-25,1156,72.4375,0.0,69.22916666666667,8.291666666666666,0,0,0,0,0
2009-08-26,1181,67.98611111111111,0.554,87.45138888888887,7.277777777777779,1,1,1,0,0
2009-08-27,1037,64.60763888888889,1.1930000000000003,88.91319444444444,11.336805555555555,1,1,1,0,0
2009-08-28,1152,65.00694444444444,0.281,86.88194444444446,5.1875,1,1,1,0,0
2009-08-29,1108,62.010416666666664,0.011,71.26736111111111,10.746527777777777,1,1,1,0,0
2009-08-30,1016,59.083333333333336,0.001,65.45833333333333,10.479166666666666,0,1,0,0,0
2009-08-31,1029,59.25,0.0,59.541666666666664,6.6875,0,0,0,0,0
2009-09-01,1264,61.541666666666664,0.0,66.14583333333333,3.5416666666666665,0,0,0,0,0
2009-09-02,1104,63.6875,0.0,66.25,3.7916666666666665,0,0,0,0,0
2009-09-03,1125,66.54166666666667,0.0,68.75,5.770833333333333,1,0,0,0,0
2009-09-04,1172,67.33333333333333,0.0,67.45833333333333,4.145833333333333,1,0,0,0,0
2009-09-05,1067,68.45833333333333,0.0,69.3125,5.604166666666667,1,0,0,0,0
2009-09-06,1105,70.8125,0.001,68.1875,6.416666666666667,0,1,0,0,0
2009-09-07,1028,69.91666666666667,0.0,69.64583333333333,6.958333333333333,1,0,0,0,0
2009-09-08,1093,70.09375,0.0,76.19791666666667,7.729166666666667,1,0,0,0,0
2009-09-09,1147,70.32638888888889,0.0,78.71527777777777,7.347222222222222,1,0,0,0,0
2009-09-10,1186,72.3125,0.0,71.35416666666667,7.5,1,0,0,0,0
2009-09-11,1285,71.70833333333333,0.0,64.41666666666667,6.625,0,0,0,0,0
2009-09-12,1128,69.09722222222221,0.0,76.86805555555556,4.333333333333333,1,0,0,0,0
2009-09-13,1039,68.50416666666666,0.02,66.20972222222223,4.045833333333333,1,1,0,0,0
2009-09-14,1060,71.91666666666667,0.0,58.791666666666664,2.8125,0,0,0,0,0
2009-09-15,1181,72.1875,0.0,63.895833333333336,6.6875,0,0,0,0,0
2009-09-16,1135,66.95833333333333,0.0,64.875,13.270833333333334,0,0,0,0,0
2009-09-17,1146,63.104166666666664,0.0,64.875,5.520833333333333,0,0,0,0,0
2009-09-18,1223,65.14583333333333,0.0,71.66666666666667,6.645833333333333,0,0,0,0,0
2009-09-19,1111,66.3125,0.0,68.64583333333333,5.708333333333333,0,0,0,0,0
2009-09-20,1067,64.80902777777779,0.453,74.24652777777779,7.291666666666667,1,1,1,0,0
2009-09-21,1090,65.18055555555556,0.003,85.40277777777777,5.368055555555556,1,1,1,0,0
2009-09-22,1129,69.34722222222221,0.041,86.63541666666667,7.354166666666667,1,1,1,0,0
2009-09-23,1197,67.36805555555556,0.0,85.45833333333333,4.631944444444445,1,0,0,0,0
2009-09-24,1214,67.38888888888889,0.0,83.90277777777779,4.340277777777778,1,0,0,0,0
2009-09-25,1214,65.1875,0.024,75.02777777777779,6.475694444444444,1,1,1,0,0
2009-09-26,1103,61.69027777777777,0.001,82.90277777777779,5.001388888888889,1,1,1,0,0
2009-09-27,1063,63.89930555555555,0.641,71.75,10.291666666666666,1,1,1,0,1
2009-09-28,1110,56.013888888888886,0.003,59.73611111111111,20.29861111111111,1,1,1,0,0
2009-09-29,1090,52.986111111111114,0.002,66.7361111111111,10.090277777777777,1,1,1,0,0
2009-09-30,996,53.895833333333336,0.0,65.83333333333333,7.0,0,0,0,0,0
2009-10-01,1151,52.336805555555564,0.6120000000000001,80.4861111111111,8.652777777777777,1,1,1,0,1
2009-10-02,1054,50.97222222222222,0.18599999999999997,83.92361111111111,11.375,1,1,1,0,0
2009-10-03,980,50.930555555555564,0.038000000000000006,85.24305555555556,9.45138888888889,1,1,1,0,0
2009-10-04,962,51.95138888888889,0.0,71.09027777777779,9.23611111111111,0,0,0,0,0
2009-10-05,1056,52.0,0.0,70.14583333333333,4.625,0,0,0,0,0
2009-10-06,1088,55.038194444444436,0.054000000000000006,74.22916666666667,14.753472222222221,1,1,1,0,0
2009-10-07,1158,52.180555555555564,0.0,60.36805555555555,10.291666666666666,0,0,0,0,0
2009-10-08,1055,51.04861111111111,0.14800000000000002,83.82013888888889,5.758333333333333,1,1,1,0,0
2009-10-09,1081,47.756944444444436,0.43300000000000005,89.3125,10.159722222222221,1,1,1,0,0
2009-10-10,1101,39.604166666666664,0.0,67.70833333333333,8.145833333333334,0,0,0,0,0
2009-10-11,919,38.0625,0.0,55.4375,4.854166666666667,0,0,0,0,0
2009-10-12,985,45.22222222222222,0.003,67.61111111111111,3.715277777777778,1,1,1,0,0
2009-10-13,1150,43.46527777777777,0.0,66.38194444444444,11.256944444444443,1,0,0,0,0
2009-10-14,1050,45.27777777777777,0.038000000000000006,70.875,11.104166666666666,1,1,1,0,0
2009-10-15,1088,42.395833333333336,0.34,83.79166666666667,9.833333333333334,1,1,1,0,0
2009-10-16,1151,42.20138888888889,0.089,79.77083333333333,7.583333333333333,1,1,1,0,0
2009-10-17,1025,44.104166666666664,0.017,68.0,7.770833333333333,1,1,1,0,0
2009-10-18,1003,44.4375,0.0,66.875,6.166666666666667,0,0,0,0,0
2009-10-19,1112,54.083333333333336,0.0,59.854166666666664,10.958333333333334,0,0,0,0,0
2009-10-20,1173,57.854166666666664,0.052000000000000005,68.04166666666667,7.375,1,1,1,0,0
2009-10-21,1186,61.708333333333336,0.01,67.75,10.916666666666666,0,1,0,0,0
2009-10-22,1068,52.65972222222223,0.8460000000000001,87.7986111111111,13.0625,1,1,1,0,0
2009-10-23,1085,52.15625,1.318,92.0625,15.503472222222223,1,1,1,0,0
2009-10-24,1137,43.038194444444436,0.056999999999999995,78.80208333333334,9.986111111111109,1,1,1,1,0
2009-10-25,1056,53.708333333333336,0.24400000000000002,68.27083333333333,7.0625,1,1,1,0,0
2009-10-26,1047,51.916666666666664,0.139,85.24652777777779,6.934027777777778,1,1,1,0,0
2009-10-27,1107,50.28472222222222,0.16200000000000003,85.85416666666667,6.944444444444444,1,1,1,0,0
2009-10-28,1079,54.041666666666664,0.0,84.95833333333333,3.3125,1,0,0,0,0
2009-10-29,1075,55.09722222222222,1.102,82.05555555555556,11.173611111111112,1,1,1,0,0
2009-10-30,1181,58.98611111111111,1.1620000000000001,85.09722222222223,18.024305555555554,1,1,1,0,0
2009-10-31,1183,42.770833333333336,0.012,63.482638888888886,13.590277777777779,1,1,1,0,0
2009-11-01,1175,44.5,0.0,61.416666666666664,5.020833333333333,0,0,0,0,0
2009-11-02,1002,49.270833333333336,0.002,56.458333333333336,9.583333333333334,1,1,1,0,0
2009-11-03,1072,41.3125,0.0,50.458333333333336,6.104166666666667,0,0,0,0,0
2009-11-04,1098,46.395833333333336,0.0,56.354166666666664,7.104166666666667,0,0,0,0,0
2009-11-05,1078,44.770833333333336,0.0,54.25,7.3125,0,0,0,0,0
2009-11-06,1139,52.270833333333336,0.0,48.270833333333336,12.9375,0,0,0,0,0
2009-11-07,1092,59.729166666666664,0.0,64.375,10.0625,0,0,0,0,0
2009-11-08,1077,59.395833333333336,0.0,73.16666666666667,7.416666666666667,1,0,0,0,0
2009-11-09,1133,57.458333333333336,0.0,62.229166666666664,9.5625,0,0,0,0,0
2009-11-10,1099,50.75,0.0,65.66666666666667,10.958333333333334,0,0,0,0,0
2009-11-11,1086,46.145833333333336,0.0,59.729166666666664,6.916666666666667,0,0,0,0,0
2009-11-12,1079,45.875,0.0,53.666666666666664,6.458333333333333,0,0,0,0,0
2009-11-13,1208,49.166666666666664,0.0,52.854166666666664,9.604166666666666,0,0,0,0,0
2009-11-14,1148,55.75,0.001,66.375,8.375,1,1,1,0,0
2009-11-15,1035,46.395833333333336,0.014000000000000002,67.33333333333333,11.291666666666666,1,1,1,0,0
2009-11-16,998,46.708333333333336,0.003,65.95833333333333,16.96527777777778,1,1,1,0,0
2011-10-03,940,57.104166666666664,0.0,63.208333333333336,4.020833333333333,0,0,0,0,0
2011-10-04,970,59.791666666666664,0.0,67.77083333333333,1.7083333333333333,0,0,0,0,0
2011-10-05,966,65.29166666666667,0.0,55.958333333333336,2.9166666666666665,0,0,0,0,0
2011-10-06,971,67.79166666666667,0.0,55.5625,4.729166666666667,0,0,0,0,0
2011-10-07,1055,71.72916666666667,0.0,49.479166666666664,6.729166666666667,0,0,0,0,0
2011-10-08,1015,71.4375,0.0,53.041666666666664,6.791666666666667,0,0,0,0,0
2011-10-09,1003,67.79166666666667,0.0,55.979166666666664,3.8958333333333335,0,0,0,0,0
2011-10-10,896,67.52083333333333,0.0,54.166666666666664,6.458333333333333,0,0,0,0,0
2011-10-11,1026,68.20833333333333,0.0,58.354166666666664,4.708333333333333,0,0,0,0,0
2011-10-12,1066,67.10416666666667,0.0,56.145833333333336,6.9375,0,0,0,0,0
2011-10-13,828,59.6875,0.505,86.65625,6.125,1,1,1,0,0
2011-10-14,1022,54.375,0.0,61.25,15.3125,0,0,0,0,0
2011-10-15,962,54.604166666666664,0.0,51.791666666666664,15.229166666666666,0,0,0,0,0
2011-10-16,893,53.166666666666664,0.121,60.0,8.0,1,1,1,0,0
2011-10-17,918,48.541666666666664,0.0,55.708333333333336,11.208333333333334,0,0,0,0,0
2011-10-18,919,46.63888888888889,0.027000000000000003,73.22569444444444,7.197916666666667,1,1,1,0,0
2011-10-19,879,46.69444444444445,0.8420000000000001,82.625,19.3125,1,1,1,0,0
2011-10-20,888,44.208333333333336,0.08200000000000002,78.95833333333333,15.0,1,1,1,0,0
2011-10-21,1010,45.541666666666664,0.0,65.8125,5.729166666666667,0,0,0,0,0
2011-10-22,1010,51.583333333333336,0.0,60.145833333333336,3.9166666666666665,0,0,0,0,0
2011-10-23,1042,56.239583333333336,0.22,61.677083333333336,6.885416666666667,1,1,1,0,1
2011-10-24,1023,54.458333333333336,0.061,60.30555555555555,7.125,1,1,1,0,0
2011-10-25,1061,61.625,0.131,54.635416666666664,10.597222222222223,1,1,0,0,1
2011-10-26,977,49.75,0.0,78.33333333333333,14.041666666666666,1,0,0,0,0
2011-10-27,956,45.270833333333336,0.162,73.625,7.125,1,1,1,0,0
2011-10-28,1046,45.666666666666664,0.0,62.666666666666664,5.791666666666667,0,0,0,0,0
2011-10-29,948,44.583333333333336,0.0,57.104166666666664,4.854166666666667,0,0,0,0,0
2011-10-30,954,46.708333333333336,0.11400000000000002,63.604166666666664,10.875,1,1,1,0,0
2011-10-31,1036,45.666666666666664,0.0,71.1875,4.895833333333333,1,0,0,0,0
2011-11-01,1205,52.979166666666664,0.0,58.125,9.3125,0,0,0,0,0
2011-11-02,974,56.63194444444445,0.003,55.013888888888886,11.993055555555555,1,1,1,0,0
2011-11-03,861,47.43055555555555,0.37800000000000006,82.22916666666666,20.09027777777778,1,1,1,0,0
2011-11-04,1005,46.166666666666664,0.0,67.58333333333333,8.520833333333334,0,0,0,0,0
2011-11-05,905,47.416666666666664,0.0,52.229166666666664,9.0625,0,0,0,0,0
2011-11-06,941,54.166666666666664,0.0,62.416666666666664,14.104166666666666,0,0,0,0,0
2011-11-07,870,53.37152777777777,0.21200000000000002,81.23263888888889,3.9999999999999996,1,1,1,0,0
2011-11-08,871,50.21875,1.2149999999999999,93.13541666666667,9.1875,1,1,1,0,0
2011-11-09,894,45.805555555555564,0.30900000000000005,85.92361111111113,14.277777777777777,1,1,1,0,0
2011-11-10,865,35.77361111111111,0.023000000000000003,74.06666666666666,11.598611111111111,1,1,1,1,0
2011-11-11,960,37.166666666666664,0.0,69.79166666666667,8.0,0,0,0,0,0
2011-11-12,998,49.5,0.0,62.520833333333336,12.25,0,0,0,0,0
2011-11-13,934,57.916666666666664,0.0,58.80555555555555,17.01388888888889,0,0,0,0,0
2011-11-14,963,47.5,0.013000000000000001,71.04166666666667,4.645833333333333,1,1,1,0,0
2011-11-15,1059,50.916666666666664,0.0,68.0,7.541666666666667,0,0,0,0,0
2011-11-16,884,38.166666666666664,0.0,41.3125,11.8125,0,0,0,0,0
2011-11-17,911,31.354166666666668,0.0,48.895833333333336,11.708333333333334,0,0,0,0,0
2011-11-18,930,41.604166666666664,0.0,39.291666666666664,16.0,0,0,0,0,0
2011-11-19,911,50.645833333333336,0.002,59.47222222222222,16.15277777777778,1,1,1,0,0
2011-11-20,918,43.048611111111114,0.0,72.34722222222221,12.638888888888888,0,0,0,0,0
2011-11-21,932,42.87152777777777,0.0,75.12152777777779,10.354166666666666,0,0,0,0,0
2011-11-22,853,42.1875,0.41200000000000003,85.81944444444444,12.6875,1,1,1,0,0
2011-11-23,975,40.9375,0.0,78.4375,5.5,1,0,0,0,0
2011-11-24,711,43.13194444444445,0.0,87.75694444444444,12.951388888888888,1,0,0,0,0
2011-11-25,934,49.395833333333336,0.0,73.95833333333333,14.145833333333334,1,0,0,0,0
2011-11-26,878,53.44097222222222,0.813,82.9826388888889,11.857638888888888,1,1,1,0,0
2011-11-27,826,39.34375,0.10100000000000002,86.0625,12.510416666666666,1,1,1,0,0
2011-11-28,898,37.708333333333336,0.008,77.77083333333333,12.972222222222221,1,1,0,1,0
2011-11-29,892,39.479166666666664,0.0,65.9375,24.868055555555554,0,0,0,0,0
2011-11-30,894,33.708333333333336,0.0,52.229166666666664,6.979166666666667,0,0,0,0,0
2011-12-01,1053,38.104166666666664,0.0,61.354166666666664,6.395833333333333,0,0,0,0,0
2011-12-02,1000,37.208333333333336,0.004,76.17361111111111,7.499999999999999,1,1,0,1,0
2011-12-03,876,46.270833333333336,0.192,72.60416666666667,11.770833333333334,1,1,1,0,0
2011-12-04,884,43.79861111111111,0.054000000000000006,79.86111111111111,12.243055555555555,1,1,1,0,0
2011-12-05,935,37.71527777777778,0.017,76.52777777777777,10.576388888888888,1,1,1,1,0
2011-12-06,875,33.6875,0.004,64.22916666666667,10.916666666666666,1,1,0,1,0
2011-12-07,834,30.520833333333332,0.0,62.75,9.895833333333334,0,0,0,0,0
2011-12-08,830,31.020833333333332,0.001,68.35416666666667,6.208333333333333,1,1,0,1,0
2011-12-09,861,24.895833333333332,0.008,62.71527777777777,9.013888888888888,1,1,0,1,0
2011-12-10,882,20.375,0.0,54.854166666666664,8.3125,0,0,0,0,0
2011-12-11,836,32.854166666666664,0.0,65.58333333333333,10.0625,0,0,0,0,0
2011-12-12,922,37.3125,0.0,56.5625,7.083333333333333,0,0,0,0,0
2011-12-13,976,41.513888888888886,0.062,72.17361111111111,4.625,1,1,1,0,0
2011-12-14,910,48.111111111111114,1.004,95.58333333333333,13.131944444444443,1,1,1,0,0
2011-12-15,935,42.77777777777778,0.022,72.53472222222221,17.506944444444443,1,1,1,0,0
2011-12-16,950,29.958333333333332,0.0,64.97916666666667,7.083333333333333,0,0,0,0,0
2011-12-17,816,30.180555555555554,0.035,82.03819444444444,5.795138888888889,1,1,0,1,0
2011-12-18,832,35.93055555555555,0.0,77.08194444444445,9.126388888888888,1,0,0,0,0
2011-12-19,940,44.993055555555564,0.0,65.95138888888889,12.006944444444443,0,0,0,0,0
2011-12-20,980,37.8125,0.009000000000000001,75.52777777777779,7.7569444444444455,1,1,1,0,0
2011-12-21,937,39.93055555555555,0.004,91.10069444444444,6.416666666666667,1,1,1,0,0
2011-12-22,880,36.07638888888889,0.045,86.79861111111113,8.708333333333334,1,1,1,0,0
2011-12-23,923,29.256944444444446,0.003,68.44444444444444,9.0625,1,1,0,1,0
2011-12-24,734,31.645833333333332,0.0,72.9375,8.145833333333334,0,0,0,0,0
2011-12-25,518,37.291666666666664,0.0,62.854166666666664,12.125,0,0,0,0,0
2011-12-26,713,35.541666666666664,0.03,71.70833333333333,8.3125,1,1,1,0,0
2011-12-27,786,35.63888888888889,0.181,78.22222222222223,12.388888888888888,1,1,1,0,0
2011-12-28,852,26.9375,0.0,66.625,6.625,0,0,0,0,0
2011-12-29,864,39.125,0.002,73.3125,9.916666666666666,1,1,1,0,0
2011-12-30,898,41.03333333333334,0.44000000000000006,89.34791666666666,7.491666666666667,1,1,1,0,0
2011-12-31,794,35.923611111111114,0.0,86.4513888888889,10.256944444444445,1,0,0,0,0
2012-01-01,1545,35.979166666666664,0.034,68.52777777777779,19.993055555555554,1,1,1,1,0
2012-01-02,702,21.958333333333332,0.012,60.697916666666664,18.482638888888886,1,1,0,1,0
2012-01-03,808,20.333333333333332,0.0,56.041666666666664,9.9375,0,0,0,0,0
2012-01-04,799,32.604166666666664,0.0,59.020833333333336,8.375,0,0,0,0,0
2012-01-05,871,39.145833333333336,0.0,62.083333333333336,8.625,0,0,0,0,0
2012-01-06,914,46.9375,0.0,57.3125,8.791666666666666,0,0,0,0,0
2012-01-07,863,37.479166666666664,0.0,62.520833333333336,7.0625,0,0,0,0,0
2012-01-08,800,33.895833333333336,0.0,73.4375,1.7916666666666667,0,0,0,0,0
2012-01-09,883,36.875,0.0,68.91666666666667,11.208333333333334,1,0,0,0,0
2012-01-10,899,40.520833333333336,0.0,64.5,5.020833333333333,0,0,0,0,0
2012-01-11,889,40.6875,0.0,65.89583333333333,3.9375,0,0,0,0,0
2012-01-12,745,28.322916666666668,0.07100000000000001,86.4236111111111,10.541666666666666,1,1,0,1,0
2012-01-13,752,18.993055555555554,0.024,72.86111111111111,12.909722222222221,1,1,0,1,0
2012-01-14,781,16.291666666666668,0.012000000000000002,69.77083333333333,6.104166666666667,1,1,0,1,0
2012-01-15,772,23.229166666666668,0.003,70.02083333333333,9.416666666666666,1,1,0,1,0
2012-01-16,826,38.856249999999996,0.041999999999999996,77.81875000000001,9.452083333333333,1,1,1,0,0
2012-01-17,844,31.074305555555554,0.09200000000000001,82.03194444444445,13.582638888888889,1,1,1,1,0
2012-01-18,791,19.270833333333332,0.0,66.5,9.645833333333334,0,0,0,0,0
2012-01-19,748,15.836805555555557,0.004,55.25,12.170138888888888,1,1,0,1,0
2012-01-20,685,15.090277777777779,0.34500000000000003,69.72222222222223,6.222222222222222,1,1,0,1,0
2012-01-21,717,21.619444444444444,0.013000000000000001,76.66250000000001,8.554166666666667,1,1,0,1,0
2012-01-22,682,28.913194444444443,0.44900000000000007,91.27986111111112,11.369444444444445,1,1,1,0,1
2012-01-23,834,37.020833333333336,0.257,86.58333333333333,17.416666666666668,1,1,1,1,1
2012-01-24,898,30.513888888888886,0.0,71.02777777777779,9.70138888888889,0,0,0,0,0
2012-01-25,962,30.354166666666668,0.0,80.86111111111111,4.125,1,0,0,0,0
2012-01-26,925,34.75694444444444,0.004,88.99305555555554,4.736111111111112,1,1,1,0,0
2012-01-27,933,36.93055555555555,0.022000000000000002,64.1388888888889,9.166666666666666,1,1,0,1,0
2012-01-28,808,30.541666666666668,0.035,70.01041666666667,15.71875,1,1,0,1,0
2012-01-29,813,28.008333333333336,0.002,65.90833333333333,12.220833333333333,1,1,0,1,0
2012-01-30,868,38.5,0.0,64.25,11.270833333333334,0,0,0,0,0
2012-01-31,964,50.5,0.0,69.70833333333333,11.375,0,0,0,0,0
2012-02-01,1043,39.0,0.0,79.89583333333333,4.416666666666667,1,0,0,0,0
2012-02-02,881,37.50347222222222,0.0,84.65972222222223,3.46875,1,0,0,0,0
2012-02-03,897,36.75,0.001,82.0,8.25,1,1,1,0,0
2012-02-04,848,36.045833333333334,0.033,82.325,9.391666666666667,1,1,1,1,0
2012-02-05,744,34.979166666666664,0.0,77.79166666666667,4.833333333333333,0,0,0,0,0
2012-02-06,765,30.326388888888886,0.0,86.97916666666667,11.472222222222223,1,0,0,0,0
2012-02-07,858,31.840277777777782,0.004,77.375,10.902777777777777,1,1,0,1,0
2012-02-08,811,30.4375,0.0,61.25,8.875,0,0,0,0,0
2012-02-09,829,28.5,0.0,66.5,10.0625,0,0,0,0,0
2012-02-10,775,27.615277777777777,0.03,75.2388888888889,13.204166666666667,1,1,0,1,0
2012-02-11,712,15.020833333333334,0.0,51.104166666666664,14.395833333333334,0,0,0,0,0
2012-02-12,718,24.6875,0.0,45.208333333333336,11.125,0,0,0,0,0
2012-02-13,730,27.652777777777782,0.015,57.09722222222222,8.875,1,1,0,1,0
2012-02-14,775,32.46527777777778,0.011,81.70833333333333,7.951388888888889,1,1,1,1,0
2012-02-15,928,37.645833333333336,0.14100000000000001,83.44791666666667,8.9375,1,1,1,0,0
2012-02-16,869,39.72222222222222,0.083,72.77777777777779,9.0625,1,1,1,0,0
2012-02-17,986,38.5,0.0,62.708333333333336,8.5,0,0,0,0,0
2012-02-18,763,33.25,0.0,63.40277777777777,8.368055555555555,0,0,0,0,0
2012-02-19,785,31.354166666666668,0.0,62.541666666666664,7.541666666666667,0,0,0,0,0
2012-02-20,716,34.5,0.0,60.979166666666664,9.020833333333334,0,0,0,0,0
2012-02-21,850,37.93611111111111,0.07800000000000001,81.22916666666667,12.847222222222221,1,1,1,1,0
2012-02-22,897,37.364583333333336,0.005,79.79166666666667,6.260416666666667,1,1,1,1,0
2012-02-23,817,35.32083333333333,0.12400000000000001,94.08333333333333,8.110416666666667,1,1,1,1,0
2012-02-24,784,30.809027777777775,0.251,85.97222222222221,15.628472222222223,1,1,0,1,0
2012-02-25,792,24.104166666666668,0.0,66.85416666666667,10.1875,0,0,0,0,0
2012-02-26,727,37.3125,0.0,56.791666666666664,13.479166666666666,0,0,0,0,0
2012-02-27,818,32.93055555555555,0.0,59.979166666666664,10.743055555555555,0,0,0,0,0
2012-02-28,893,36.666666666666664,0.082,65.02083333333333,8.229166666666666,1,1,1,0,0
2012-02-29,875,47.09027777777777,0.20900000000000002,72.05208333333333,18.79513888888889,1,1,1,0,0
2012-03-01,1043,37.27777777777778,0.001,77.6736111111111,8.333333333333334,0,1,0,0,0
2012-03-02,881,36.88194444444445,0.196,83.96527777777779,14.170138888888888,1,1,1,1,1
2012-03-03,780,31.5625,0.015,67.26388888888889,17.166666666666668,1,1,0,1,0
2012-03-04,757,29.590277777777782,0.011,69.58333333333333,8.79861111111111,1,1,0,1,0
2012-03-05,764,29.791666666666668,0.001,62.229166666666664,9.083333333333334,0,1,0,0,0
2012-03-06,938,51.25,0.0,45.770833333333336,19.729166666666668,0,0,0,0,0
2012-03-07,950,60.791666666666664,0.002,47.208333333333336,22.291666666666668,1,1,1,0,0
2012-03-08,922,42.798611111111114,0.22000000000000003,63.520833333333336,14.493055555555555,1,1,1,0,0
2012-03-09,958,34.479166666666664,0.0,39.416666666666664,12.5625,0,0,0,0,0
2012-03-10,891,43.541666666666664,0.0,41.479166666666664,14.1875,0,0,0,0,0
2012-03-11,805,55.449275362318836,0.002,39.971014492753625,9.855072463768115,1,1,1,0,0
2012-03-12,912,58.69444444444445,0.281,77.04861111111111,13.923611111111112,1,1,1,0,0
2012-03-13,927,57.895833333333336,0.0,48.520833333333336,5.645833333333333,0,0,0,0,0
2012-03-14,930,67.97916666666667,0.0,60.395833333333336,10.0625,0,0,0,0,0
2012-03-15,1000,67.5,0.001,68.28472222222221,8.166666666666666,0,1,0,0,0
2012-03-16,957,66.22916666666667,0.0,58.6875,6.0625,1,0,0,0,1
2012-03-17,1070,69.97916666666667,0.0,58.583333333333336,9.0,0,0,0,0,0
2012-03-18,919,70.70833333333333,0.0,61.083333333333336,8.520833333333334,0,0,0,0,0
2012-03-19,979,70.8125,0.002,65.9375,9.645833333333334,1,1,1,0,0
2012-03-20,992,75.375,0.0,44.479166666666664,11.895833333333334,0,0,0,0,0
2012-03-21,1076,75.9375,0.0,44.520833333333336,8.020833333333334,0,0,0,0,0
2012-03-22,979,70.73611111111111,0.042,60.083333333333336,5.3680555555555545,1,1,1,0,1
2012-03-23,977,59.84583333333333,1.0170000000000001,88.07222222222224,4.835416666666666,1,1,1,0,1
2012-03-24,906,53.95416666666666,0.013000000000000001,91.62013888888889,6.636111111111112,1,1,1,0,0
2012-03-25,885,55.458333333333336,0.01,77.68055555555556,8.9375,1,1,0,0,0
2012-03-26,831,42.1875,0.0,60.604166666666664,15.604166666666666,0,0,0,0,0
2012-03-27,868,55.75,0.0,42.6875,15.3125,0,0,0,0,0
2012-03-28,911,58.145833333333336,0.0,54.729166666666664,13.0625,0,0,0,0,0
2012-03-29,948,43.25,0.0,67.20833333333333,10.479166666666666,0,0,0,0,0
2012-03-30,941,46.29861111111111,0.381,77.63888888888889,10.069444444444445,1,1,0,0,1
2012-03-31,878,42.09027777777778,0.0,78.89583333333333,7.784722222222221,1,0,0,0,0
2012-04-01,1000,50.916666666666664,0.511,79.09375,8.527777777777777,1,1,1,0,1
2012-04-02,828,55.104166666666664,0.0,57.75,11.229166666666666,1,0,0,0,0
2012-04-03,884,55.895833333333336,0.0,57.479166666666664,10.229166666666666,0,0,0,0,0
2012-04-04,865,50.416666666666664,0.0,48.270833333333336,15.729166666666666,0,0,0,0,0
2012-04-05,881,43.875,0.0,61.4375,15.708333333333334,0,0,0,0,0
2012-04-06,903,44.520833333333336,0.0,54.104166666666664,9.833333333333334,0,0,0,0,0
2012-04-07,975,54.541666666666664,0.002,46.520833333333336,7.041666666666667,1,1,1,0,0
2012-04-08,820,54.458333333333336,0.0,47.520833333333336,12.145833333333334,0,0,0,0,0
2012-04-09,918,53.270833333333336,0.004,37.75,14.5625,1,1,1,0,0
2012-04-10,844,39.625,0.0,41.1875,12.416666666666666,0,0,0,0,0
2012-04-11,920,41.9375,0.0,52.625,7.583333333333333,0,0,0,0,0
2012-04-12,923,49.125,0.0,47.583333333333336,5.229166666666667,0,0,0,0,0
2012-04-13,939,55.916666666666664,0.001,39.1875,11.5,0,1,0,0,0
2012-04-14,944,59.17222222222222,0.881,76.20833333333333,7.426388888888888,1,1,1,0,1
2012-04-15,977,68.6701388888889,0.843,74.03125,15.652777777777777,1,1,1,0,1
2012-04-16,931,53.541666666666664,0.024,65.85416666666667,19.479166666666668,1,1,1,0,0
2012-04-17,959,47.458333333333336,0.0,62.729166666666664,7.0,0,0,0,0,0
2012-04-18,879,59.354166666666664,0.043000000000000003,53.166666666666664,11.375,1,1,1,0,0
2012-04-19,961,53.458333333333336,0.001,71.28472222222221,8.57638888888889,0,1,0,0,0
2012-04-20,917,45.0,0.024,79.88888888888889,14.465277777777779,1,1,1,0,0
2012-04-21,876,43.895833333333336,0.0,60.291666666666664,8.854166666666666,0,0,0,0,0
2012-04-22,824,45.708333333333336,0.0,47.375,14.583333333333334,0,0,0,0,0
2012-04-23,935,47.625,0.0,38.458333333333336,9.354166666666666,0,0,0,0,0
2012-04-24,896,53.020833333333336,0.0,34.6875,6.229166666666667,0,0,0,0,0
2012-04-25,952,55.375,0.05800000000000001,68.39583333333333,8.0,1,1,1,0,0
2012-04-26,925,47.708333333333336,0.0,68.79166666666667,13.020833333333334,1,0,0,0,0
2012-04-27,963,44.875,0.002,49.270833333333336,11.416666666666666,1,1,1,0,0
2012-04-28,878,46.95138888888889,0.202,68.33333333333333,15.506944444444445,1,1,1,0,0
2012-04-29,803,50.916666666666664,0.12400000000000001,65.10416666666667,10.041666666666666,1,1,1,0,0
2012-04-30,869,56.62152777777778,0.44500000000000006,83.71527777777779,4.652777777777778,1,1,1,0,0
2012-05-01,1066,58.68985507246377,0.324,82.03550724637682,7.17638888888889,1,1,1,0,0
2012-05-02,997,70.77083333333333,0.001,70.70833333333333,9.625,1,1,1,0,0
2012-05-03,981,77.1875,0.07400000000000001,66.10416666666667,13.270833333333334,1,1,1,0,1
2012-05-04,1031,61.830555555555556,0.28,80.67916666666667,9.879166666666666,1,1,1,0,1
2012-05-05,950,57.416666666666664,0.0,85.75,7.659722222222222,1,0,0,0,0
2012-05-06,844,60.298611111111114,0.492,81.52777777777779,7.142361111111112,1,1,1,0,1
2012-05-07,973,58.30555555555555,0.603,92.00694444444446,5.041666666666667,1,1,1,0,1
2012-05-08,1025,61.4375,0.01,59.333333333333336,8.805555555555555,1,1,0,0,0
2012-05-09,977,53.666666666666664,0.002,66.20833333333333,7.75,1,1,1,0,0
2012-05-10,916,55.708333333333336,0.0,47.041666666666664,6.083333333333333,0,0,0,0,0
2012-05-11,998,65.75,0.0,37.270833333333336,9.666666666666666,0,0,0,0,0
2012-05-12,932,57.44444444444445,0.255,66.66666666666667,8.840277777777777,1,1,1,0,1
2012-05-13,819,60.291666666666664,0.0,38.9375,9.0625,0,0,0,0,0
2012-05-14,1004,65.20833333333333,0.0,36.6875,4.416666666666667,0,0,0,0,0
2012-05-15,1041,71.91666666666667,0.002,38.34375,11.927083333333334,1,1,1,0,1
2012-05-16,947,57.125,0.0,41.625,12.5625,0,0,0,0,0
2012-05-17,954,61.520833333333336,0.0,45.791666666666664,6.3125,0,0,0,0,0
2012-05-18,978,70.66666666666667,0.0,32.479166666666664,8.395833333333334,0,0,0,0,0
2012-05-19,932,78.27083333333333,0.0,40.75,8.520833333333334,0,0,0,0,0
2012-05-20,956,79.2013888888889,0.15100000000000002,50.40277777777778,11.041666666666666,1,1,1,0,1
2012-05-21,886,60.25,0.0,56.5,13.354166666666666,0,0,0,0,0
2012-05-22,950,59.875,0.0,52.479166666666664,7.916666666666667,0,0,0,0,0
2012-05-23,1072,68.20833333333333,0.0,43.708333333333336,6.708333333333333,0,0,0,0,0
2012-05-24,1023,79.0,0.0,41.166666666666664,15.041666666666666,0,0,0,0,0
2012-05-25,1083,71.0625,0.0,47.229166666666664,10.645833333333334,0,0,0,0,0
2012-05-26,911,71.29166666666667,0.0,54.1875,11.208333333333334,0,0,0,0,0
2012-05-27,927,85.125,0.0,42.75,10.6875,0,0,0,0,0
2012-05-28,1030,84.25,0.02,45.166666666666664,14.791666666666666,1,1,1,0,0
2012-05-29,1094,74.8125,0.001,36.895833333333336,11.583333333333334,0,1,0,0,0
2012-05-30,985,60.791666666666664,0.0,57.8125,10.583333333333334,1,0,0,0,0
2012-05-31,829,51.49166666666667,0.9750000000000001,79.60625,13.043750000000001,1,1,1,0,0
2012-06-01,1226,54.180555555555564,0.031,71.04166666666667,10.340277777777777,1,1,1,0,0
2012-06-02,944,63.5,0.0,57.729166666666664,12.083333333333334,0,0,0,0,0
2012-06-03,991,70.20833333333333,0.001,50.5,9.333333333333334,0,1,0,0,0
2012-06-04,980,66.89583333333333,0.0,49.583333333333336,8.8125,0,0,0,0,0
2012-06-05,950,62.895833333333336,0.0,61.583333333333336,10.166666666666666,0,0,0,0,0
2012-06-06,1025,66.04166666666667,0.0,51.895833333333336,5.729166666666667,0,0,0,0,0
2012-06-07,991,68.9375,0.0,44.1875,5.75,0,0,0,0,0
2012-06-08,1114,75.54166666666667,0.0,39.041666666666664,7.333333333333333,0,0,0,0,0
2012-06-09,1049,79.375,0.0,37.4375,10.479166666666666,0,0,0,0,0
2012-06-10,1008,82.04166666666667,0.0,40.645833333333336,10.625,0,0,0,0,0
2012-06-11,1067,79.8125,0.0,56.895833333333336,11.0625,0,0,0,0,0
2012-06-12,1090,68.79166666666667,0.0,45.6875,10.958333333333334,0,0,0,0,0
2012-06-13,1076,64.66666666666667,0.0,51.75,8.395833333333334,0,0,0,0,0
2012-06-14,979,73.04166666666667,0.0,44.333333333333336,8.3125,0,0,0,0,0
2012-06-15,1083,81.16666666666667,0.0,31.416666666666668,8.604166666666666,0,0,0,0,0
2012-06-16,1062,80.70833333333333,0.38,51.645833333333336,12.625,1,1,1,0,1
2012-06-17,946,76.5625,0.152,60.354166666666664,7.729166666666667,1,1,1,0,0
2012-06-18,1068,83.27083333333333,0.0,55.145833333333336,17.145833333333332,0,0,0,0,0
2012-06-19,1004,84.75,0.0,51.75,13.854166666666666,0,0,0,0,0
2012-06-20,1098,84.6875,0.0,46.895833333333336,15.083333333333334,0,0,0,0,0
2012-06-21,1056,77.89583333333333,0.03,54.041666666666664,9.458333333333334,1,1,1,0,0
2012-06-22,1120,74.64583333333333,0.0,46.125,5.770833333333333,0,0,0,0,0
2012-06-23,1128,75.85416666666667,0.0,51.3125,4.729166666666667,0,0,0,0,0
2012-06-24,1077,79.69444444444444,0.0,48.4375,8.041666666666666,0,0,0,0,0
2012-06-25,965,68.83333333333333,0.0,48.8125,15.708333333333334,0,0,0,0,0
2012-06-26,957,71.8125,0.0,48.75,6.520833333333333,0,0,0,0,0
2012-06-27,1047,79.5,0.0,39.6875,11.395833333333334,0,0,0,0,0
2012-06-28,939,87.32291666666667,0.21000000000000002,53.479166666666664,10.96875,1,1,1,0,1
2012-06-29,1045,80.54861111111111,0.281,55.986111111111114,7.951388888888889,1,1,1,0,1
2012-06-30,1011,79.45833333333333,0.002,70.22916666666667,7.333333333333333,0,1,0,0,0
2012-07-01,1191,79.88055555555555,0.77,68.74305555555556,5.555555555555556,1,1,1,0,1
2012-07-02,1056,86.04166666666667,0.0,59.875,6.354166666666667,0,0,0,0,0
2012-07-03,1060,86.9375,0.0,51.875,10.104166666666666,0,0,0,0,0
2012-07-04,1045,90.54166666666667,0.0,50.833333333333336,8.791666666666666,0,0,0,0,0
2012-07-05,1010,90.4375,0.002,49.416666666666664,7.020833333333333,1,1,1,0,1
2012-07-06,1027,92.8125,0.0,51.0625,6.9375,0,0,0,0,0
2012-07-07,1063,83.22916666666667,0.0,59.958333333333336,10.916666666666666,0,0,0,0,0
2012-07-08,1093,78.72916666666667,0.0,47.104166666666664,13.291666666666666,0,0,0,0,0
2012-07-09,1065,78.22916666666667,0.0,51.979166666666664,7.125,0,0,0,0,0
2012-07-10,1054,76.22916666666667,0.0,52.125,10.854166666666666,0,0,0,0,0
2012-07-11,1030,77.91666666666667,0.0,50.875,8.604166666666666,0,0,0,0,0
2012-07-12,1040,81.08333333333333,0.0,40.1875,9.291666666666666,0,0,0,0,0
2012-07-13,1084,80.43055555555556,0.003,55.979166666666664,6.402777777777779,1,1,1,0,1
2012-07-14,1054,78.00694444444444,0.003,68.81944444444444,5.020833333333333,1,1,1,0,1
2012-07-15,1125,82.45833333333333,0.0,59.583333333333336,6.645833333333333,0,0,0,0,0
2012-07-16,988,87.64583333333333,0.0,50.3125,8.875,0,0,0,0,0
2012-07-17,1004,89.97916666666667,0.0,47.666666666666664,9.145833333333334,0,0,0,0,0
2012-07-18,978,81.98333333333333,0.553,70.35277777777777,8.802777777777779,1,1,1,0,1
2012-07-19,921,76.44444444444444,1.1720000000000002,80.33472222222223,9.811111111111112,1,1,1,0,1
2012-07-20,1072,75.68055555555556,0.003,61.29861111111111,11.166666666666666,1,1,1,0,0
2012-07-21,1065,80.10416666666667,0.0,57.729166666666664,4.333333333333333,0,0,0,0,0
2012-07-22,985,82.5625,0.011,57.270833333333336,6.625,0,1,0,0,0
2012-07-23,988,89.10416666666667,0.011,48.104166666666664,10.875,0,1,0,0,0
2012-07-24,968,80.21944444444445,0.371,63.8125,7.679166666666667,1,1,1,0,1
2012-07-25,1012,86.97916666666667,0.0,52.4375,11.958333333333334,0,0,0,0,0
2012-07-26,976,80.20833333333334,0.07300000000000001,70.1388888888889,8.777777777777779,1,1,0,0,1
2012-07-27,1040,76.78472222222221,0.012,66.18055555555556,9.0625,0,1,0,0,0
2012-07-28,1044,76.375,0.0,57.3125,8.75,0,0,0,0,0
2012-07-29,1017,78.77083333333333,0.0,50.791666666666664,6.083333333333333,0,0,0,0,0
2012-07-30,999,84.375,0.0,46.0625,7.416666666666667,0,0,0,0,0
2012-07-31,933,78.86458333333333,0.171,63.444444444444436,8.555555555555555,1,1,0,0,1
2012-08-01,1108,80.5,0.0,56.958333333333336,4.791666666666667,0,0,0,0,0
2012-08-02,1019,81.83333333333333,0.0,50.708333333333336,7.020833333333333,0,0,0,0,0
2012-08-03,1061,85.0625,0.0,53.166666666666664,5.895833333333333,0,0,0,0,0
2012-08-04,1000,80.89699074074075,1.02,67.63194444444444,7.4282407407407405,1,1,1,0,1
2012-08-05,962,77.35416666666667,0.0,56.020833333333336,8.25,0,0,0,0,0
2012-08-06,962,76.6875,0.0,49.770833333333336,4.625,0,0,0,0,0
2012-08-07,952,81.83333333333333,0.0,48.166666666666664,7.354166666666667,0,0,0,0,0
2012-08-08,974,78.16666666666667,0.012,59.791666666666664,8.375,1,1,1,0,0
2012-08-09,936,71.89583333333333,0.007,70.5625,9.125,1,1,1,0,1
2012-08-10,914,68.82777777777778,0.423,62.59861111111112,14.593055555555553,1,1,1,0,1
2012-08-11,994,69.04166666666667,0.0,55.145833333333336,8.0625,0,0,0,0,0
2012-08-12,945,70.77083333333333,0.0,56.479166666666664,4.770833333333333,0,0,0,0,0
2012-08-13,868,65.79861111111111,0.365,83.6388888888889,2.204861111111111,1,1,1,0,0
2012-08-14,961,71.54166666666667,0.011,69.25,4.020833333333333,1,1,0,0,0
2012-08-15,1063,77.08333333333333,0.002,56.145833333333336,6.5625,0,1,0,0,0
2012-08-16,937,72.11111111111111,0.312,68.45833333333333,9.444444444444445,1,1,1,0,1
2012-08-17,964,67.77083333333333,0.0,58.0625,6.416666666666667,0,0,0,0,0
2012-08-18,986,68.9375,0.0,49.020833333333336,5.291666666666667,0,0,0,0,0
2012-08-19,940,70.79166666666667,0.0,47.125,4.4375,0,0,0,0,0
2012-08-20,893,67.59027777777779,0.532,64.76388888888889,3.8611111111111107,1,1,1,0,1
2012-08-21,921,69.16666666666667,0.0,56.0,4.5,0,0,0,0,0
2012-08-22,890,73.83333333333333,0.0,47.458333333333336,5.25,0,0,0,0,0
2012-08-23,1031,80.47916666666667,0.0,41.291666666666664,7.104166666666667,0,0,0,0,0
2012-08-24,1032,82.625,0.0,41.395833333333336,8.020833333333334,0,0,0,0,0
2012-08-25,1081,83.77083333333333,0.0,40.625,8.125,0,0,0,0,0
2012-08-26,905,73.72777777777777,3.6729999999999996,76.00625000000001,7.820833333333334,1,1,1,0,1
2012-08-27,902,76.97222222222221,0.0,63.479166666666664,6.090277777777778,1,0,0,0,0
2012-08-28,953,74.875,0.0,62.270833333333336,5.708333333333333,0,0,0,0,0
2012-08-29,955,76.54166666666667,0.0,55.208333333333336,5.208333333333333,0,0,0,0,0
2012-08-30,929,80.0625,0.0,46.583333333333336,9.479166666666666,0,0,0,0,0
2012-08-31,1015,81.60416666666667,0.0,55.125,10.145833333333334,0,0,0,0,0
2012-09-01,1183,75.34722222222221,0.29000000000000004,77.40972222222223,10.680555555555557,1,1,1,0,0
2012-09-02,895,77.39583333333333,0.0,77.90972222222221,12.211805555555557,0,0,0,0,0
2012-09-03,890,79.77083333333333,0.0,70.60416666666667,6.125,0,0,0,0,0
2012-09-04,914,78.99583333333334,0.511,70.68055555555556,7.081944444444445,1,1,1,0,1
2012-09-05,861,75.94791666666667,0.22,66.63541666666667,6.614583333333333,1,1,1,0,1
2012-09-06,1018,76.97916666666667,0.0,60.041666666666664,5.520833333333333,0,0,0,0,0
2012-09-07,960,69.97916666666667,0.202,69.10416666666667,8.979166666666666,1,1,1,0,0
2012-09-08,985,64.625,0.23,58.104166666666664,10.666666666666666,1,1,1,0,0
2012-09-09,910,63.84375,0.0,64.99652777777779,9.23263888888889,0,0,0,0,0
2012-09-10,882,67.41666666666667,0.0,50.520833333333336,5.020833333333333,0,0,0,0,0
2012-09-11,913,72.5625,0.0,48.666666666666664,10.395833333333334,0,0,0,0,0
2012-09-12,936,75.39583333333333,0.0,49.541666666666664,9.666666666666666,0,0,0,0,0
2012-09-13,868,64.5625,0.131,71.84027777777779,9.861111111111112,1,1,1,0,0
2012-09-14,997,64.5,0.001,53.479166666666664,6.020833333333333,0,1,0,0,0
2012-09-15,1013,67.16666666666667,0.0,45.895833333333336,3.5,0,0,0,0,0
2012-09-16,897,68.10416666666667,0.0,46.583333333333336,5.25,0,0,0,0,0
2012-09-17,901,66.84375,0.191,69.11458333333333,8.90625,1,1,1,0,1
2012-09-18,832,56.041666666666664,0.0,52.4375,12.041666666666666,0,0,0,0,0
2012-09-19,914,61.479166666666664,0.0,44.875,13.854166666666666,0,0,0,0,0
2012-09-20,920,63.895833333333336,0.0,41.916666666666664,9.145833333333334,0,0,0,0,0
2012-09-21,999,55.854166666666664,0.136,68.20833333333333,6.506944444444444,1,1,1,0,0
2012-09-22,871,52.70138888888889,0.012,64.02777777777777,11.111111111111112,1,1,1,0,0
2012-09-23,827,51.875,0.0,54.541666666666664,6.291666666666667,0,0,0,0,0
2012-09-24,869,58.0625,0.0,42.375,11.020833333333334,0,0,0,0,0
2012-09-25,922,65.64583333333333,0.0,60.520833333333336,7.895833333333333,1,0,0,0,0
2012-09-26,934,62.94444444444446,0.0,66.79166666666667,9.944444444444445,1,0,0,0,0
2012-09-27,839,58.708333333333336,0.0,61.020833333333336,8.0625,0,0,0,0,0
2012-09-28,983,59.145833333333336,0.0,68.01041666666667,8.211805555555555,0,0,0,0,0
2012-09-29,970,62.166666666666664,0.0,59.22222222222223,5.430555555555556,0,0,0,0,0
2012-09-30,869,59.104166666666664,0.0,63.979166666666664,8.729166666666666,0,0,0,0,0
2012-10-01,1056,58.895833333333336,0.0,61.416666666666664,4.833333333333333,0,0,0,0,0
2012-10-02,907,64.60416666666667,0.0,58.5,11.645833333333334,0,0,0,0,0
2012-10-03,920,63.732638888888886,0.044,78.08680555555556,6.670138888888889,1,1,1,0,0
2012-10-04,880,63.25,0.09999999999999999,64.91666666666667,12.791666666666666,1,1,1,0,0
2012-10-05,915,47.020833333333336,0.004,51.895833333333336,10.291666666666666,1,1,1,0,0
2012-10-06,807,43.770833333333336,0.0,50.0625,8.645833333333334,0,0,0,0,0
2012-10-07,770,44.354166666666664,0.0,45.833333333333336,7.020833333333333,0,0,0,0,0
2012-10-08,901,48.979166666666664,0.0,44.5,11.020833333333334,0,0,0,0,0
2012-10-09,892,54.388888888888886,0.182,54.02777777777778,14.368055555555555,1,1,1,0,0
2012-10-10,962,45.0625,0.0,58.65277777777778,11.381944444444443,0,0,0,0,0
2012-10-11,866,52.6875,0.003,49.208333333333336,12.833333333333334,1,1,1,0,0
2012-10-12,964,48.375,0.002,51.708333333333336,9.666666666666666,1,1,1,0,0
2012-10-13,875,57.80902777777778,0.484,74.09375,11.114583333333334,1,1,1,0,0
2012-10-14,860,61.166666666666664,0.543,82.1423611111111,14.802083333333334,1,1,1,0,1
2012-10-15,939,50.84027777777777,0.0,65.83333333333333,8.361111111111112,0,0,0,0,0
2012-10-16,874,58.75,0.0,57.041666666666664,12.5,0,0,0,0,0
2012-10-17,956,61.989583333333336,0.483,69.61111111111111,15.298611111111112,1,1,1,0,0
2012-10-18,898,49.375,0.134,70.57291666666667,14.583333333333334,1,1,1,0,0
2012-10-19,943,47.333333333333336,0.154,81.01041666666667,7.052083333333333,1,1,1,0,0
2012-10-20,962,48.645833333333336,0.0,71.85416666666667,6.9375,0,0,0,0,0
2012-10-21,928,55.9375,0.0,66.33333333333333,5.5,0,0,0,0,0
2012-10-22,839,61.97222222222223,0.28400000000000003,80.10416666666667,6.659722222222222,1,1,1,0,0
2012-10-23,893,64.13194444444444,0.035,86.41666666666667,5.805555555555556,1,1,1,0,0
2012-10-24,1019,69.89583333333333,0.0,72.08333333333333,10.75,0,0,0,0,0
2012-10-25,851,65.0625,0.452,70.36805555555556,16.45138888888889,1,1,1,0,1
2012-10-26,963,44.333333333333336,0.0,54.708333333333336,10.0625,0,0,0,0,0
2012-10-27,861,42.708333333333336,0.0,56.395833333333336,10.9375,0,0,0,0,0
2012-10-28,827,45.395833333333336,0.005,56.8125,14.645833333333334,1,1,1,0,0
2012-10-29,833,44.208333333333336,0.0,59.104166666666664,16.3125,0,0,0,0,0
2012-10-30,873,43.479166666666664,0.0,49.229166666666664,19.5,0,0,0,0,0
2012-10-31,951,41.6875,0.0,53.375,12.583333333333334,0,0,0,0,0
2012-11-01,1075,44.708333333333336,0.0,43.166666666666664,8.270833333333334,0,0,0,0,0
2012-11-02,932,42.29861111111111,0.0,60.958333333333336,8.715277777777777,0,0,0,0,0
2012-11-03,802,42.84722222222222,0.0,66.80555555555556,8.097222222222223,0,0,0,0,0
2012-11-04,731,41.145833333333336,0.0,66.16666666666667,6.5,0,0,0,0,0
2012-11-05,891,40.1875,0.0,67.1875,5.854166666666667,0,0,0,0,0
2012-11-06,786,37.77916666666667,0.11199999999999999,78.175,6.054166666666667,1,1,1,0,0
2012-11-07,875,44.291666666666664,0.014000000000000002,74.49305555555556,3.2361111111111107,1,1,1,0,0
2012-11-08,853,43.868055555555564,0.0,73.33333333333333,5.895833333333333,1,0,0,0,0
2012-11-09,1001,49.5,0.0,68.1875,6.166666666666667,1,0,0,0,0
2012-11-10,977,60.864583333333336,0.361,63.635416666666664,12.052083333333334,1,1,1,0,1
2012-11-11,884,59.99375,0.3,66.57569444444444,17.58263888888889,1,1,1,0,0
2012-11-12,795,34.104166666666664,0.036000000000000004,63.71527777777778,17.07638888888889,1,1,1,1,0
2012-11-13,826,33.0,0.0,54.9375,5.25,0,0,0,0,0
2012-11-14,847,37.458333333333336,0.0,56.833333333333336,5.625,0,0,0,0,0
2012-11-15,948,38.958333333333336,0.0,62.083333333333336,3.125,0,0,0,0,0
2012-11-16,941,42.875,0.0,58.291666666666664,2.4375,0,0,0,0,0
2012-11-17,875,43.520833333333336,0.0,60.583333333333336,4.1875,1,0,0,0,0
2012-11-18,849,46.666666666666664,0.0,55.229166666666664,5.125,1,0,0,0,0
2012-11-19,867,50.8125,0.043000000000000003,55.25,6.395833333333333,1,1,1,0,0
2012-11-20,925,50.65972222222222,0.001,74.20138888888889,3.6458333333333335,1,1,0,0,0
2012-11-21,892,47.09444444444444,0.0,83.46527777777777,5.632638888888889,1,0,0,0,0
2012-11-22,660,53.895833333333336,0.171,70.4375,14.9375,1,1,1,0,0
2012-11-23,787,33.32638888888889,0.0,57.479166666666664,17.45138888888889,0,0,0,0,0
2012-11-24,838,29.3125,0.0,58.3125,8.541666666666666,0,0,0,0,0
2012-11-25,814,36.229166666666664,0.0,58.041666666666664,7.208333333333333,0,0,0,0,0
2012-11-26,799,32.416666666666664,0.0,51.9375,8.375,0,0,0,0,0
2012-11-27,809,28.020833333333332,0.0,45.395833333333336,7.875,0,0,0,0,0
2012-11-28,858,36.229166666666664,0.0,49.854166666666664,7.020833333333333,0,0,0,0,0
2012-11-29,917,42.770833333333336,0.0,57.458333333333336,8.458333333333334,0,0,0,0,0
2012-11-30,991,45.145833333333336,0.0,63.729166666666664,4.791666666666667,1,0,0,0,0
2012-12-01,1059,50.333333333333336,0.0,75.41666666666667,9.284722222222223,1,0,0,0,0
2012-12-02,842,56.62152777777777,0.011,77.46180555555556,6.958333333333333,1,1,1,0,0
2012-12-03,934,61.71111111111111,0.012,80.41805555555557,13.330555555555556,1,1,1,0,0
2012-12-04,917,52.9375,0.003,47.666666666666664,10.833333333333334,0,1,0,0,0
2012-12-05,862,35.833333333333336,0.0,59.25,8.5,0,0,0,0,0
2012-12-06,876,40.541666666666664,0.001,69.02083333333333,8.041666666666666,0,1,0,0,0
2012-12-07,899,44.15972222222222,0.08800000000000001,79.22916666666667,6.888888888888889,1,1,1,0,0
2012-12-08,778,40.45833333333333,0.095,77.18402777777779,11.295138888888891,1,1,1,1,0
2012-12-09,761,39.31250000000001,0.165,85.47916666666667,8.777777777777779,1,1,1,0,0
2012-12-10,854,32.54861111111111,0.005,76.30555555555556,10.395833333333334,1,1,1,1,0
2012-12-11,826,30.8125,0.003,67.72916666666667,9.895833333333334,1,1,0,1,0
2012-12-12,914,36.354166666666664,0.0,60.5625,9.5625,0,0,0,0,0
2012-12-13,810,39.833333333333336,0.0,57.75,11.833333333333334,0,0,0,0,0
2012-12-14,955,40.6875,0.0,62.041666666666664,4.833333333333333,0,0,0,0,0
2012-12-15,859,46.458333333333336,0.21500000000000002,76.2986111111111,11.097222222222223,1,1,1,0,0
2012-12-16,790,43.9375,0.006,80.24305555555556,10.17361111111111,1,1,1,0,0
2012-12-17,829,38.53125,0.0,71.57291666666667,4.645833333333333,1,0,0,0,0
2012-12-18,852,37.15972222222222,0.003,74.9548611111111,8.701388888888888,1,1,1,0,0
2012-12-19,877,38.00694444444444,0.044000000000000004,76.15972222222221,7.909722222222221,1,1,1,0,0
2012-12-20,828,42.16458333333333,1.145,84.87986111111111,16.757638888888888,1,1,1,1,0
2012-12-21,779,27.229166666666668,0.007,70.16666666666667,19.3125,1,1,0,1,0
2012-12-22,732,25.625,0.0,67.10416666666667,5.979166666666667,0,0,0,0,0
2012-12-23,764,30.5,0.0,74.91666666666667,6.333333333333333,0,0,0,0,0
2012-12-24,709,32.770833333333336,0.004,71.07638888888889,10.055555555555555,1,1,0,1,0
2012-12-25,522,30.520833333333332,0.009000000000000001,70.2638888888889,11.381944444444443,1,1,0,1,0
2012-12-26,621,32.541666666666664,0.003,65.35416666666667,18.833333333333332,1,1,0,1,0
2012-12-27,684,30.8125,0.007,75.88194444444444,8.444444444444445,1,1,0,1,0
2012-12-28,856,31.36111111111111,0.011,79.95138888888889,5.361111111111111,1,1,0,1,0
2012-12-29,806,28.0625,0.015000000000000003,77.17708333333333,12.333333333333334,1,1,0,1,0
2012-12-30,707,26.020833333333332,0.0,68.70833333333333,10.270833333333334,0,0,0,0,0
2012-12-31,740,30.979166666666668,0.0,65.04166666666667,11.145833333333334,0,0,0,0,0
